#VRML V2.0 utf8
# 3D model generated by easyeda2kicad.py (https://github.com/uPesy/easyeda2kicad.py)

Shape{
    appearance Appearance {
        material  Material 	{
            diffuseColor 0.0 0.0 1.0
            specularColor 0.0 0.0 0.5019607843137255
            ambientIntensity 0.114
            transparency 0.0
            shininess 0.5
        }
    }
    geometry IndexedFaceSet {
        ccw TRUE
        solid FALSE
        coord DEF co Coordinate {
            point [
                0.315 0.1574 0.315, 0.315 -0.1575 0.315, 0.315 0.1574 0.2756, 0.315 -0.1575 0.2756, -0.315 0.1574 0.315, -0.315 0.1574 0.2756, -0.315 -0.1575 0.315, -0.315 -0.1575 0.2756
            ]
        }
        coordIndex [
            0,1,2,-1,2,1,3,-1,4,0,5,-1,5,0,2,-1,6,4,7,-1,7,4,5,-1,1,6,3,-1,3,6,7,-1,4,6,0,-1,0,6,1,-1,7,5,3,-1,3,5,2,-1,
        ]
    }
}
Shape{
    appearance Appearance {
        material  Material 	{
            diffuseColor 1.0 1.0 1.0
            specularColor 0.5019607843137255 0.5019607843137255 0.5019607843137255
            ambientIntensity 1.0
            transparency 0.0
            shininess 0.5
        }
    }
    geometry IndexedFaceSet {
        ccw TRUE
        solid FALSE
        coord DEF co Coordinate {
            point [
                -0.315 -0.1575 0.0118, -0.315 -0.1575 0.0394, -0.315 0.1574 0.0118, -0.315 0.1574 0.0394, -0.1969 0.1574 0.0118, -0.1969 0.1574 0.0394, -0.1969 -0.1575 0.0118, -0.1969 -0.1575 0.0394, -0.3031 -0.1457 0.0, -0.3031 0.1456 0.0, -0.2087 -0.1457 0.0, -0.2087 0.1456 0.0, -0.1993 0.155 0.0046, -0.2003 0.154 0.0035, -0.3115 0.154 0.0035, -0.2028 0.1515 0.0016, -0.3091 0.1515 0.0016, -0.2056 0.1487 0.0004, -0.3062 0.1487 0.0004, -0.3146 0.157 0.0088, -0.1977 0.1565 0.0073, -0.3141 0.1565 0.0073, -0.1984 0.1558 0.0059, -0.3134 0.1558 0.0059, -0.3125 0.155 0.0046, -0.3149 0.1573 0.0103, -0.197 0.1573 0.0103, -0.1973 0.157 0.0088, -0.2056 -0.1488 0.0004, -0.2028 -0.1516 0.0016, -0.2003 -0.1541 0.0035, -0.1993 -0.1551 0.0046, -0.1984 -0.1559 0.0059, -0.1977 -0.1566 0.0073, -0.1973 -0.1571 0.0088, -0.197 -0.1574 0.0103, -0.3149 -0.1574 0.0103, -0.3146 -0.1571 0.0088, -0.3141 -0.1566 0.0073, -0.3134 -0.1559 0.0059, -0.3125 -0.1551 0.0046, -0.3115 -0.1541 0.0035, -0.3091 -0.1516 0.0016, -0.3062 -0.1488 0.0004
            ]
        }
        coordIndex [
            0,1,2,-1,2,1,3,-1,2,3,4,-1,4,3,5,-1,4,5,6,-1,6,5,7,-1,6,7,0,-1,0,7,1,-1,8,9,10,-1,10,9,11,-1,7,5,1,-1,1,5,3,-1,12,13,14,-1,14,13,15,-1,14,15,16,-1,16,15,17,-1,16,17,18,-1,18,17,11,-1,18,11,9,-1,19,20,21,-1,21,20,22,-1,21,22,23,-1,23,22,12,-1,23,12,24,-1,24,12,14,-1,2,4,25,-1,25,4,26,-1,25,26,19,-1,19,26,27,-1,19,27,20,-1,10,11,17,-1,10,17,28,-1,28,17,15,-1,28,15,29,-1,29,15,13,-1,29,13,30,-1,30,13,31,-1,31,13,12,-1,31,12,32,-1,32,12,22,-1,32,22,33,-1,33,22,20,-1,33,20,34,-1,20,27,34,-1,34,27,26,-1,34,26,35,-1,35,26,4,-1,35,4,6,-1,0,2,36,-1,36,2,25,-1,36,25,37,-1,25,19,37,-1,37,19,21,-1,37,21,38,-1,38,21,23,-1,38,23,39,-1,39,23,24,-1,39,24,40,-1,40,24,41,-1,24,14,41,-1,41,14,16,-1,41,16,42,-1,42,16,18,-1,42,18,43,-1,43,18,9,-1,43,9,8,-1,8,10,28,-1,8,28,43,-1,43,28,29,-1,43,29,42,-1,42,29,30,-1,42,30,41,-1,41,30,40,-1,40,30,31,-1,40,31,39,-1,39,31,32,-1,39,32,38,-1,38,32,33,-1,38,33,37,-1,33,34,37,-1,37,34,35,-1,37,35,36,-1,36,35,6,-1,36,6,0,-1,
        ]
    }
}
Shape{
    appearance Appearance {
        material  Material 	{
            diffuseColor 0.7529411764705882 0.7529411764705882 0.7529411764705882
            specularColor 0.3764705882352941 0.3764705882352941 0.3764705882352941
            ambientIntensity 0.7529
            transparency 0.0
            shininess 0.5
        }
    }
    geometry IndexedFaceSet {
        ccw TRUE
        solid FALSE
        coord DEF co Coordinate {
            point [
                0.1035 0.1102 0.1181, 0.1035 0.1102 0.1969, 0.1327 0.1102 0.1181, 0.1327 0.1102 0.1969, 0.1327 0.0708 0.0787, 0.1035 0.0708 0.0787, 0.1327 0.0764 0.0791, 0.1035 0.0764 0.0791, 0.1327 0.081 0.0801, 0.1035 0.081 0.0801, 0.1327 0.0819 0.0803, 0.1035 0.0819 0.0803, 0.1327 0.0872 0.0823, 0.1035 0.0872 0.0823, 0.1327 0.0905 0.0841, 0.1035 0.0905 0.0841, 0.1327 0.0921 0.085, 0.1035 0.0921 0.085, 0.1327 0.0966 0.0884, 0.1035 0.0966 0.0884, 0.1327 0.0986 0.0903, 0.1035 0.0986 0.0903, 0.1327 0.1006 0.0923, 0.1035 0.1006 0.0923, 0.1327 0.1039 0.0968, 0.1035 0.1039 0.0968, 0.1327 0.1048 0.0985, 0.1035 0.1048 0.0985, 0.1327 0.1066 0.1018, 0.1035 0.1066 0.1018, 0.1327 0.1086 0.107, 0.1035 0.1086 0.107, 0.1327 0.1088 0.1079, 0.1035 0.1088 0.1079, 0.1327 0.1098 0.1125, 0.1035 0.1098 0.1125, 0.1035 0.0708 0.2362, 0.1327 0.0708 0.2362, 0.1035 0.0764 0.2358, 0.1327 0.0764 0.2358, 0.1035 0.081 0.2348, 0.1327 0.081 0.2348, 0.1035 0.0819 0.2346, 0.1327 0.0819 0.2346, 0.1035 0.0872 0.2327, 0.1327 0.0872 0.2327, 0.1035 0.0905 0.2309, 0.1327 0.0905 0.2309, 0.1035 0.0921 0.23, 0.1327 0.0921 0.23, 0.1035 0.0966 0.2266, 0.1327 0.0966 0.2266, 0.1035 0.0986 0.2246, 0.1327 0.0986 0.2246, 0.1035 0.1006 0.2226, 0.1327 0.1006 0.2226, 0.1035 0.1039 0.2181, 0.1327 0.1039 0.2181, 0.1035 0.1048 0.2165, 0.1327 0.1048 0.2165, 0.1035 0.1066 0.2132, 0.1327 0.1066 0.2132, 0.1035 0.1086 0.2079, 0.1327 0.1086 0.2079, 0.1035 0.1088 0.207, 0.1327 0.1088 0.207, 0.1035 0.1098 0.2025, 0.1327 0.1098 0.2025, 0.1035 -0.0709 0.0787, 0.1327 -0.0709 0.0787, 0.1327 -0.1103 0.1181, 0.1035 -0.1103 0.1181, 0.1327 -0.1099 0.1125, 0.1035 -0.1099 0.1125, 0.1327 -0.1089 0.1079, 0.1035 -0.1089 0.1079, 0.1327 -0.1087 0.107, 0.1035 -0.1087 0.107, 0.1327 -0.1067 0.1018, 0.1035 -0.1067 0.1018, 0.1327 -0.1049 0.0985, 0.1035 -0.1049 0.0985, 0.1327 -0.104 0.0968, 0.1035 -0.104 0.0968, 0.1327 -0.1007 0.0923, 0.1035 -0.1007 0.0923, 0.1327 -0.0987 0.0903, 0.1035 -0.0987 0.0903, 0.1327 -0.0967 0.0884, 0.1035 -0.0967 0.0884, 0.1327 -0.0922 0.085, 0.1035 -0.0922 0.085, 0.1327 -0.0906 0.0841, 0.1035 -0.0906 0.0841, 0.1327 -0.0873 0.0823, 0.1035 -0.0873 0.0823, 0.1327 -0.082 0.0803, 0.1035 -0.082 0.0803, 0.1327 -0.0811 0.0801, 0.1035 -0.0811 0.0801, 0.1327 -0.0765 0.0791, 0.1035 -0.0765 0.0791, 0.1035 -0.1103 0.1969, 0.1327 -0.1103 0.1969, 0.1035 -0.1099 0.2025, 0.1327 -0.1099 0.2025, 0.1035 -0.1089 0.207, 0.1327 -0.1089 0.207, 0.1035 -0.1087 0.2079, 0.1327 -0.1087 0.2079, 0.1035 -0.1067 0.2132, 0.1327 -0.1067 0.2132, 0.1035 -0.1049 0.2165, 0.1327 -0.1049 0.2165, 0.1035 -0.104 0.2181, 0.1327 -0.104 0.2181, 0.1035 -0.1007 0.2226, 0.1327 -0.1007 0.2226, 0.1035 -0.0987 0.2246, 0.1327 -0.0987 0.2246, 0.1035 -0.0967 0.2266, 0.1327 -0.0967 0.2266, 0.1035 -0.0922 0.23, 0.1327 -0.0922 0.23, 0.1035 -0.0906 0.2309, 0.1327 -0.0906 0.2309, 0.1035 -0.0873 0.2327, 0.1327 -0.0873 0.2327, 0.1035 -0.082 0.2346, 0.1327 -0.082 0.2346, 0.1035 -0.0811 0.2348, 0.1327 -0.0811 0.2348, 0.1035 -0.0765 0.2358, 0.1327 -0.0765 0.2358, 0.1035 -0.0709 0.2362, 0.1327 -0.0709 0.2362, 0.0563 0.0708 0.2362, 0.0563 -0.0709 0.2362, 0.0855 0.0708 0.2362, 0.0855 -0.0709 0.2362, 0.0563 -0.1103 0.1969, 0.0855 -0.1103 0.1969, 0.0563 -0.1099 0.2025, 0.0855 -0.1099 0.2025, 0.0563 -0.1089 0.207, 0.0855 -0.1089 0.207, 0.0563 -0.1087 0.2079, 0.0855 -0.1087 0.2079, 0.0563 -0.1067 0.2132, 0.0855 -0.1067 0.2132, 0.0563 -0.1049 0.2165, 0.0855 -0.1049 0.2165, 0.0563 -0.104 0.2181, 0.0855 -0.104 0.2181, 0.0563 -0.1007 0.2226, 0.0855 -0.1007 0.2226, 0.0563 -0.0987 0.2246, 0.0855 -0.0987 0.2246, 0.0563 -0.0967 0.2266, 0.0855 -0.0967 0.2266, 0.0563 -0.0922 0.23, 0.0855 -0.0922 0.23, 0.0563 -0.0906 0.2309, 0.0855 -0.0906 0.2309, 0.0563 -0.0873 0.2327, 0.0855 -0.0873 0.2327, 0.0563 -0.082 0.2346, 0.0855 -0.082 0.2346, 0.0563 -0.0811 0.2348, 0.0855 -0.0811 0.2348, 0.0563 -0.0765 0.2358, 0.0855 -0.0765 0.2358, 0.0563 -0.1103 0.1181, 0.0855 -0.1103 0.1181, 0.0563 -0.0709 0.0787, 0.0855 -0.0709 0.0787, 0.0563 -0.0765 0.0791, 0.0855 -0.0765 0.0791, 0.0563 -0.0811 0.0801, 0.0855 -0.0811 0.0801, 0.0563 -0.082 0.0803, 0.0855 -0.082 0.0803, 0.0563 -0.0873 0.0823, 0.0855 -0.0873 0.0823, 0.0563 -0.0906 0.0841, 0.0855 -0.0906 0.0841, 0.0563 -0.0922 0.085, 0.0855 -0.0922 0.085, 0.0563 -0.0967 0.0884, 0.0855 -0.0967 0.0884, 0.0563 -0.0987 0.0903, 0.0855 -0.0987 0.0903, 0.0563 -0.1007 0.0923, 0.0855 -0.1007 0.0923, 0.0563 -0.104 0.0968, 0.0855 -0.104 0.0968, 0.0563 -0.1049 0.0985, 0.0855 -0.1049 0.0985, 0.0563 -0.1067 0.1018, 0.0855 -0.1067 0.1018, 0.0563 -0.1087 0.107, 0.0855 -0.1087 0.107, 0.0563 -0.1089 0.1079, 0.0855 -0.1089 0.1079, 0.0563 -0.1099 0.1125, 0.0855 -0.1099 0.1125, 0.0563 0.0708 0.0787, 0.0855 0.0708 0.0787, 0.0563 0.0764 0.2358, 0.0855 0.0764 0.2358, 0.0563 0.081 0.2348, 0.0855 0.081 0.2348, 0.0563 0.0819 0.2346, 0.0855 0.0819 0.2346, 0.0563 0.0872 0.2327, 0.0855 0.0872 0.2327, 0.0563 0.0905 0.2309, 0.0855 0.0905 0.2309, 0.0563 0.0921 0.23, 0.0855 0.0921 0.23, 0.0563 0.0966 0.2266, 0.0855 0.0966 0.2266, 0.0563 0.0986 0.2246, 0.0855 0.0986 0.2246, 0.0563 0.1006 0.2226, 0.0855 0.1006 0.2226, 0.0563 0.1039 0.2181, 0.0855 0.1039 0.2181, 0.0563 0.1048 0.2165, 0.0855 0.1048 0.2165, 0.0563 0.1066 0.2132, 0.0855 0.1066 0.2132, 0.0563 0.1086 0.2079, 0.0855 0.1086 0.2079, 0.0563 0.1088 0.207, 0.0855 0.1088 0.207, 0.0563 0.1098 0.2025, 0.0855 0.1098 0.2025, 0.0563 0.1102 0.1969, 0.0855 0.1102 0.1969, 0.0563 0.1102 0.1181, 0.0855 0.1102 0.1181, 0.0563 0.1098 0.1125, 0.0855 0.1098 0.1125, 0.0563 0.1088 0.1079, 0.0855 0.1088 0.1079, 0.0563 0.1086 0.107, 0.0855 0.1086 0.107, 0.0563 0.1066 0.1018, 0.0855 0.1066 0.1018, 0.0563 0.1048 0.0985, 0.0855 0.1048 0.0985, 0.0563 0.1039 0.0968, 0.0855 0.1039 0.0968, 0.0563 0.1006 0.0923, 0.0855 0.1006 0.0923, 0.0563 0.0986 0.0903, 0.0855 0.0986 0.0903, 0.0563 0.0966 0.0884, 0.0855 0.0966 0.0884, 0.0563 0.0921 0.085, 0.0855 0.0921 0.085, 0.0563 0.0905 0.0841, 0.0855 0.0905 0.0841, 0.0563 0.0872 0.0823, 0.0855 0.0872 0.0823, 0.0563 0.0819 0.0803, 0.0855 0.0819 0.0803, 0.0563 0.081 0.0801, 0.0855 0.081 0.0801, 0.0563 0.0764 0.0791, 0.0855 0.0764 0.0791, 0.009 0.1102 0.1181, 0.009 0.1102 0.1969, 0.0382 0.1102 0.1181, 0.0382 0.1102 0.1969, 0.0382 0.0708 0.0787, 0.009 0.0708 0.0787, 0.0382 0.0764 0.0791, 0.009 0.0764 0.0791, 0.0382 0.081 0.0801, 0.009 0.081 0.0801, 0.0382 0.0819 0.0803, 0.009 0.0819 0.0803, 0.0382 0.0872 0.0823, 0.009 0.0872 0.0823, 0.0382 0.0905 0.0841, 0.009 0.0905 0.0841, 0.0382 0.0921 0.085, 0.009 0.0921 0.085, 0.0382 0.0966 0.0884, 0.009 0.0966 0.0884, 0.0382 0.0986 0.0903, 0.009 0.0986 0.0903, 0.0382 0.1006 0.0923, 0.009 0.1006 0.0923, 0.0382 0.1039 0.0968, 0.009 0.1039 0.0968, 0.0382 0.1048 0.0985, 0.009 0.1048 0.0985, 0.0382 0.1066 0.1018, 0.009 0.1066 0.1018, 0.0382 0.1086 0.107, 0.009 0.1086 0.107, 0.0382 0.1088 0.1079, 0.009 0.1088 0.1079, 0.0382 0.1098 0.1125, 0.009 0.1098 0.1125, 0.009 0.0708 0.2362, 0.0382 0.0708 0.2362, 0.009 0.0764 0.2358, 0.0382 0.0764 0.2358, 0.009 0.081 0.2348, 0.0382 0.081 0.2348, 0.009 0.0819 0.2346, 0.0382 0.0819 0.2346, 0.009 0.0872 0.2327, 0.0382 0.0872 0.2327, 0.009 0.0905 0.2309, 0.0382 0.0905 0.2309, 0.009 0.0921 0.23, 0.0382 0.0921 0.23, 0.009 0.0966 0.2266, 0.0382 0.0966 0.2266, 0.009 0.0986 0.2246, 0.0382 0.0986 0.2246, 0.009 0.1006 0.2226, 0.0382 0.1006 0.2226, 0.009 0.1039 0.2181, 0.0382 0.1039 0.2181, 0.009 0.1048 0.2165, 0.0382 0.1048 0.2165, 0.009 0.1066 0.2132, 0.0382 0.1066 0.2132, 0.009 0.1086 0.2079, 0.0382 0.1086 0.2079, 0.009 0.1088 0.207, 0.0382 0.1088 0.207, 0.009 0.1098 0.2025, 0.0382 0.1098 0.2025, 0.009 -0.0709 0.0787, 0.0382 -0.0709 0.0787, 0.0382 -0.1103 0.1181, 0.009 -0.1103 0.1181, 0.0382 -0.1099 0.1125, 0.009 -0.1099 0.1125, 0.0382 -0.1089 0.1079, 0.009 -0.1089 0.1079, 0.0382 -0.1087 0.107, 0.009 -0.1087 0.107, 0.0382 -0.1067 0.1018, 0.009 -0.1067 0.1018, 0.0382 -0.1049 0.0985, 0.009 -0.1049 0.0985, 0.0382 -0.104 0.0968, 0.009 -0.104 0.0968, 0.0382 -0.1007 0.0923, 0.009 -0.1007 0.0923, 0.0382 -0.0987 0.0903, 0.009 -0.0987 0.0903, 0.0382 -0.0967 0.0884, 0.009 -0.0967 0.0884, 0.0382 -0.0922 0.085, 0.009 -0.0922 0.085, 0.0382 -0.0906 0.0841, 0.009 -0.0906 0.0841, 0.0382 -0.0873 0.0823, 0.009 -0.0873 0.0823, 0.0382 -0.082 0.0803, 0.009 -0.082 0.0803, 0.0382 -0.0811 0.0801, 0.009 -0.0811 0.0801, 0.0382 -0.0765 0.0791, 0.009 -0.0765 0.0791, 0.009 -0.1103 0.1969, 0.0382 -0.1103 0.1969, 0.009 -0.1099 0.2025, 0.0382 -0.1099 0.2025, 0.009 -0.1089 0.207, 0.0382 -0.1089 0.207, 0.009 -0.1087 0.2079, 0.0382 -0.1087 0.2079, 0.009 -0.1067 0.2132, 0.0382 -0.1067 0.2132, 0.009 -0.1049 0.2165, 0.0382 -0.1049 0.2165, 0.009 -0.104 0.2181, 0.0382 -0.104 0.2181, 0.009 -0.1007 0.2226, 0.0382 -0.1007 0.2226, 0.009 -0.0987 0.2246, 0.0382 -0.0987 0.2246, 0.009 -0.0967 0.2266, 0.0382 -0.0967 0.2266, 0.009 -0.0922 0.23, 0.0382 -0.0922 0.23, 0.009 -0.0906 0.2309, 0.0382 -0.0906 0.2309, 0.009 -0.0873 0.2327, 0.0382 -0.0873 0.2327, 0.009 -0.082 0.2346, 0.0382 -0.082 0.2346, 0.009 -0.0811 0.2348, 0.0382 -0.0811 0.2348, 0.009 -0.0765 0.2358, 0.0382 -0.0765 0.2358, 0.009 -0.0709 0.2362, 0.0382 -0.0709 0.2362, -0.1035 -0.0709 0.2362, -0.1035 0.0708 0.2362, -0.1327 -0.0709 0.2362, -0.1327 0.0708 0.2362, -0.1327 -0.1103 0.1969, -0.1035 -0.1103 0.1969, -0.1327 -0.1099 0.2025, -0.1035 -0.1099 0.2025, -0.1327 -0.1089 0.207, -0.1035 -0.1089 0.207, -0.1327 -0.1087 0.2079, -0.1035 -0.1087 0.2079, -0.1327 -0.1067 0.2132, -0.1035 -0.1067 0.2132, -0.1327 -0.1049 0.2165, -0.1035 -0.1049 0.2165, -0.1327 -0.104 0.2181, -0.1035 -0.104 0.2181, -0.1327 -0.1007 0.2226, -0.1035 -0.1007 0.2226, -0.1327 -0.0987 0.2246, -0.1035 -0.0987 0.2246, -0.1327 -0.0967 0.2266, -0.1035 -0.0967 0.2266, -0.1327 -0.0922 0.23, -0.1035 -0.0922 0.23, -0.1327 -0.0906 0.2309, -0.1035 -0.0906 0.2309, -0.1327 -0.0873 0.2327, -0.1035 -0.0873 0.2327, -0.1327 -0.082 0.2346, -0.1035 -0.082 0.2346, -0.1327 -0.0811 0.2348, -0.1035 -0.0811 0.2348, -0.1327 -0.0765 0.2358, -0.1035 -0.0765 0.2358, -0.1035 -0.1103 0.1181, -0.1327 -0.1103 0.1181, -0.1035 -0.1099 0.1125, -0.1327 -0.1099 0.1125, -0.1035 -0.1089 0.1079, -0.1327 -0.1089 0.1079, -0.1035 -0.1087 0.107, -0.1327 -0.1087 0.107, -0.1035 -0.1067 0.1018, -0.1327 -0.1067 0.1018, -0.1035 -0.1049 0.0985, -0.1327 -0.1049 0.0985, -0.1035 -0.104 0.0968, -0.1327 -0.104 0.0968, -0.1035 -0.1007 0.0923, -0.1327 -0.1007 0.0923, -0.1035 -0.0987 0.0903, -0.1327 -0.0987 0.0903, -0.1035 -0.0967 0.0884, -0.1327 -0.0967 0.0884, -0.1035 -0.0922 0.085, -0.1327 -0.0922 0.085, -0.1035 -0.0906 0.0841, -0.1327 -0.0906 0.0841, -0.1035 -0.0873 0.0823, -0.1327 -0.0873 0.0823, -0.1035 -0.082 0.0803, -0.1327 -0.082 0.0803, -0.1035 -0.0811 0.0801, -0.1327 -0.0811 0.0801, -0.1035 -0.0765 0.0791, -0.1327 -0.0765 0.0791, -0.1035 -0.0709 0.0787, -0.1327 -0.0709 0.0787, -0.1035 0.0708 0.0787, -0.1327 0.0708 0.0787, -0.1327 0.0764 0.2358, -0.1035 0.0764 0.2358, -0.1327 0.081 0.2348, -0.1035 0.081 0.2348, -0.1327 0.0819 0.2346, -0.1035 0.0819 0.2346, -0.1327 0.0872 0.2327, -0.1035 0.0872 0.2327, -0.1327 0.0905 0.2309, -0.1035 0.0905 0.2309, -0.1327 0.0921 0.23, -0.1035 0.0921 0.23, -0.1327 0.0966 0.2266, -0.1035 0.0966 0.2266, -0.1327 0.0986 0.2246, -0.1035 0.0986 0.2246, -0.1327 0.1006 0.2226, -0.1035 0.1006 0.2226, -0.1327 0.1039 0.2181, -0.1035 0.1039 0.2181, -0.1327 0.1048 0.2165, -0.1035 0.1048 0.2165, -0.1327 0.1066 0.2132, -0.1035 0.1066 0.2132, -0.1327 0.1086 0.2079, -0.1035 0.1086 0.2079, -0.1327 0.1088 0.207, -0.1035 0.1088 0.207, -0.1327 0.1098 0.2025, -0.1035 0.1098 0.2025, -0.1327 0.1102 0.1969, -0.1035 0.1102 0.1969, -0.1035 0.0764 0.0791, -0.1327 0.0764 0.0791, -0.1035 0.081 0.0801, -0.1327 0.081 0.0801, -0.1035 0.0819 0.0803, -0.1327 0.0819 0.0803, -0.1035 0.0872 0.0823, -0.1327 0.0872 0.0823, -0.1035 0.0905 0.0841, -0.1327 0.0905 0.0841, -0.1035 0.0921 0.085, -0.1327 0.0921 0.085, -0.1035 0.0966 0.0884, -0.1327 0.0966 0.0884, -0.1035 0.0986 0.0903, -0.1327 0.0986 0.0903, -0.1035 0.1006 0.0923, -0.1327 0.1006 0.0923, -0.1035 0.1039 0.0968, -0.1327 0.1039 0.0968, -0.1035 0.1048 0.0985, -0.1327 0.1048 0.0985, -0.1035 0.1066 0.1018, -0.1327 0.1066 0.1018, -0.1035 0.1086 0.107, -0.1327 0.1086 0.107, -0.1035 0.1088 0.1079, -0.1327 0.1088 0.1079, -0.1035 0.1098 0.1125, -0.1327 0.1098 0.1125, -0.1035 0.1102 0.1181, -0.1327 0.1102 0.1181, -0.0563 0.1102 0.1969, -0.0563 0.1102 0.1181, -0.0855 0.1102 0.1969, -0.0855 0.1102 0.1181, -0.0855 0.1098 0.1125, -0.0563 0.1098 0.1125, -0.0855 0.1088 0.1079, -0.0563 0.1088 0.1079, -0.0855 0.1086 0.107, -0.0563 0.1086 0.107, -0.0855 0.1066 0.1018, -0.0563 0.1066 0.1018, -0.0855 0.1048 0.0985, -0.0563 0.1048 0.0985, -0.0855 0.1039 0.0968, -0.0563 0.1039 0.0968, -0.0855 0.1006 0.0923, -0.0563 0.1006 0.0923, -0.0855 0.0986 0.0903, -0.0563 0.0986 0.0903, -0.0855 0.0966 0.0884, -0.0563 0.0966 0.0884, -0.0855 0.0921 0.085, -0.0563 0.0921 0.085, -0.0855 0.0905 0.0841, -0.0563 0.0905 0.0841, -0.0855 0.0872 0.0823, -0.0563 0.0872 0.0823, -0.0855 0.0819 0.0803, -0.0563 0.0819 0.0803, -0.0855 0.081 0.0801, -0.0563 0.081 0.0801, -0.0855 0.0764 0.0791, -0.0563 0.0764 0.0791, -0.0855 0.0708 0.0787, -0.0563 0.0708 0.0787, -0.0855 0.0708 0.2362, -0.0563 0.0708 0.2362, -0.0855 0.0764 0.2358, -0.0563 0.0764 0.2358, -0.0855 0.081 0.2348, -0.0563 0.081 0.2348, -0.0855 0.0819 0.2346, -0.0563 0.0819 0.2346, -0.0855 0.0872 0.2327, -0.0563 0.0872 0.2327, -0.0855 0.0905 0.2309, -0.0563 0.0905 0.2309, -0.0855 0.0921 0.23, -0.0563 0.0921 0.23, -0.0855 0.0966 0.2266, -0.0563 0.0966 0.2266, -0.0855 0.0986 0.2246, -0.0563 0.0986 0.2246, -0.0855 0.1006 0.2226, -0.0563 0.1006 0.2226, -0.0855 0.1039 0.2181, -0.0563 0.1039 0.2181, -0.0855 0.1048 0.2165, -0.0563 0.1048 0.2165, -0.0855 0.1066 0.2132, -0.0563 0.1066 0.2132, -0.0855 0.1086 0.2079, -0.0563 0.1086 0.2079, -0.0855 0.1088 0.207, -0.0563 0.1088 0.207, -0.0855 0.1098 0.2025, -0.0563 0.1098 0.2025, -0.0563 -0.0709 0.0787, -0.0855 -0.0709 0.0787, -0.0563 -0.1103 0.1181, -0.0855 -0.1103 0.1181, -0.0563 -0.1099 0.1125, -0.0855 -0.1099 0.1125, -0.0563 -0.1089 0.1079, -0.0855 -0.1089 0.1079, -0.0563 -0.1087 0.107, -0.0855 -0.1087 0.107, -0.0563 -0.1067 0.1018, -0.0855 -0.1067 0.1018, -0.0563 -0.1049 0.0985, -0.0855 -0.1049 0.0985, -0.0563 -0.104 0.0968, -0.0855 -0.104 0.0968, -0.0563 -0.1007 0.0923, -0.0855 -0.1007 0.0923, -0.0563 -0.0987 0.0903, -0.0855 -0.0987 0.0903, -0.0563 -0.0967 0.0884, -0.0855 -0.0967 0.0884, -0.0563 -0.0922 0.085, -0.0855 -0.0922 0.085, -0.0563 -0.0906 0.0841, -0.0855 -0.0906 0.0841, -0.0563 -0.0873 0.0823, -0.0855 -0.0873 0.0823, -0.0563 -0.082 0.0803, -0.0855 -0.082 0.0803, -0.0563 -0.0811 0.0801, -0.0855 -0.0811 0.0801, -0.0563 -0.0765 0.0791, -0.0855 -0.0765 0.0791, -0.0563 -0.1103 0.1969, -0.0855 -0.1103 0.1969, -0.0563 -0.0709 0.2362, -0.0855 -0.0709 0.2362, -0.0563 -0.0765 0.2358, -0.0855 -0.0765 0.2358, -0.0563 -0.0811 0.2348, -0.0855 -0.0811 0.2348, -0.0563 -0.082 0.2346, -0.0855 -0.082 0.2346, -0.0563 -0.0873 0.2327, -0.0855 -0.0873 0.2327, -0.0563 -0.0906 0.2309, -0.0855 -0.0906 0.2309, -0.0563 -0.0922 0.23, -0.0855 -0.0922 0.23, -0.0563 -0.0967 0.2266, -0.0855 -0.0967 0.2266, -0.0563 -0.0987 0.2246, -0.0855 -0.0987 0.2246, -0.0563 -0.1007 0.2226, -0.0855 -0.1007 0.2226, -0.0563 -0.104 0.2181, -0.0855 -0.104 0.2181, -0.0563 -0.1049 0.2165, -0.0855 -0.1049 0.2165, -0.0563 -0.1067 0.2132, -0.0855 -0.1067 0.2132, -0.0563 -0.1087 0.2079, -0.0855 -0.1087 0.2079, -0.0563 -0.1089 0.207, -0.0855 -0.1089 0.207, -0.0563 -0.1099 0.2025, -0.0855 -0.1099 0.2025, -0.009 -0.0709 0.2362, -0.009 0.0708 0.2362, -0.0382 -0.0709 0.2362, -0.0382 0.0708 0.2362, -0.0382 -0.1103 0.1969, -0.009 -0.1103 0.1969, -0.0382 -0.1099 0.2025, -0.009 -0.1099 0.2025, -0.0382 -0.1089 0.207, -0.009 -0.1089 0.207, -0.0382 -0.1087 0.2079, -0.009 -0.1087 0.2079, -0.0382 -0.1067 0.2132, -0.009 -0.1067 0.2132, -0.0382 -0.1049 0.2165, -0.009 -0.1049 0.2165, -0.0382 -0.104 0.2181, -0.009 -0.104 0.2181, -0.0382 -0.1007 0.2226, -0.009 -0.1007 0.2226, -0.0382 -0.0987 0.2246, -0.009 -0.0987 0.2246, -0.0382 -0.0967 0.2266, -0.009 -0.0967 0.2266, -0.0382 -0.0922 0.23, -0.009 -0.0922 0.23, -0.0382 -0.0906 0.2309, -0.009 -0.0906 0.2309, -0.0382 -0.0873 0.2327, -0.009 -0.0873 0.2327, -0.0382 -0.082 0.2346, -0.009 -0.082 0.2346, -0.0382 -0.0811 0.2348, -0.009 -0.0811 0.2348, -0.0382 -0.0765 0.2358, -0.009 -0.0765 0.2358, -0.009 -0.1103 0.1181, -0.0382 -0.1103 0.1181, -0.009 -0.1099 0.1125, -0.0382 -0.1099 0.1125, -0.009 -0.1089 0.1079, -0.0382 -0.1089 0.1079, -0.009 -0.1087 0.107, -0.0382 -0.1087 0.107, -0.009 -0.1067 0.1018, -0.0382 -0.1067 0.1018, -0.009 -0.1049 0.0985, -0.0382 -0.1049 0.0985, -0.009 -0.104 0.0968, -0.0382 -0.104 0.0968, -0.009 -0.1007 0.0923, -0.0382 -0.1007 0.0923, -0.009 -0.0987 0.0903, -0.0382 -0.0987 0.0903, -0.009 -0.0967 0.0884, -0.0382 -0.0967 0.0884, -0.009 -0.0922 0.085, -0.0382 -0.0922 0.085, -0.009 -0.0906 0.0841, -0.0382 -0.0906 0.0841, -0.009 -0.0873 0.0823, -0.0382 -0.0873 0.0823, -0.009 -0.082 0.0803, -0.0382 -0.082 0.0803, -0.009 -0.0811 0.0801, -0.0382 -0.0811 0.0801, -0.009 -0.0765 0.0791, -0.0382 -0.0765 0.0791, -0.009 -0.0709 0.0787, -0.0382 -0.0709 0.0787, -0.009 0.0708 0.0787, -0.0382 0.0708 0.0787, -0.0382 0.0764 0.2358, -0.009 0.0764 0.2358, -0.0382 0.081 0.2348, -0.009 0.081 0.2348, -0.0382 0.0819 0.2346, -0.009 0.0819 0.2346, -0.0382 0.0872 0.2327, -0.009 0.0872 0.2327, -0.0382 0.0905 0.2309, -0.009 0.0905 0.2309, -0.0382 0.0921 0.23, -0.009 0.0921 0.23, -0.0382 0.0966 0.2266, -0.009 0.0966 0.2266, -0.0382 0.0986 0.2246, -0.009 0.0986 0.2246, -0.0382 0.1006 0.2226, -0.009 0.1006 0.2226, -0.0382 0.1039 0.2181, -0.009 0.1039 0.2181, -0.0382 0.1048 0.2165, -0.009 0.1048 0.2165, -0.0382 0.1066 0.2132, -0.009 0.1066 0.2132, -0.0382 0.1086 0.2079, -0.009 0.1086 0.2079, -0.0382 0.1088 0.207, -0.009 0.1088 0.207, -0.0382 0.1098 0.2025, -0.009 0.1098 0.2025, -0.0382 0.1102 0.1969, -0.009 0.1102 0.1969, -0.009 0.0764 0.0791, -0.0382 0.0764 0.0791, -0.009 0.081 0.0801, -0.0382 0.081 0.0801, -0.009 0.0819 0.0803, -0.0382 0.0819 0.0803, -0.009 0.0872 0.0823, -0.0382 0.0872 0.0823, -0.009 0.0905 0.0841, -0.0382 0.0905 0.0841, -0.009 0.0921 0.085, -0.0382 0.0921 0.085, -0.009 0.0966 0.0884, -0.0382 0.0966 0.0884, -0.009 0.0986 0.0903, -0.0382 0.0986 0.0903, -0.009 0.1006 0.0923, -0.0382 0.1006 0.0923, -0.009 0.1039 0.0968, -0.0382 0.1039 0.0968, -0.009 0.1048 0.0985, -0.0382 0.1048 0.0985, -0.009 0.1066 0.1018, -0.0382 0.1066 0.1018, -0.009 0.1086 0.107, -0.0382 0.1086 0.107, -0.009 0.1088 0.1079, -0.0382 0.1088 0.1079, -0.009 0.1098 0.1125, -0.0382 0.1098 0.1125, -0.009 0.1102 0.1181, -0.0382 0.1102 0.1181
            ]
        }
        coordIndex [
            0,1,2,-1,2,1,3,-1,4,5,6,-1,6,5,7,-1,6,7,8,-1,8,7,9,-1,8,9,10,-1,10,9,11,-1,10,11,12,-1,12,11,13,-1,12,13,14,-1,14,13,15,-1,14,15,16,-1,16,15,17,-1,16,17,18,-1,18,17,19,-1,18,19,20,-1,20,19,21,-1,20,21,22,-1,22,21,23,-1,22,23,24,-1,24,23,25,-1,24,25,26,-1,26,25,27,-1,26,27,28,-1,28,27,29,-1,28,29,30,-1,30,29,31,-1,30,31,32,-1,32,31,33,-1,32,33,34,-1,34,33,35,-1,34,35,2,-1,2,35,0,-1,36,37,38,-1,38,37,39,-1,38,39,40,-1,40,39,41,-1,40,41,42,-1,42,41,43,-1,42,43,44,-1,44,43,45,-1,44,45,46,-1,46,45,47,-1,46,47,48,-1,48,47,49,-1,48,49,50,-1,50,49,51,-1,50,51,52,-1,52,51,53,-1,52,53,54,-1,54,53,55,-1,54,55,56,-1,56,55,57,-1,56,57,58,-1,58,57,59,-1,58,59,60,-1,60,59,61,-1,60,61,62,-1,62,61,63,-1,62,63,64,-1,64,63,65,-1,64,65,66,-1,66,65,67,-1,66,67,1,-1,1,67,3,-1,68,5,69,-1,69,5,4,-1,70,71,72,-1,72,71,73,-1,72,73,74,-1,74,73,75,-1,74,75,76,-1,76,75,77,-1,76,77,78,-1,78,77,79,-1,78,79,80,-1,80,79,81,-1,80,81,82,-1,82,81,83,-1,82,83,84,-1,84,83,85,-1,84,85,86,-1,86,85,87,-1,86,87,88,-1,88,87,89,-1,88,89,90,-1,90,89,91,-1,90,91,92,-1,92,91,93,-1,92,93,94,-1,94,93,95,-1,94,95,96,-1,96,95,97,-1,96,97,98,-1,98,97,99,-1,98,99,100,-1,100,99,101,-1,100,101,69,-1,69,101,68,-1,102,71,103,-1,103,71,70,-1,102,103,104,-1,104,103,105,-1,104,105,106,-1,106,105,107,-1,106,107,108,-1,108,107,109,-1,108,109,110,-1,110,109,111,-1,110,111,112,-1,112,111,113,-1,112,113,114,-1,114,113,115,-1,114,115,116,-1,116,115,117,-1,116,117,118,-1,118,117,119,-1,118,119,120,-1,120,119,121,-1,120,121,122,-1,122,121,123,-1,122,123,124,-1,124,123,125,-1,124,125,126,-1,126,125,127,-1,126,127,128,-1,128,127,129,-1,128,129,130,-1,130,129,131,-1,130,131,132,-1,132,131,133,-1,132,133,134,-1,134,133,135,-1,36,134,37,-1,37,134,135,-1,136,137,138,-1,138,137,139,-1,140,141,142,-1,142,141,143,-1,142,143,144,-1,144,143,145,-1,144,145,146,-1,146,145,147,-1,146,147,148,-1,148,147,149,-1,148,149,150,-1,150,149,151,-1,150,151,152,-1,152,151,153,-1,152,153,154,-1,154,153,155,-1,154,155,156,-1,156,155,157,-1,156,157,158,-1,158,157,159,-1,158,159,160,-1,160,159,161,-1,160,161,162,-1,162,161,163,-1,162,163,164,-1,164,163,165,-1,164,165,166,-1,166,165,167,-1,166,167,168,-1,168,167,169,-1,168,169,170,-1,170,169,171,-1,170,171,137,-1,137,171,139,-1,140,172,141,-1,141,172,173,-1,174,175,176,-1,176,175,177,-1,176,177,178,-1,178,177,179,-1,178,179,180,-1,180,179,181,-1,180,181,182,-1,182,181,183,-1,182,183,184,-1,184,183,185,-1,184,185,186,-1,186,185,187,-1,186,187,188,-1,188,187,189,-1,188,189,190,-1,190,189,191,-1,190,191,192,-1,192,191,193,-1,192,193,194,-1,194,193,195,-1,194,195,196,-1,196,195,197,-1,196,197,198,-1,198,197,199,-1,198,199,200,-1,200,199,201,-1,200,201,202,-1,202,201,203,-1,202,203,204,-1,204,203,205,-1,204,205,172,-1,172,205,173,-1,174,206,175,-1,175,206,207,-1,136,138,208,-1,208,138,209,-1,208,209,210,-1,210,209,211,-1,210,211,212,-1,212,211,213,-1,212,213,214,-1,214,213,215,-1,214,215,216,-1,216,215,217,-1,216,217,218,-1,218,217,219,-1,218,219,220,-1,220,219,221,-1,220,221,222,-1,222,221,223,-1,222,223,224,-1,224,223,225,-1,224,225,226,-1,226,225,227,-1,226,227,228,-1,228,227,229,-1,228,229,230,-1,230,229,231,-1,230,231,232,-1,232,231,233,-1,232,233,234,-1,234,233,235,-1,234,235,236,-1,236,235,237,-1,236,237,238,-1,238,237,239,-1,240,241,242,-1,242,241,243,-1,242,243,244,-1,244,243,245,-1,244,245,246,-1,246,245,247,-1,246,247,248,-1,248,247,249,-1,248,249,250,-1,250,249,251,-1,250,251,252,-1,252,251,253,-1,252,253,254,-1,254,253,255,-1,254,255,256,-1,256,255,257,-1,256,257,258,-1,258,257,259,-1,258,259,260,-1,260,259,261,-1,260,261,262,-1,262,261,263,-1,262,263,264,-1,264,263,265,-1,264,265,266,-1,266,265,267,-1,266,267,268,-1,268,267,269,-1,268,269,270,-1,270,269,271,-1,270,271,206,-1,206,271,207,-1,240,238,241,-1,241,238,239,-1,272,273,274,-1,274,273,275,-1,276,277,278,-1,278,277,279,-1,278,279,280,-1,280,279,281,-1,280,281,282,-1,282,281,283,-1,282,283,284,-1,284,283,285,-1,284,285,286,-1,286,285,287,-1,286,287,288,-1,288,287,289,-1,288,289,290,-1,290,289,291,-1,290,291,292,-1,292,291,293,-1,292,293,294,-1,294,293,295,-1,294,295,296,-1,296,295,297,-1,296,297,298,-1,298,297,299,-1,298,299,300,-1,300,299,301,-1,300,301,302,-1,302,301,303,-1,302,303,304,-1,304,303,305,-1,304,305,306,-1,306,305,307,-1,306,307,274,-1,274,307,272,-1,308,309,310,-1,310,309,311,-1,310,311,312,-1,312,311,313,-1,312,313,314,-1,314,313,315,-1,314,315,316,-1,316,315,317,-1,316,317,318,-1,318,317,319,-1,318,319,320,-1,320,319,321,-1,320,321,322,-1,322,321,323,-1,322,323,324,-1,324,323,325,-1,324,325,326,-1,326,325,327,-1,326,327,328,-1,328,327,329,-1,328,329,330,-1,330,329,331,-1,330,331,332,-1,332,331,333,-1,332,333,334,-1,334,333,335,-1,334,335,336,-1,336,335,337,-1,336,337,338,-1,338,337,339,-1,338,339,273,-1,273,339,275,-1,340,277,341,-1,341,277,276,-1,342,343,344,-1,344,343,345,-1,344,345,346,-1,346,345,347,-1,346,347,348,-1,348,347,349,-1,348,349,350,-1,350,349,351,-1,350,351,352,-1,352,351,353,-1,352,353,354,-1,354,353,355,-1,354,355,356,-1,356,355,357,-1,356,357,358,-1,358,357,359,-1,358,359,360,-1,360,359,361,-1,360,361,362,-1,362,361,363,-1,362,363,364,-1,364,363,365,-1,364,365,366,-1,366,365,367,-1,366,367,368,-1,368,367,369,-1,368,369,370,-1,370,369,371,-1,370,371,372,-1,372,371,373,-1,372,373,341,-1,341,373,340,-1,374,343,375,-1,375,343,342,-1,374,375,376,-1,376,375,377,-1,376,377,378,-1,378,377,379,-1,378,379,380,-1,380,379,381,-1,380,381,382,-1,382,381,383,-1,382,383,384,-1,384,383,385,-1,384,385,386,-1,386,385,387,-1,386,387,388,-1,388,387,389,-1,388,389,390,-1,390,389,391,-1,390,391,392,-1,392,391,393,-1,392,393,394,-1,394,393,395,-1,394,395,396,-1,396,395,397,-1,396,397,398,-1,398,397,399,-1,398,399,400,-1,400,399,401,-1,400,401,402,-1,402,401,403,-1,402,403,404,-1,404,403,405,-1,404,405,406,-1,406,405,407,-1,308,406,309,-1,309,406,407,-1,408,409,410,-1,410,409,411,-1,412,413,414,-1,414,413,415,-1,414,415,416,-1,416,415,417,-1,416,417,418,-1,418,417,419,-1,418,419,420,-1,420,419,421,-1,420,421,422,-1,422,421,423,-1,422,423,424,-1,424,423,425,-1,424,425,426,-1,426,425,427,-1,426,427,428,-1,428,427,429,-1,428,429,430,-1,430,429,431,-1,430,431,432,-1,432,431,433,-1,432,433,434,-1,434,433,435,-1,434,435,436,-1,436,435,437,-1,436,437,438,-1,438,437,439,-1,438,439,440,-1,440,439,441,-1,440,441,442,-1,442,441,443,-1,442,443,410,-1,410,443,408,-1,444,413,445,-1,445,413,412,-1,444,445,446,-1,446,445,447,-1,446,447,448,-1,448,447,449,-1,448,449,450,-1,450,449,451,-1,450,451,452,-1,452,451,453,-1,452,453,454,-1,454,453,455,-1,454,455,456,-1,456,455,457,-1,456,457,458,-1,458,457,459,-1,458,459,460,-1,460,459,461,-1,460,461,462,-1,462,461,463,-1,462,463,464,-1,464,463,465,-1,464,465,466,-1,466,465,467,-1,466,467,468,-1,468,467,469,-1,468,469,470,-1,470,469,471,-1,470,471,472,-1,472,471,473,-1,472,473,474,-1,474,473,475,-1,474,475,476,-1,476,475,477,-1,478,476,479,-1,479,476,477,-1,411,409,480,-1,480,409,481,-1,480,481,482,-1,482,481,483,-1,482,483,484,-1,484,483,485,-1,484,485,486,-1,486,485,487,-1,486,487,488,-1,488,487,489,-1,488,489,490,-1,490,489,491,-1,490,491,492,-1,492,491,493,-1,492,493,494,-1,494,493,495,-1,494,495,496,-1,496,495,497,-1,496,497,498,-1,498,497,499,-1,498,499,500,-1,500,499,501,-1,500,501,502,-1,502,501,503,-1,502,503,504,-1,504,503,505,-1,504,505,506,-1,506,505,507,-1,506,507,508,-1,508,507,509,-1,508,509,510,-1,510,509,511,-1,478,479,512,-1,512,479,513,-1,512,513,514,-1,514,513,515,-1,514,515,516,-1,516,515,517,-1,516,517,518,-1,518,517,519,-1,518,519,520,-1,520,519,521,-1,520,521,522,-1,522,521,523,-1,522,523,524,-1,524,523,525,-1,524,525,526,-1,526,525,527,-1,526,527,528,-1,528,527,529,-1,528,529,530,-1,530,529,531,-1,530,531,532,-1,532,531,533,-1,532,533,534,-1,534,533,535,-1,534,535,536,-1,536,535,537,-1,536,537,538,-1,538,537,539,-1,538,539,540,-1,540,539,541,-1,540,541,542,-1,542,541,543,-1,511,542,510,-1,510,542,543,-1,544,545,546,-1,546,545,547,-1,547,545,548,-1,548,545,549,-1,548,549,550,-1,550,549,551,-1,550,551,552,-1,552,551,553,-1,552,553,554,-1,554,553,555,-1,554,555,556,-1,556,555,557,-1,556,557,558,-1,558,557,559,-1,558,559,560,-1,560,559,561,-1,560,561,562,-1,562,561,563,-1,562,563,564,-1,564,563,565,-1,564,565,566,-1,566,565,567,-1,566,567,568,-1,568,567,569,-1,568,569,570,-1,570,569,571,-1,570,571,572,-1,572,571,573,-1,572,573,574,-1,574,573,575,-1,574,575,576,-1,576,575,577,-1,576,577,578,-1,578,577,579,-1,580,581,582,-1,582,581,583,-1,582,583,584,-1,584,583,585,-1,584,585,586,-1,586,585,587,-1,586,587,588,-1,588,587,589,-1,588,589,590,-1,590,589,591,-1,590,591,592,-1,592,591,593,-1,592,593,594,-1,594,593,595,-1,594,595,596,-1,596,595,597,-1,596,597,598,-1,598,597,599,-1,598,599,600,-1,600,599,601,-1,600,601,602,-1,602,601,603,-1,602,603,604,-1,604,603,605,-1,604,605,606,-1,606,605,607,-1,606,607,608,-1,608,607,609,-1,608,609,610,-1,610,609,611,-1,610,611,546,-1,546,611,544,-1,579,612,578,-1,578,612,613,-1,614,615,616,-1,616,615,617,-1,616,617,618,-1,618,617,619,-1,618,619,620,-1,620,619,621,-1,620,621,622,-1,622,621,623,-1,622,623,624,-1,624,623,625,-1,624,625,626,-1,626,625,627,-1,626,627,628,-1,628,627,629,-1,628,629,630,-1,630,629,631,-1,630,631,632,-1,632,631,633,-1,632,633,634,-1,634,633,635,-1,634,635,636,-1,636,635,637,-1,636,637,638,-1,638,637,639,-1,638,639,640,-1,640,639,641,-1,640,641,642,-1,642,641,643,-1,642,643,644,-1,644,643,645,-1,644,645,612,-1,612,645,613,-1,614,646,615,-1,615,646,647,-1,648,649,650,-1,650,649,651,-1,650,651,652,-1,652,651,653,-1,652,653,654,-1,654,653,655,-1,654,655,656,-1,656,655,657,-1,656,657,658,-1,658,657,659,-1,658,659,660,-1,660,659,661,-1,660,661,662,-1,662,661,663,-1,662,663,664,-1,664,663,665,-1,664,665,666,-1,666,665,667,-1,666,667,668,-1,668,667,669,-1,668,669,670,-1,670,669,671,-1,670,671,672,-1,672,671,673,-1,672,673,674,-1,674,673,675,-1,674,675,676,-1,676,675,677,-1,676,677,678,-1,678,677,679,-1,678,679,646,-1,646,679,647,-1,648,581,649,-1,649,581,580,-1,680,681,682,-1,682,681,683,-1,684,685,686,-1,686,685,687,-1,686,687,688,-1,688,687,689,-1,688,689,690,-1,690,689,691,-1,690,691,692,-1,692,691,693,-1,692,693,694,-1,694,693,695,-1,694,695,696,-1,696,695,697,-1,696,697,698,-1,698,697,699,-1,698,699,700,-1,700,699,701,-1,700,701,702,-1,702,701,703,-1,702,703,704,-1,704,703,705,-1,704,705,706,-1,706,705,707,-1,706,707,708,-1,708,707,709,-1,708,709,710,-1,710,709,711,-1,710,711,712,-1,712,711,713,-1,712,713,714,-1,714,713,715,-1,714,715,682,-1,682,715,680,-1,716,685,717,-1,717,685,684,-1,716,717,718,-1,718,717,719,-1,718,719,720,-1,720,719,721,-1,720,721,722,-1,722,721,723,-1,722,723,724,-1,724,723,725,-1,724,725,726,-1,726,725,727,-1,726,727,728,-1,728,727,729,-1,728,729,730,-1,730,729,731,-1,730,731,732,-1,732,731,733,-1,732,733,734,-1,734,733,735,-1,734,735,736,-1,736,735,737,-1,736,737,738,-1,738,737,739,-1,738,739,740,-1,740,739,741,-1,740,741,742,-1,742,741,743,-1,742,743,744,-1,744,743,745,-1,744,745,746,-1,746,745,747,-1,746,747,748,-1,748,747,749,-1,750,748,751,-1,751,748,749,-1,683,681,752,-1,752,681,753,-1,752,753,754,-1,754,753,755,-1,754,755,756,-1,756,755,757,-1,756,757,758,-1,758,757,759,-1,758,759,760,-1,760,759,761,-1,760,761,762,-1,762,761,763,-1,762,763,764,-1,764,763,765,-1,764,765,766,-1,766,765,767,-1,766,767,768,-1,768,767,769,-1,768,769,770,-1,770,769,771,-1,770,771,772,-1,772,771,773,-1,772,773,774,-1,774,773,775,-1,774,775,776,-1,776,775,777,-1,776,777,778,-1,778,777,779,-1,778,779,780,-1,780,779,781,-1,780,781,782,-1,782,781,783,-1,750,751,784,-1,784,751,785,-1,784,785,786,-1,786,785,787,-1,786,787,788,-1,788,787,789,-1,788,789,790,-1,790,789,791,-1,790,791,792,-1,792,791,793,-1,792,793,794,-1,794,793,795,-1,794,795,796,-1,796,795,797,-1,796,797,798,-1,798,797,799,-1,798,799,800,-1,800,799,801,-1,800,801,802,-1,802,801,803,-1,802,803,804,-1,804,803,805,-1,804,805,806,-1,806,805,807,-1,806,807,808,-1,808,807,809,-1,808,809,810,-1,810,809,811,-1,810,811,812,-1,812,811,813,-1,812,813,814,-1,814,813,815,-1,783,814,782,-1,782,814,815,-1,
        ]
    }
}
Shape{
    appearance Appearance {
        material  Material 	{
            diffuseColor 0.9098039215686274 0.44313725490196076 0.03137254901960784
            specularColor 0.4549019607843137 0.2235294117647059 0.01568627450980392
            ambientIntensity 0.5357
            transparency 0.0
            shininess 0.5
        }
    }
    geometry IndexedFaceSet {
        ccw TRUE
        solid FALSE
        coord DEF co Coordinate {
            point [
                0.009 -0.0709 0.2362, 0.009 0.0708 0.2362, 0.0137 0.0708 0.2392, 0.0137 -0.0709 0.2392, 0.0176 0.0708 0.2432, 0.0176 -0.0709 0.2432, 0.0202 0.0708 0.2482, 0.0202 -0.0709 0.2482, 0.0215 0.0708 0.2536, 0.0215 -0.0709 0.2536, 0.0214 0.0708 0.2591, 0.0214 -0.0709 0.2591, 0.0199 0.0708 0.2645, 0.0199 -0.0709 0.2645, 0.017 0.0708 0.2693, 0.017 -0.0709 0.2693, 0.013 0.0708 0.2732, 0.013 -0.0709 0.2732, 0.0082 0.0708 0.276, 0.0082 -0.0709 0.276, 0.0028 0.0708 0.2774, 0.0028 -0.0709 0.2774, -0.0028 0.0708 0.2774, -0.0028 -0.0709 0.2774, -0.0082 0.0708 0.276, -0.0082 -0.0709 0.276, -0.013 0.0708 0.2732, -0.013 -0.0709 0.2732, -0.017 0.0708 0.2693, -0.017 -0.0709 0.2693, -0.0199 0.0708 0.2645, -0.0199 -0.0709 0.2645, -0.0214 0.0708 0.2591, -0.0214 -0.0709 0.2591, -0.0215 0.0708 0.2536, -0.0215 -0.0709 0.2536, -0.0202 0.0708 0.2482, -0.0202 -0.0709 0.2482, -0.0176 0.0708 0.2432, -0.0176 -0.0709 0.2432, -0.0137 0.0708 0.2392, -0.0137 -0.0709 0.2392, -0.009 0.0708 0.2362, -0.009 -0.0709 0.2362, 0.009 -0.1089 0.207, 0.009 -0.1087 0.2079, 0.0137 -0.1115 0.2088, 0.009 -0.1049 0.2165, 0.009 -0.104 0.2181, 0.0137 -0.1065 0.2197, 0.009 -0.0987 0.2246, 0.009 -0.0967 0.2266, 0.0137 -0.0986 0.2288, 0.009 -0.0906 0.2309, 0.009 -0.0873 0.2327, 0.0137 -0.0885 0.2354, 0.009 -0.0811 0.2348, 0.009 -0.0765 0.2358, 0.0137 -0.0769 0.2387, -0.009 -0.1089 0.207, -0.009 -0.1099 0.2025, -0.0137 -0.1128 0.2029, -0.009 -0.1049 0.2165, -0.009 -0.1067 0.2132, -0.0137 -0.1094 0.2144, -0.009 -0.0987 0.2246, -0.009 -0.1007 0.2226, -0.0137 -0.1029 0.2246, -0.009 -0.0906 0.2309, -0.009 -0.0922 0.23, -0.0137 -0.0938 0.2325, -0.009 -0.0811 0.2348, -0.009 -0.082 0.2346, -0.0137 -0.0828 0.2375, -0.009 -0.0765 0.2358, -0.0137 -0.0769 0.2387, -0.0176 -0.0775 0.2428, -0.0202 -0.0782 0.2476, -0.0215 -0.079 0.253, -0.0214 -0.0798 0.2585, -0.0199 -0.0805 0.2638, -0.017 -0.0812 0.2686, -0.013 -0.0818 0.2724, -0.0082 -0.0822 0.2751, -0.0028 -0.0824 0.2766, 0.0028 -0.0824 0.2766, 0.0082 -0.0822 0.2751, 0.013 -0.0818 0.2724, 0.017 -0.0812 0.2686, 0.0199 -0.0805 0.2638, 0.0214 -0.0798 0.2585, 0.0215 -0.079 0.253, 0.0202 -0.0782 0.2476, 0.0176 -0.0775 0.2428, 0.009 -0.082 0.2346, 0.0137 -0.0828 0.2375, 0.0176 -0.084 0.2414, 0.0202 -0.0854 0.2461, 0.0215 -0.0869 0.2513, 0.0214 -0.0885 0.2566, 0.0199 -0.09 0.2618, 0.017 -0.0913 0.2664, 0.013 -0.0924 0.2701, 0.0082 -0.0932 0.2727, 0.0028 -0.0936 0.2741, -0.0028 -0.0936 0.2741, -0.0082 -0.0932 0.2727, -0.013 -0.0924 0.2701, -0.017 -0.0913 0.2664, -0.0199 -0.09 0.2618, -0.0214 -0.0885 0.2566, -0.0215 -0.0869 0.2513, -0.0202 -0.0854 0.2461, -0.0176 -0.084 0.2414, -0.009 -0.0873 0.2327, -0.0137 -0.0885 0.2354, -0.0176 -0.0902 0.2391, -0.0202 -0.0922 0.2435, -0.0215 -0.0945 0.2484, -0.0214 -0.0968 0.2535, -0.0199 -0.099 0.2584, -0.017 -0.101 0.2628, -0.013 -0.1026 0.2663, -0.0082 -0.1038 0.2688, -0.0028 -0.1044 0.2701, 0.0028 -0.1044 0.2701, 0.0082 -0.1038 0.2688, 0.013 -0.1026 0.2663, 0.017 -0.101 0.2628, 0.0199 -0.099 0.2584, 0.0214 -0.0968 0.2535, 0.0215 -0.0945 0.2484, 0.0202 -0.0922 0.2435, 0.0176 -0.0902 0.2391, 0.009 -0.0922 0.23, 0.0137 -0.0938 0.2325, 0.0176 -0.096 0.2359, 0.0202 -0.0987 0.24, 0.0215 -0.1016 0.2446, 0.0214 -0.1046 0.2493, 0.0199 -0.1075 0.2538, 0.017 -0.1101 0.2578, 0.013 -0.1122 0.2611, 0.0082 -0.1137 0.2634, 0.0028 -0.1145 0.2646, -0.0028 -0.1145 0.2646, -0.0082 -0.1137 0.2634, -0.013 -0.1122 0.2611, -0.017 -0.1101 0.2578, -0.0199 -0.1075 0.2538, -0.0214 -0.1046 0.2493, -0.0215 -0.1016 0.2446, -0.0202 -0.0987 0.24, -0.0176 -0.096 0.2359, -0.009 -0.0967 0.2266, -0.0137 -0.0986 0.2288, -0.0176 -0.1013 0.2319, -0.0202 -0.1045 0.2356, -0.0215 -0.1081 0.2397, -0.0214 -0.1117 0.2439, -0.0199 -0.1152 0.248, -0.017 -0.1184 0.2516, -0.013 -0.1209 0.2546, -0.0082 -0.1227 0.2566, -0.0028 -0.1237 0.2577, 0.0028 -0.1237 0.2577, 0.0082 -0.1227 0.2566, 0.013 -0.1209 0.2546, 0.017 -0.1184 0.2516, 0.0199 -0.1152 0.248, 0.0214 -0.1117 0.2439, 0.0215 -0.1081 0.2397, 0.0202 -0.1045 0.2356, 0.0176 -0.1013 0.2319, 0.009 -0.1007 0.2226, 0.0137 -0.1029 0.2246, 0.0176 -0.106 0.2272, 0.0202 -0.1097 0.2304, 0.0215 -0.1138 0.234, 0.0214 -0.118 0.2376, 0.0199 -0.122 0.2412, 0.017 -0.1257 0.2443, 0.013 -0.1286 0.2468, 0.0082 -0.1307 0.2487, 0.0028 -0.1318 0.2496, -0.0028 -0.1318 0.2496, -0.0082 -0.1307 0.2487, -0.013 -0.1286 0.2468, -0.017 -0.1257 0.2443, -0.0199 -0.122 0.2412, -0.0214 -0.118 0.2376, -0.0215 -0.1138 0.234, -0.0202 -0.1097 0.2304, -0.0176 -0.106 0.2272, -0.009 -0.104 0.2181, -0.0137 -0.1065 0.2197, -0.0176 -0.1099 0.2219, -0.0202 -0.1141 0.2246, -0.0215 -0.1186 0.2275, -0.0214 -0.1233 0.2305, -0.0199 -0.1278 0.2334, -0.017 -0.1319 0.236, -0.013 -0.1351 0.2381, -0.0082 -0.1375 0.2396, -0.0028 -0.1387 0.2404, 0.0028 -0.1387 0.2404, 0.0082 -0.1375 0.2396, 0.013 -0.1351 0.2381, 0.017 -0.1319 0.236, 0.0199 -0.1278 0.2334, 0.0214 -0.1233 0.2305, 0.0215 -0.1186 0.2275, 0.0202 -0.1141 0.2246, 0.0176 -0.1099 0.2219, 0.009 -0.1067 0.2132, 0.0137 -0.1094 0.2144, 0.0176 -0.1131 0.2161, 0.0202 -0.1176 0.2182, 0.0215 -0.1225 0.2204, 0.0214 -0.1276 0.2227, 0.0199 -0.1325 0.225, 0.017 -0.1368 0.2269, 0.013 -0.1404 0.2286, 0.0082 -0.1429 0.2297, 0.0028 -0.1442 0.2303, -0.0028 -0.1442 0.2303, -0.0082 -0.1429 0.2297, -0.013 -0.1404 0.2286, -0.017 -0.1368 0.2269, -0.0199 -0.1325 0.225, -0.0214 -0.1276 0.2227, -0.0215 -0.1225 0.2204, -0.0202 -0.1176 0.2182, -0.0176 -0.1131 0.2161, -0.009 -0.1087 0.2079, -0.0137 -0.1115 0.2088, -0.0176 -0.1154 0.2099, -0.0202 -0.1201 0.2113, -0.0215 -0.1253 0.2128, -0.0214 -0.1307 0.2144, -0.0199 -0.1358 0.2159, -0.017 -0.1404 0.2173, -0.013 -0.1442 0.2184, -0.0082 -0.1468 0.2191, -0.0028 -0.1482 0.2195, 0.0028 -0.1482 0.2195, 0.0082 -0.1468 0.2191, 0.013 -0.1442 0.2184, 0.017 -0.1404 0.2173, 0.0199 -0.1358 0.2159, 0.0214 -0.1307 0.2144, 0.0215 -0.1253 0.2128, 0.0202 -0.1201 0.2113, 0.0176 -0.1154 0.2099, 0.009 -0.1099 0.2025, 0.0137 -0.1128 0.2029, 0.0176 -0.1168 0.2035, 0.0202 -0.1217 0.2042, 0.0215 -0.1271 0.2049, 0.0214 -0.1326 0.2057, 0.0199 -0.1379 0.2065, 0.017 -0.1426 0.2072, 0.013 -0.1465 0.2077, 0.0082 -0.1492 0.2081, 0.0028 -0.1506 0.2083, -0.0028 -0.1506 0.2083, -0.0082 -0.1492 0.2081, -0.013 -0.1465 0.2077, -0.017 -0.1426 0.2072, -0.0199 -0.1379 0.2065, -0.0214 -0.1326 0.2057, -0.0215 -0.1271 0.2049, -0.0202 -0.1217 0.2042, -0.0176 -0.1168 0.2035, -0.009 -0.1103 0.1969, -0.0137 -0.1132 0.1969, -0.0176 -0.1173 0.1969, -0.0202 -0.1222 0.1969, -0.0215 -0.1276 0.1969, -0.0214 -0.1332 0.1969, -0.0199 -0.1386 0.1969, -0.017 -0.1434 0.1969, -0.013 -0.1473 0.1969, -0.0082 -0.15 0.1969, -0.0028 -0.1514 0.1969, 0.0028 -0.1514 0.1969, 0.0082 -0.15 0.1969, 0.013 -0.1473 0.1969, 0.017 -0.1434 0.1969, 0.0199 -0.1386 0.1969, 0.0214 -0.1332 0.1969, 0.0215 -0.1276 0.1969, 0.0202 -0.1222 0.1969, 0.0176 -0.1173 0.1969, 0.0137 -0.1132 0.1969, 0.009 -0.1103 0.1969, 0.009 -0.1103 0.1181, 0.0137 -0.1132 0.1181, 0.0176 -0.1173 0.1181, 0.0202 -0.1222 0.1181, 0.0215 -0.1276 0.1181, 0.0214 -0.1332 0.1181, 0.0199 -0.1386 0.1181, 0.017 -0.1434 0.1181, 0.013 -0.1473 0.1181, 0.0082 -0.15 0.1181, 0.0028 -0.1514 0.1181, -0.0028 -0.1514 0.1181, -0.0082 -0.15 0.1181, -0.013 -0.1473 0.1181, -0.017 -0.1434 0.1181, -0.0199 -0.1386 0.1181, -0.0214 -0.1332 0.1181, -0.0215 -0.1276 0.1181, -0.0202 -0.1222 0.1181, -0.0176 -0.1173 0.1181, -0.0137 -0.1132 0.1181, -0.009 -0.1103 0.1181, 0.009 -0.0811 0.0801, 0.009 -0.082 0.0803, 0.0137 -0.0828 0.0775, 0.009 -0.0906 0.0841, 0.009 -0.0922 0.085, 0.0137 -0.0938 0.0825, 0.009 -0.0987 0.0903, 0.009 -0.1007 0.0923, 0.0137 -0.1029 0.0904, 0.009 -0.1049 0.0985, 0.009 -0.1067 0.1018, 0.0137 -0.1094 0.1005, 0.009 -0.1089 0.1079, 0.009 -0.1099 0.1125, 0.0137 -0.1128 0.1121, -0.009 -0.0811 0.0801, -0.009 -0.0765 0.0791, -0.0137 -0.0769 0.0762, -0.009 -0.0906 0.0841, -0.009 -0.0873 0.0823, -0.0137 -0.0885 0.0796, -0.009 -0.0987 0.0903, -0.009 -0.0967 0.0884, -0.0137 -0.0986 0.0861, -0.009 -0.1049 0.0985, -0.009 -0.104 0.0968, -0.0137 -0.1065 0.0952, -0.009 -0.1089 0.1079, -0.009 -0.1087 0.107, -0.0137 -0.1115 0.1062, -0.009 -0.1099 0.1125, -0.0137 -0.1128 0.1121, -0.0176 -0.1168 0.1115, -0.0202 -0.1217 0.1108, -0.0215 -0.1271 0.11, -0.0214 -0.1326 0.1092, -0.0199 -0.1379 0.1085, -0.017 -0.1426 0.1078, -0.013 -0.1465 0.1072, -0.0082 -0.1492 0.1069, -0.0028 -0.1506 0.1066, 0.0028 -0.1506 0.1066, 0.0082 -0.1492 0.1069, 0.013 -0.1465 0.1072, 0.017 -0.1426 0.1078, 0.0199 -0.1379 0.1085, 0.0214 -0.1326 0.1092, 0.0215 -0.1271 0.11, 0.0202 -0.1217 0.1108, 0.0176 -0.1168 0.1115, 0.009 -0.1087 0.107, 0.0137 -0.1115 0.1062, 0.0176 -0.1154 0.105, 0.0202 -0.1201 0.1037, 0.0215 -0.1253 0.1021, 0.0214 -0.1307 0.1006, 0.0199 -0.1358 0.099, 0.017 -0.1404 0.0977, 0.013 -0.1442 0.0966, 0.0082 -0.1468 0.0958, 0.0028 -0.1482 0.0954, -0.0028 -0.1482 0.0954, -0.0082 -0.1468 0.0958, -0.013 -0.1442 0.0966, -0.017 -0.1404 0.0977, -0.0199 -0.1358 0.099, -0.0214 -0.1307 0.1006, -0.0215 -0.1253 0.1021, -0.0202 -0.1201 0.1037, -0.0176 -0.1154 0.105, -0.009 -0.1067 0.1018, -0.0137 -0.1094 0.1005, -0.0176 -0.1131 0.0988, -0.0202 -0.1176 0.0968, -0.0215 -0.1225 0.0945, -0.0214 -0.1276 0.0922, -0.0199 -0.1325 0.09, -0.017 -0.1368 0.088, -0.013 -0.1404 0.0864, -0.0082 -0.1429 0.0852, -0.0028 -0.1442 0.0847, 0.0028 -0.1442 0.0847, 0.0082 -0.1429 0.0852, 0.013 -0.1404 0.0864, 0.017 -0.1368 0.088, 0.0199 -0.1325 0.09, 0.0214 -0.1276 0.0922, 0.0215 -0.1225 0.0945, 0.0202 -0.1176 0.0968, 0.0176 -0.1131 0.0988, 0.009 -0.104 0.0968, 0.0137 -0.1065 0.0952, 0.0176 -0.1099 0.093, 0.0202 -0.1141 0.0904, 0.0215 -0.1186 0.0874, 0.0214 -0.1233 0.0844, 0.0199 -0.1278 0.0815, 0.017 -0.1319 0.0789, 0.013 -0.1351 0.0768, 0.0082 -0.1375 0.0753, 0.0028 -0.1387 0.0746, -0.0028 -0.1387 0.0746, -0.0082 -0.1375 0.0753, -0.013 -0.1351 0.0768, -0.017 -0.1319 0.0789, -0.0199 -0.1278 0.0815, -0.0214 -0.1233 0.0844, -0.0215 -0.1186 0.0874, -0.0202 -0.1141 0.0904, -0.0176 -0.1099 0.093, -0.009 -0.1007 0.0923, -0.0137 -0.1029 0.0904, -0.0176 -0.106 0.0877, -0.0202 -0.1097 0.0845, -0.0215 -0.1138 0.081, -0.0214 -0.118 0.0773, -0.0199 -0.122 0.0738, -0.017 -0.1257 0.0707, -0.013 -0.1286 0.0681, -0.0082 -0.1307 0.0663, -0.0028 -0.1318 0.0654, 0.0028 -0.1318 0.0654, 0.0082 -0.1307 0.0663, 0.013 -0.1286 0.0681, 0.017 -0.1257 0.0707, 0.0199 -0.122 0.0738, 0.0214 -0.118 0.0773, 0.0215 -0.1138 0.081, 0.0202 -0.1097 0.0845, 0.0176 -0.106 0.0877, 0.009 -0.0967 0.0884, 0.0137 -0.0986 0.0861, 0.0176 -0.1013 0.083, 0.0202 -0.1045 0.0793, 0.0215 -0.1081 0.0752, 0.0214 -0.1117 0.071, 0.0199 -0.1152 0.067, 0.017 -0.1184 0.0634, 0.013 -0.1209 0.0604, 0.0082 -0.1227 0.0583, 0.0028 -0.1237 0.0573, -0.0028 -0.1237 0.0573, -0.0082 -0.1227 0.0583, -0.013 -0.1209 0.0604, -0.017 -0.1184 0.0634, -0.0199 -0.1152 0.067, -0.0214 -0.1117 0.071, -0.0215 -0.1081 0.0752, -0.0202 -0.1045 0.0793, -0.0176 -0.1013 0.083, -0.009 -0.0922 0.085, -0.0137 -0.0938 0.0825, -0.0176 -0.096 0.0791, -0.0202 -0.0987 0.075, -0.0215 -0.1016 0.0704, -0.0214 -0.1046 0.0657, -0.0199 -0.1075 0.0612, -0.017 -0.1101 0.0572, -0.013 -0.1122 0.0539, -0.0082 -0.1137 0.0516, -0.0028 -0.1145 0.0504, 0.0028 -0.1145 0.0504, 0.0082 -0.1137 0.0516, 0.013 -0.1122 0.0539, 0.017 -0.1101 0.0572, 0.0199 -0.1075 0.0612, 0.0214 -0.1046 0.0657, 0.0215 -0.1016 0.0704, 0.0202 -0.0987 0.075, 0.0176 -0.096 0.0791, 0.009 -0.0873 0.0823, 0.0137 -0.0885 0.0796, 0.0176 -0.0902 0.0759, 0.0202 -0.0922 0.0714, 0.0215 -0.0945 0.0665, 0.0214 -0.0968 0.0614, 0.0199 -0.099 0.0566, 0.017 -0.101 0.0522, 0.013 -0.1026 0.0487, 0.0082 -0.1038 0.0462, 0.0028 -0.1044 0.0449, -0.0028 -0.1044 0.0449, -0.0082 -0.1038 0.0462, -0.013 -0.1026 0.0487, -0.017 -0.101 0.0522, -0.0199 -0.099 0.0566, -0.0214 -0.0968 0.0614, -0.0215 -0.0945 0.0665, -0.0202 -0.0922 0.0714, -0.0176 -0.0902 0.0759, -0.009 -0.082 0.0803, -0.0137 -0.0828 0.0775, -0.0176 -0.084 0.0736, -0.0202 -0.0854 0.0689, -0.0215 -0.0869 0.0637, -0.0214 -0.0885 0.0583, -0.0199 -0.09 0.0532, -0.017 -0.0913 0.0486, -0.013 -0.0924 0.0449, -0.0082 -0.0932 0.0422, -0.0028 -0.0936 0.0408, 0.0028 -0.0936 0.0408, 0.0082 -0.0932 0.0422, 0.013 -0.0924 0.0449, 0.017 -0.0913 0.0486, 0.0199 -0.09 0.0532, 0.0214 -0.0885 0.0583, 0.0215 -0.0869 0.0637, 0.0202 -0.0854 0.0689, 0.0176 -0.084 0.0736, 0.009 -0.0765 0.0791, 0.0137 -0.0769 0.0762, 0.0176 -0.0775 0.0722, 0.0202 -0.0782 0.0673, 0.0215 -0.079 0.062, 0.0214 -0.0798 0.0564, 0.0199 -0.0805 0.0511, 0.017 -0.0812 0.0464, 0.013 -0.0818 0.0425, 0.0082 -0.0822 0.0398, 0.0028 -0.0824 0.0384, -0.0028 -0.0824 0.0384, -0.0082 -0.0822 0.0398, -0.013 -0.0818 0.0425, -0.017 -0.0812 0.0464, -0.0199 -0.0805 0.0511, -0.0214 -0.0798 0.0564, -0.0215 -0.079 0.062, -0.0202 -0.0782 0.0673, -0.0176 -0.0775 0.0722, -0.009 -0.0709 0.0787, -0.0137 -0.0709 0.0758, -0.0176 -0.0709 0.0717, -0.0202 -0.0709 0.0668, -0.0215 -0.0709 0.0614, -0.0214 -0.0709 0.0558, -0.0199 -0.0709 0.0505, -0.017 -0.0709 0.0457, -0.013 -0.0709 0.0418, -0.0082 -0.0709 0.039, -0.0028 -0.0709 0.0376, 0.0028 -0.0709 0.0376, 0.0082 -0.0709 0.039, 0.013 -0.0709 0.0418, 0.017 -0.0709 0.0457, 0.0199 -0.0709 0.0505, 0.0214 -0.0709 0.0558, 0.0215 -0.0709 0.0614, 0.0202 -0.0709 0.0668, 0.0176 -0.0709 0.0717, 0.0137 -0.0709 0.0758, 0.009 -0.0709 0.0787, 0.009 0.0708 0.0787, 0.0137 0.0708 0.0758, 0.0176 0.0708 0.0717, 0.0202 0.0708 0.0668, 0.0215 0.0708 0.0614, 0.0214 0.0708 0.0558, 0.0199 0.0708 0.0505, 0.017 0.0708 0.0457, 0.013 0.0708 0.0418, 0.0082 0.0708 0.039, 0.0028 0.0708 0.0376, -0.0028 0.0708 0.0376, -0.0082 0.0708 0.039, -0.013 0.0708 0.0418, -0.017 0.0708 0.0457, -0.0199 0.0708 0.0505, -0.0214 0.0708 0.0558, -0.0215 0.0708 0.0614, -0.0202 0.0708 0.0668, -0.0176 0.0708 0.0717, -0.0137 0.0708 0.0758, -0.009 0.0708 0.0787, 0.009 0.081 0.2348, 0.009 0.0819 0.2346, 0.0137 0.0827 0.2375, 0.009 0.0905 0.2309, 0.009 0.0921 0.23, 0.0137 0.0937 0.2325, 0.009 0.0986 0.2246, 0.009 0.1006 0.2226, 0.0137 0.1028 0.2246, 0.009 0.1048 0.2165, 0.009 0.1066 0.2132, 0.0137 0.1093 0.2144, 0.009 0.1088 0.207, 0.009 0.1098 0.2025, 0.0137 0.1127 0.2029, -0.009 0.081 0.2348, -0.009 0.0764 0.2358, -0.0137 0.0768 0.2387, -0.009 0.0905 0.2309, -0.009 0.0872 0.2327, -0.0137 0.0884 0.2354, -0.009 0.0986 0.2246, -0.009 0.0966 0.2266, -0.0137 0.0985 0.2288, -0.009 0.1048 0.2165, -0.009 0.1039 0.2181, -0.0137 0.1064 0.2197, -0.009 0.1088 0.207, -0.009 0.1086 0.2079, -0.0137 0.1114 0.2088, -0.009 0.1102 0.1969, -0.009 0.1098 0.2025, -0.0137 0.1131 0.1969, -0.0137 0.1127 0.2029, -0.0176 0.1172 0.1969, -0.0176 0.1167 0.2035, -0.0202 0.1221 0.1969, -0.0202 0.1216 0.2042, -0.0215 0.1275 0.1969, -0.0215 0.127 0.2049, -0.0214 0.1331 0.1969, -0.0214 0.1325 0.2057, -0.0199 0.1385 0.1969, -0.0199 0.1378 0.2065, -0.017 0.1433 0.1969, -0.017 0.1425 0.2072, -0.013 0.1472 0.1969, -0.013 0.1464 0.2077, -0.0082 0.1499 0.1969, -0.0082 0.1491 0.2081, -0.0028 0.1513 0.1969, -0.0028 0.1505 0.2083, 0.0028 0.1513 0.1969, 0.0028 0.1505 0.2083, 0.0082 0.1499 0.1969, 0.0082 0.1491 0.2081, 0.013 0.1472 0.1969, 0.013 0.1464 0.2077, 0.017 0.1433 0.1969, 0.017 0.1425 0.2072, 0.0199 0.1385 0.1969, 0.0199 0.1378 0.2065, 0.0214 0.1331 0.1969, 0.0214 0.1325 0.2057, 0.0215 0.1275 0.1969, 0.0215 0.127 0.2049, 0.0202 0.1221 0.1969, 0.0202 0.1216 0.2042, 0.0176 0.1172 0.1969, 0.0176 0.1167 0.2035, 0.0137 0.1131 0.1969, 0.009 0.1102 0.1969, 0.009 0.1086 0.2079, 0.0137 0.1114 0.2088, 0.0176 0.1153 0.2099, 0.0202 0.12 0.2113, 0.0215 0.1252 0.2128, 0.0214 0.1306 0.2144, 0.0199 0.1357 0.2159, 0.017 0.1403 0.2173, 0.013 0.1441 0.2184, 0.0082 0.1467 0.2191, 0.0028 0.1481 0.2195, -0.0028 0.1481 0.2195, -0.0082 0.1467 0.2191, -0.013 0.1441 0.2184, -0.017 0.1403 0.2173, -0.0199 0.1357 0.2159, -0.0214 0.1306 0.2144, -0.0215 0.1252 0.2128, -0.0202 0.12 0.2113, -0.0176 0.1153 0.2099, -0.009 0.1066 0.2132, -0.0137 0.1093 0.2144, -0.0176 0.113 0.2161, -0.0202 0.1175 0.2182, -0.0215 0.1224 0.2204, -0.0214 0.1275 0.2227, -0.0199 0.1324 0.225, -0.017 0.1367 0.2269, -0.013 0.1403 0.2286, -0.0082 0.1428 0.2297, -0.0028 0.1441 0.2303, 0.0028 0.1441 0.2303, 0.0082 0.1428 0.2297, 0.013 0.1403 0.2286, 0.017 0.1367 0.2269, 0.0199 0.1324 0.225, 0.0214 0.1275 0.2227, 0.0215 0.1224 0.2204, 0.0202 0.1175 0.2182, 0.0176 0.113 0.2161, 0.009 0.1039 0.2181, 0.0137 0.1064 0.2197, 0.0176 0.1098 0.2219, 0.0202 0.114 0.2246, 0.0215 0.1185 0.2275, 0.0214 0.1232 0.2305, 0.0199 0.1277 0.2334, 0.017 0.1318 0.236, 0.013 0.135 0.2381, 0.0082 0.1374 0.2396, 0.0028 0.1386 0.2404, -0.0028 0.1386 0.2404, -0.0082 0.1374 0.2396, -0.013 0.135 0.2381, -0.017 0.1318 0.236, -0.0199 0.1277 0.2334, -0.0214 0.1232 0.2305, -0.0215 0.1185 0.2275, -0.0202 0.114 0.2246, -0.0176 0.1098 0.2219, -0.009 0.1006 0.2226, -0.0137 0.1028 0.2246, -0.0176 0.1059 0.2272, -0.0202 0.1096 0.2304, -0.0215 0.1137 0.234, -0.0214 0.1179 0.2376, -0.0199 0.1219 0.2412, -0.017 0.1256 0.2443, -0.013 0.1285 0.2468, -0.0082 0.1306 0.2487, -0.0028 0.1317 0.2496, 0.0028 0.1317 0.2496, 0.0082 0.1306 0.2487, 0.013 0.1285 0.2468, 0.017 0.1256 0.2443, 0.0199 0.1219 0.2412, 0.0214 0.1179 0.2376, 0.0215 0.1137 0.234, 0.0202 0.1096 0.2304, 0.0176 0.1059 0.2272, 0.009 0.0966 0.2266, 0.0137 0.0985 0.2288, 0.0176 0.1012 0.2319, 0.0202 0.1044 0.2356, 0.0215 0.108 0.2397, 0.0214 0.1116 0.2439, 0.0199 0.1151 0.248, 0.017 0.1183 0.2516, 0.013 0.1208 0.2546, 0.0082 0.1226 0.2566, 0.0028 0.1236 0.2577, -0.0028 0.1236 0.2577, -0.0082 0.1226 0.2566, -0.013 0.1208 0.2546, -0.017 0.1183 0.2516, -0.0199 0.1151 0.248, -0.0214 0.1116 0.2439, -0.0215 0.108 0.2397, -0.0202 0.1044 0.2356, -0.0176 0.1012 0.2319, -0.009 0.0921 0.23, -0.0137 0.0937 0.2325, -0.0176 0.0959 0.2359, -0.0202 0.0986 0.24, -0.0215 0.1015 0.2446, -0.0214 0.1045 0.2493, -0.0199 0.1074 0.2538, -0.017 0.11 0.2578, -0.013 0.1121 0.2611, -0.0082 0.1136 0.2634, -0.0028 0.1144 0.2646, 0.0028 0.1144 0.2646, 0.0082 0.1136 0.2634, 0.013 0.1121 0.2611, 0.017 0.11 0.2578, 0.0199 0.1074 0.2538, 0.0214 0.1045 0.2493, 0.0215 0.1015 0.2446, 0.0202 0.0986 0.24, 0.0176 0.0959 0.2359, 0.009 0.0872 0.2327, 0.0137 0.0884 0.2354, 0.0176 0.0901 0.2391, 0.0202 0.0921 0.2435, 0.0215 0.0944 0.2484, 0.0214 0.0967 0.2535, 0.0199 0.0989 0.2584, 0.017 0.1009 0.2628, 0.013 0.1025 0.2663, 0.0082 0.1037 0.2688, 0.0028 0.1043 0.2701, -0.0028 0.1043 0.2701, -0.0082 0.1037 0.2688, -0.013 0.1025 0.2663, -0.017 0.1009 0.2628, -0.0199 0.0989 0.2584, -0.0214 0.0967 0.2535, -0.0215 0.0944 0.2484, -0.0202 0.0921 0.2435, -0.0176 0.0901 0.2391, -0.009 0.0819 0.2346, -0.0137 0.0827 0.2375, -0.0176 0.0839 0.2414, -0.0202 0.0853 0.2461, -0.0215 0.0868 0.2513, -0.0214 0.0884 0.2566, -0.0199 0.0899 0.2618, -0.017 0.0912 0.2664, -0.013 0.0923 0.2701, -0.0082 0.0931 0.2727, -0.0028 0.0935 0.2741, 0.0028 0.0935 0.2741, 0.0082 0.0931 0.2727, 0.013 0.0923 0.2701, 0.017 0.0912 0.2664, 0.0199 0.0899 0.2618, 0.0214 0.0884 0.2566, 0.0215 0.0868 0.2513, 0.0202 0.0853 0.2461, 0.0176 0.0839 0.2414, 0.009 0.0764 0.2358, 0.0137 0.0768 0.2387, 0.0176 0.0774 0.2428, 0.0202 0.0781 0.2476, 0.0215 0.0789 0.253, 0.0214 0.0797 0.2585, 0.0199 0.0804 0.2638, 0.017 0.0811 0.2686, 0.013 0.0817 0.2724, 0.0082 0.0821 0.2751, 0.0028 0.0823 0.2766, -0.0028 0.0823 0.2766, -0.0082 0.0821 0.2751, -0.013 0.0817 0.2724, -0.017 0.0811 0.2686, -0.0199 0.0804 0.2638, -0.0214 0.0797 0.2585, -0.0215 0.0789 0.253, -0.0202 0.0781 0.2476, -0.0176 0.0774 0.2428, 0.009 0.1102 0.1181, 0.0137 0.1131 0.1181, 0.0176 0.1172 0.1181, 0.0202 0.1221 0.1181, 0.0215 0.1275 0.1181, 0.0214 0.1331 0.1181, 0.0199 0.1385 0.1181, 0.017 0.1433 0.1181, 0.013 0.1472 0.1181, 0.0082 0.1499 0.1181, 0.0028 0.1513 0.1181, -0.0028 0.1513 0.1181, -0.0082 0.1499 0.1181, -0.013 0.1472 0.1181, -0.017 0.1433 0.1181, -0.0199 0.1385 0.1181, -0.0214 0.1331 0.1181, -0.0215 0.1275 0.1181, -0.0202 0.1221 0.1181, -0.0176 0.1172 0.1181, -0.0137 0.1131 0.1181, -0.009 0.1102 0.1181, 0.009 0.1088 0.1079, 0.009 0.1086 0.107, 0.0137 0.1114 0.1062, 0.009 0.1048 0.0985, 0.009 0.1039 0.0968, 0.0137 0.1064 0.0952, 0.009 0.0986 0.0903, 0.009 0.0966 0.0884, 0.0137 0.0985 0.0861, 0.009 0.0905 0.0841, 0.009 0.0872 0.0823, 0.0137 0.0884 0.0796, 0.009 0.081 0.0801, 0.009 0.0764 0.0791, 0.0137 0.0768 0.0762, -0.009 0.1088 0.1079, -0.009 0.1098 0.1125, -0.0137 0.1127 0.1121, -0.009 0.1048 0.0985, -0.009 0.1066 0.1018, -0.0137 0.1093 0.1005, -0.009 0.0986 0.0903, -0.009 0.1006 0.0923, -0.0137 0.1028 0.0904, -0.009 0.0905 0.0841, -0.009 0.0921 0.085, -0.0137 0.0937 0.0825, -0.009 0.081 0.0801, -0.009 0.0819 0.0803, -0.0137 0.0827 0.0775, -0.009 0.0764 0.0791, -0.0137 0.0768 0.0762, -0.0176 0.0774 0.0722, -0.0202 0.0781 0.0673, -0.0215 0.0789 0.062, -0.0214 0.0797 0.0564, -0.0199 0.0804 0.0511, -0.017 0.0811 0.0464, -0.013 0.0817 0.0425, -0.0082 0.0821 0.0398, -0.0028 0.0823 0.0384, 0.0028 0.0823 0.0384, 0.0082 0.0821 0.0398, 0.013 0.0817 0.0425, 0.017 0.0811 0.0464, 0.0199 0.0804 0.0511, 0.0214 0.0797 0.0564, 0.0215 0.0789 0.062, 0.0202 0.0781 0.0673, 0.0176 0.0774 0.0722, 0.009 0.0819 0.0803, 0.0137 0.0827 0.0775, 0.0176 0.0839 0.0736, 0.0202 0.0853 0.0689, 0.0215 0.0868 0.0637, 0.0214 0.0884 0.0583, 0.0199 0.0899 0.0532, 0.017 0.0912 0.0486, 0.013 0.0923 0.0449, 0.0082 0.0931 0.0422, 0.0028 0.0935 0.0408, -0.0028 0.0935 0.0408, -0.0082 0.0931 0.0422, -0.013 0.0923 0.0449, -0.017 0.0912 0.0486, -0.0199 0.0899 0.0532, -0.0214 0.0884 0.0583, -0.0215 0.0868 0.0637, -0.0202 0.0853 0.0689, -0.0176 0.0839 0.0736, -0.009 0.0872 0.0823, -0.0137 0.0884 0.0796, -0.0176 0.0901 0.0759, -0.0202 0.0921 0.0714, -0.0215 0.0944 0.0665, -0.0214 0.0967 0.0614, -0.0199 0.0989 0.0566, -0.017 0.1009 0.0522, -0.013 0.1025 0.0487, -0.0082 0.1037 0.0462, -0.0028 0.1043 0.0449, 0.0028 0.1043 0.0449, 0.0082 0.1037 0.0462, 0.013 0.1025 0.0487, 0.017 0.1009 0.0522, 0.0199 0.0989 0.0566, 0.0214 0.0967 0.0614, 0.0215 0.0944 0.0665, 0.0202 0.0921 0.0714, 0.0176 0.0901 0.0759, 0.009 0.0921 0.085, 0.0137 0.0937 0.0825, 0.0176 0.0959 0.0791, 0.0202 0.0986 0.075, 0.0215 0.1015 0.0704, 0.0214 0.1045 0.0657, 0.0199 0.1074 0.0612, 0.017 0.11 0.0572, 0.013 0.1121 0.0539, 0.0082 0.1136 0.0516, 0.0028 0.1144 0.0504, -0.0028 0.1144 0.0504, -0.0082 0.1136 0.0516, -0.013 0.1121 0.0539, -0.017 0.11 0.0572, -0.0199 0.1074 0.0612, -0.0214 0.1045 0.0657, -0.0215 0.1015 0.0704, -0.0202 0.0986 0.075, -0.0176 0.0959 0.0791, -0.009 0.0966 0.0884, -0.0137 0.0985 0.0861, -0.0176 0.1012 0.083, -0.0202 0.1044 0.0793, -0.0215 0.108 0.0752, -0.0214 0.1116 0.071, -0.0199 0.1151 0.067, -0.017 0.1183 0.0634, -0.013 0.1208 0.0604, -0.0082 0.1226 0.0583, -0.0028 0.1236 0.0573, 0.0028 0.1236 0.0573, 0.0082 0.1226 0.0583, 0.013 0.1208 0.0604, 0.017 0.1183 0.0634, 0.0199 0.1151 0.067, 0.0214 0.1116 0.071, 0.0215 0.108 0.0752, 0.0202 0.1044 0.0793, 0.0176 0.1012 0.083, 0.009 0.1006 0.0923, 0.0137 0.1028 0.0904, 0.0176 0.1059 0.0877, 0.0202 0.1096 0.0845, 0.0215 0.1137 0.081, 0.0214 0.1179 0.0773, 0.0199 0.1219 0.0738, 0.017 0.1256 0.0707, 0.013 0.1285 0.0681, 0.0082 0.1306 0.0663, 0.0028 0.1317 0.0654, -0.0028 0.1317 0.0654, -0.0082 0.1306 0.0663, -0.013 0.1285 0.0681, -0.017 0.1256 0.0707, -0.0199 0.1219 0.0738, -0.0214 0.1179 0.0773, -0.0215 0.1137 0.081, -0.0202 0.1096 0.0845, -0.0176 0.1059 0.0877, -0.009 0.1039 0.0968, -0.0137 0.1064 0.0952, -0.0176 0.1098 0.093, -0.0202 0.114 0.0904, -0.0215 0.1185 0.0874, -0.0214 0.1232 0.0844, -0.0199 0.1277 0.0815, -0.017 0.1318 0.0789, -0.013 0.135 0.0768, -0.0082 0.1374 0.0753, -0.0028 0.1386 0.0746, 0.0028 0.1386 0.0746, 0.0082 0.1374 0.0753, 0.013 0.135 0.0768, 0.017 0.1318 0.0789, 0.0199 0.1277 0.0815, 0.0214 0.1232 0.0844, 0.0215 0.1185 0.0874, 0.0202 0.114 0.0904, 0.0176 0.1098 0.093, 0.009 0.1066 0.1018, 0.0137 0.1093 0.1005, 0.0176 0.113 0.0988, 0.0202 0.1175 0.0968, 0.0215 0.1224 0.0945, 0.0214 0.1275 0.0922, 0.0199 0.1324 0.09, 0.017 0.1367 0.088, 0.013 0.1403 0.0864, 0.0082 0.1428 0.0852, 0.0028 0.1441 0.0847, -0.0028 0.1441 0.0847, -0.0082 0.1428 0.0852, -0.013 0.1403 0.0864, -0.017 0.1367 0.088, -0.0199 0.1324 0.09, -0.0214 0.1275 0.0922, -0.0215 0.1224 0.0945, -0.0202 0.1175 0.0968, -0.0176 0.113 0.0988, -0.009 0.1086 0.107, -0.0137 0.1114 0.1062, -0.0176 0.1153 0.105, -0.0202 0.12 0.1037, -0.0215 0.1252 0.1021, -0.0214 0.1306 0.1006, -0.0199 0.1357 0.099, -0.017 0.1403 0.0977, -0.013 0.1441 0.0966, -0.0082 0.1467 0.0958, -0.0028 0.1481 0.0954, 0.0028 0.1481 0.0954, 0.0082 0.1467 0.0958, 0.013 0.1441 0.0966, 0.017 0.1403 0.0977, 0.0199 0.1357 0.099, 0.0214 0.1306 0.1006, 0.0215 0.1252 0.1021, 0.0202 0.12 0.1037, 0.0176 0.1153 0.105, 0.009 0.1098 0.1125, 0.0137 0.1127 0.1121, 0.0176 0.1167 0.1115, 0.0202 0.1216 0.1108, 0.0215 0.127 0.11, 0.0214 0.1325 0.1092, 0.0199 0.1378 0.1085, 0.017 0.1425 0.1078, 0.013 0.1464 0.1072, 0.0082 0.1491 0.1069, 0.0028 0.1505 0.1066, -0.0028 0.1505 0.1066, -0.0082 0.1491 0.1069, -0.013 0.1464 0.1072, -0.017 0.1425 0.1078, -0.0199 0.1378 0.1085, -0.0214 0.1325 0.1092, -0.0215 0.127 0.11, -0.0202 0.1216 0.1108, -0.0176 0.1167 0.1115, -0.0382 -0.0709 0.2362, -0.0382 0.0708 0.2362, -0.0335 0.0708 0.2392, -0.0335 -0.0709 0.2392, -0.0297 0.0708 0.2432, -0.0297 -0.0709 0.2432, -0.027 0.0708 0.2482, -0.027 -0.0709 0.2482, -0.0257 0.0708 0.2536, -0.0257 -0.0709 0.2536, -0.0258 0.0708 0.2591, -0.0258 -0.0709 0.2591, -0.0274 0.0708 0.2645, -0.0274 -0.0709 0.2645, -0.0302 0.0708 0.2693, -0.0302 -0.0709 0.2693, -0.0342 0.0708 0.2732, -0.0342 -0.0709 0.2732, -0.0391 0.0708 0.276, -0.0391 -0.0709 0.276, -0.0445 0.0708 0.2774, -0.0445 -0.0709 0.2774, -0.05 0.0708 0.2774, -0.05 -0.0709 0.2774, -0.0554 0.0708 0.276, -0.0554 -0.0709 0.276, -0.0603 0.0708 0.2732, -0.0603 -0.0709 0.2732, -0.0643 0.0708 0.2693, -0.0643 -0.0709 0.2693, -0.0671 0.0708 0.2645, -0.0671 -0.0709 0.2645, -0.0687 0.0708 0.2591, -0.0687 -0.0709 0.2591, -0.0688 0.0708 0.2536, -0.0688 -0.0709 0.2536, -0.0675 0.0708 0.2482, -0.0675 -0.0709 0.2482, -0.0648 0.0708 0.2432, -0.0648 -0.0709 0.2432, -0.061 0.0708 0.2392, -0.061 -0.0709 0.2392, -0.0563 0.0708 0.2362, -0.0563 -0.0709 0.2362, -0.0382 -0.1089 0.207, -0.0382 -0.1087 0.2079, -0.0335 -0.1115 0.2088, -0.0382 -0.1049 0.2165, -0.0382 -0.104 0.2181, -0.0335 -0.1065 0.2197, -0.0382 -0.0987 0.2246, -0.0382 -0.0967 0.2266, -0.0335 -0.0986 0.2288, -0.0382 -0.0906 0.2309, -0.0382 -0.0873 0.2327, -0.0335 -0.0885 0.2354, -0.0382 -0.0811 0.2348, -0.0382 -0.0765 0.2358, -0.0335 -0.0769 0.2387, -0.0563 -0.1089 0.207, -0.0563 -0.1099 0.2025, -0.061 -0.1128 0.2029, -0.0563 -0.1049 0.2165, -0.0563 -0.1067 0.2132, -0.061 -0.1094 0.2144, -0.0563 -0.0987 0.2246, -0.0563 -0.1007 0.2226, -0.061 -0.1029 0.2246, -0.0563 -0.0906 0.2309, -0.0563 -0.0922 0.23, -0.061 -0.0938 0.2325, -0.0563 -0.0811 0.2348, -0.0563 -0.082 0.2346, -0.061 -0.0828 0.2375, -0.0563 -0.0765 0.2358, -0.061 -0.0769 0.2387, -0.0648 -0.0775 0.2428, -0.0675 -0.0782 0.2476, -0.0688 -0.079 0.253, -0.0687 -0.0798 0.2585, -0.0671 -0.0805 0.2638, -0.0643 -0.0812 0.2686, -0.0603 -0.0818 0.2724, -0.0554 -0.0822 0.2751, -0.05 -0.0824 0.2766, -0.0445 -0.0824 0.2766, -0.0391 -0.0822 0.2751, -0.0342 -0.0818 0.2724, -0.0302 -0.0812 0.2686, -0.0274 -0.0805 0.2638, -0.0258 -0.0798 0.2585, -0.0257 -0.079 0.253, -0.027 -0.0782 0.2476, -0.0297 -0.0775 0.2428, -0.0382 -0.082 0.2346, -0.0335 -0.0828 0.2375, -0.0297 -0.084 0.2414, -0.027 -0.0854 0.2461, -0.0257 -0.0869 0.2513, -0.0258 -0.0885 0.2566, -0.0274 -0.09 0.2618, -0.0302 -0.0913 0.2664, -0.0342 -0.0924 0.2701, -0.0391 -0.0932 0.2727, -0.0445 -0.0936 0.2741, -0.05 -0.0936 0.2741, -0.0554 -0.0932 0.2727, -0.0603 -0.0924 0.2701, -0.0643 -0.0913 0.2664, -0.0671 -0.09 0.2618, -0.0687 -0.0885 0.2566, -0.0688 -0.0869 0.2513, -0.0675 -0.0854 0.2461, -0.0648 -0.084 0.2414, -0.0563 -0.0873 0.2327, -0.061 -0.0885 0.2354, -0.0648 -0.0902 0.2391, -0.0675 -0.0922 0.2435, -0.0688 -0.0945 0.2484, -0.0687 -0.0968 0.2535, -0.0671 -0.099 0.2584, -0.0643 -0.101 0.2628, -0.0603 -0.1026 0.2663, -0.0554 -0.1038 0.2688, -0.05 -0.1044 0.2701, -0.0445 -0.1044 0.2701, -0.0391 -0.1038 0.2688, -0.0342 -0.1026 0.2663, -0.0302 -0.101 0.2628, -0.0274 -0.099 0.2584, -0.0258 -0.0968 0.2535, -0.0257 -0.0945 0.2484, -0.027 -0.0922 0.2435, -0.0297 -0.0902 0.2391, -0.0382 -0.0922 0.23, -0.0335 -0.0938 0.2325, -0.0297 -0.096 0.2359, -0.027 -0.0987 0.24, -0.0257 -0.1016 0.2446, -0.0258 -0.1046 0.2493, -0.0274 -0.1075 0.2538, -0.0302 -0.1101 0.2578, -0.0342 -0.1122 0.2611, -0.0391 -0.1137 0.2634, -0.0445 -0.1145 0.2646, -0.05 -0.1145 0.2646, -0.0554 -0.1137 0.2634, -0.0603 -0.1122 0.2611, -0.0643 -0.1101 0.2578, -0.0671 -0.1075 0.2538, -0.0687 -0.1046 0.2493, -0.0688 -0.1016 0.2446, -0.0675 -0.0987 0.24, -0.0648 -0.096 0.2359, -0.0563 -0.0967 0.2266, -0.061 -0.0986 0.2288, -0.0648 -0.1013 0.2319, -0.0675 -0.1045 0.2356, -0.0688 -0.1081 0.2397, -0.0687 -0.1117 0.2439, -0.0671 -0.1152 0.248, -0.0643 -0.1184 0.2516, -0.0603 -0.1209 0.2546, -0.0554 -0.1227 0.2566, -0.05 -0.1237 0.2577, -0.0445 -0.1237 0.2577, -0.0391 -0.1227 0.2566, -0.0342 -0.1209 0.2546, -0.0302 -0.1184 0.2516, -0.0274 -0.1152 0.248, -0.0258 -0.1117 0.2439, -0.0257 -0.1081 0.2397, -0.027 -0.1045 0.2356, -0.0297 -0.1013 0.2319, -0.0382 -0.1007 0.2226, -0.0335 -0.1029 0.2246, -0.0297 -0.106 0.2272, -0.027 -0.1097 0.2304, -0.0257 -0.1138 0.234, -0.0258 -0.118 0.2376, -0.0274 -0.122 0.2412, -0.0302 -0.1257 0.2443, -0.0342 -0.1286 0.2468, -0.0391 -0.1307 0.2487, -0.0445 -0.1318 0.2496, -0.05 -0.1318 0.2496, -0.0554 -0.1307 0.2487, -0.0603 -0.1286 0.2468, -0.0643 -0.1257 0.2443, -0.0671 -0.122 0.2412, -0.0687 -0.118 0.2376, -0.0688 -0.1138 0.234, -0.0675 -0.1097 0.2304, -0.0648 -0.106 0.2272, -0.0563 -0.104 0.2181, -0.061 -0.1065 0.2197, -0.0648 -0.1099 0.2219, -0.0675 -0.1141 0.2246, -0.0688 -0.1186 0.2275, -0.0687 -0.1233 0.2305, -0.0671 -0.1278 0.2334, -0.0643 -0.1319 0.236, -0.0603 -0.1351 0.2381, -0.0554 -0.1375 0.2396, -0.05 -0.1387 0.2404, -0.0445 -0.1387 0.2404, -0.0391 -0.1375 0.2396, -0.0342 -0.1351 0.2381, -0.0302 -0.1319 0.236, -0.0274 -0.1278 0.2334, -0.0258 -0.1233 0.2305, -0.0257 -0.1186 0.2275, -0.027 -0.1141 0.2246, -0.0297 -0.1099 0.2219, -0.0382 -0.1067 0.2132, -0.0335 -0.1094 0.2144, -0.0297 -0.1131 0.2161, -0.027 -0.1176 0.2182, -0.0257 -0.1225 0.2204, -0.0258 -0.1276 0.2227, -0.0274 -0.1325 0.225, -0.0302 -0.1368 0.2269, -0.0342 -0.1404 0.2286, -0.0391 -0.1429 0.2297, -0.0445 -0.1442 0.2303, -0.05 -0.1442 0.2303, -0.0554 -0.1429 0.2297, -0.0603 -0.1404 0.2286, -0.0643 -0.1368 0.2269, -0.0671 -0.1325 0.225, -0.0687 -0.1276 0.2227, -0.0688 -0.1225 0.2204, -0.0675 -0.1176 0.2182, -0.0648 -0.1131 0.2161, -0.0563 -0.1087 0.2079, -0.061 -0.1115 0.2088, -0.0648 -0.1154 0.2099, -0.0675 -0.1201 0.2113, -0.0688 -0.1253 0.2128, -0.0687 -0.1307 0.2144, -0.0671 -0.1358 0.2159, -0.0643 -0.1404 0.2173, -0.0603 -0.1442 0.2184, -0.0554 -0.1468 0.2191, -0.05 -0.1482 0.2195, -0.0445 -0.1482 0.2195, -0.0391 -0.1468 0.2191, -0.0342 -0.1442 0.2184, -0.0302 -0.1404 0.2173, -0.0274 -0.1358 0.2159, -0.0258 -0.1307 0.2144, -0.0257 -0.1253 0.2128, -0.027 -0.1201 0.2113, -0.0297 -0.1154 0.2099, -0.0382 -0.1099 0.2025, -0.0335 -0.1128 0.2029, -0.0297 -0.1168 0.2035, -0.027 -0.1217 0.2042, -0.0257 -0.1271 0.2049, -0.0258 -0.1326 0.2057, -0.0274 -0.1379 0.2065, -0.0302 -0.1426 0.2072, -0.0342 -0.1465 0.2077, -0.0391 -0.1492 0.2081, -0.0445 -0.1506 0.2083, -0.05 -0.1506 0.2083, -0.0554 -0.1492 0.2081, -0.0603 -0.1465 0.2077, -0.0643 -0.1426 0.2072, -0.0671 -0.1379 0.2065, -0.0687 -0.1326 0.2057, -0.0688 -0.1271 0.2049, -0.0675 -0.1217 0.2042, -0.0648 -0.1168 0.2035, -0.0563 -0.1103 0.1969, -0.061 -0.1132 0.1969, -0.0648 -0.1173 0.1969, -0.0675 -0.1222 0.1969, -0.0688 -0.1276 0.1969, -0.0687 -0.1332 0.1969, -0.0671 -0.1386 0.1969, -0.0643 -0.1434 0.1969, -0.0603 -0.1473 0.1969, -0.0554 -0.15 0.1969, -0.05 -0.1514 0.1969, -0.0445 -0.1514 0.1969, -0.0391 -0.15 0.1969, -0.0342 -0.1473 0.1969, -0.0302 -0.1434 0.1969, -0.0274 -0.1386 0.1969, -0.0258 -0.1332 0.1969, -0.0257 -0.1276 0.1969, -0.027 -0.1222 0.1969, -0.0297 -0.1173 0.1969, -0.0335 -0.1132 0.1969, -0.0382 -0.1103 0.1969, -0.0382 -0.1103 0.1181, -0.0335 -0.1132 0.1181, -0.0297 -0.1173 0.1181, -0.027 -0.1222 0.1181, -0.0257 -0.1276 0.1181, -0.0258 -0.1332 0.1181, -0.0274 -0.1386 0.1181, -0.0302 -0.1434 0.1181, -0.0342 -0.1473 0.1181, -0.0391 -0.15 0.1181, -0.0445 -0.1514 0.1181, -0.05 -0.1514 0.1181, -0.0554 -0.15 0.1181, -0.0603 -0.1473 0.1181, -0.0643 -0.1434 0.1181, -0.0671 -0.1386 0.1181, -0.0687 -0.1332 0.1181, -0.0688 -0.1276 0.1181, -0.0675 -0.1222 0.1181, -0.0648 -0.1173 0.1181, -0.061 -0.1132 0.1181, -0.0563 -0.1103 0.1181, -0.0382 -0.0811 0.0801, -0.0382 -0.082 0.0803, -0.0335 -0.0828 0.0775, -0.0382 -0.0906 0.0841, -0.0382 -0.0922 0.085, -0.0335 -0.0938 0.0825, -0.0382 -0.0987 0.0903, -0.0382 -0.1007 0.0923, -0.0335 -0.1029 0.0904, -0.0382 -0.1049 0.0985, -0.0382 -0.1067 0.1018, -0.0335 -0.1094 0.1005, -0.0382 -0.1089 0.1079, -0.0382 -0.1099 0.1125, -0.0335 -0.1128 0.1121, -0.0563 -0.0811 0.0801, -0.0563 -0.0765 0.0791, -0.061 -0.0769 0.0762, -0.0563 -0.0906 0.0841, -0.0563 -0.0873 0.0823, -0.061 -0.0885 0.0796, -0.0563 -0.0987 0.0903, -0.0563 -0.0967 0.0884, -0.061 -0.0986 0.0861, -0.0563 -0.1049 0.0985, -0.0563 -0.104 0.0968, -0.061 -0.1065 0.0952, -0.0563 -0.1089 0.1079, -0.0563 -0.1087 0.107, -0.061 -0.1115 0.1062, -0.0563 -0.1099 0.1125, -0.061 -0.1128 0.1121, -0.0648 -0.1168 0.1115, -0.0675 -0.1217 0.1108, -0.0688 -0.1271 0.11, -0.0687 -0.1326 0.1092, -0.0671 -0.1379 0.1085, -0.0643 -0.1426 0.1078, -0.0603 -0.1465 0.1072, -0.0554 -0.1492 0.1069, -0.05 -0.1506 0.1066, -0.0445 -0.1506 0.1066, -0.0391 -0.1492 0.1069, -0.0342 -0.1465 0.1072, -0.0302 -0.1426 0.1078, -0.0274 -0.1379 0.1085, -0.0258 -0.1326 0.1092, -0.0257 -0.1271 0.11, -0.027 -0.1217 0.1108, -0.0297 -0.1168 0.1115, -0.0382 -0.1087 0.107, -0.0335 -0.1115 0.1062, -0.0297 -0.1154 0.105, -0.027 -0.1201 0.1037, -0.0257 -0.1253 0.1021, -0.0258 -0.1307 0.1006, -0.0274 -0.1358 0.099, -0.0302 -0.1404 0.0977, -0.0342 -0.1442 0.0966, -0.0391 -0.1468 0.0958, -0.0445 -0.1482 0.0954, -0.05 -0.1482 0.0954, -0.0554 -0.1468 0.0958, -0.0603 -0.1442 0.0966, -0.0643 -0.1404 0.0977, -0.0671 -0.1358 0.099, -0.0687 -0.1307 0.1006, -0.0688 -0.1253 0.1021, -0.0675 -0.1201 0.1037, -0.0648 -0.1154 0.105, -0.0563 -0.1067 0.1018, -0.061 -0.1094 0.1005, -0.0648 -0.1131 0.0988, -0.0675 -0.1176 0.0968, -0.0688 -0.1225 0.0945, -0.0687 -0.1276 0.0922, -0.0671 -0.1325 0.09, -0.0643 -0.1368 0.088, -0.0603 -0.1404 0.0864, -0.0554 -0.1429 0.0852, -0.05 -0.1442 0.0847, -0.0445 -0.1442 0.0847, -0.0391 -0.1429 0.0852, -0.0342 -0.1404 0.0864, -0.0302 -0.1368 0.088, -0.0274 -0.1325 0.09, -0.0258 -0.1276 0.0922, -0.0257 -0.1225 0.0945, -0.027 -0.1176 0.0968, -0.0297 -0.1131 0.0988, -0.0382 -0.104 0.0968, -0.0335 -0.1065 0.0952, -0.0297 -0.1099 0.093, -0.027 -0.1141 0.0904, -0.0257 -0.1186 0.0874, -0.0258 -0.1233 0.0844, -0.0274 -0.1278 0.0815, -0.0302 -0.1319 0.0789, -0.0342 -0.1351 0.0768, -0.0391 -0.1375 0.0753, -0.0445 -0.1387 0.0746, -0.05 -0.1387 0.0746, -0.0554 -0.1375 0.0753, -0.0603 -0.1351 0.0768, -0.0643 -0.1319 0.0789, -0.0671 -0.1278 0.0815, -0.0687 -0.1233 0.0844, -0.0688 -0.1186 0.0874, -0.0675 -0.1141 0.0904, -0.0648 -0.1099 0.093, -0.0563 -0.1007 0.0923, -0.061 -0.1029 0.0904, -0.0648 -0.106 0.0877, -0.0675 -0.1097 0.0845, -0.0688 -0.1138 0.081, -0.0687 -0.118 0.0773, -0.0671 -0.122 0.0738, -0.0643 -0.1257 0.0707, -0.0603 -0.1286 0.0681, -0.0554 -0.1307 0.0663, -0.05 -0.1318 0.0654, -0.0445 -0.1318 0.0654, -0.0391 -0.1307 0.0663, -0.0342 -0.1286 0.0681, -0.0302 -0.1257 0.0707, -0.0274 -0.122 0.0738, -0.0258 -0.118 0.0773, -0.0257 -0.1138 0.081, -0.027 -0.1097 0.0845, -0.0297 -0.106 0.0877, -0.0382 -0.0967 0.0884, -0.0335 -0.0986 0.0861, -0.0297 -0.1013 0.083, -0.027 -0.1045 0.0793, -0.0257 -0.1081 0.0752, -0.0258 -0.1117 0.071, -0.0274 -0.1152 0.067, -0.0302 -0.1184 0.0634, -0.0342 -0.1209 0.0604, -0.0391 -0.1227 0.0583, -0.0445 -0.1237 0.0573, -0.05 -0.1237 0.0573, -0.0554 -0.1227 0.0583, -0.0603 -0.1209 0.0604, -0.0643 -0.1184 0.0634, -0.0671 -0.1152 0.067, -0.0687 -0.1117 0.071, -0.0688 -0.1081 0.0752, -0.0675 -0.1045 0.0793, -0.0648 -0.1013 0.083, -0.0563 -0.0922 0.085, -0.061 -0.0938 0.0825, -0.0648 -0.096 0.0791, -0.0675 -0.0987 0.075, -0.0688 -0.1016 0.0704, -0.0687 -0.1046 0.0657, -0.0671 -0.1075 0.0612, -0.0643 -0.1101 0.0572, -0.0603 -0.1122 0.0539, -0.0554 -0.1137 0.0516, -0.05 -0.1145 0.0504, -0.0445 -0.1145 0.0504, -0.0391 -0.1137 0.0516, -0.0342 -0.1122 0.0539, -0.0302 -0.1101 0.0572, -0.0274 -0.1075 0.0612, -0.0258 -0.1046 0.0657, -0.0257 -0.1016 0.0704, -0.027 -0.0987 0.075, -0.0297 -0.096 0.0791, -0.0382 -0.0873 0.0823, -0.0335 -0.0885 0.0796, -0.0297 -0.0902 0.0759, -0.027 -0.0922 0.0714, -0.0257 -0.0945 0.0665, -0.0258 -0.0968 0.0614, -0.0274 -0.099 0.0566, -0.0302 -0.101 0.0522, -0.0342 -0.1026 0.0487, -0.0391 -0.1038 0.0462, -0.0445 -0.1044 0.0449, -0.05 -0.1044 0.0449, -0.0554 -0.1038 0.0462, -0.0603 -0.1026 0.0487, -0.0643 -0.101 0.0522, -0.0671 -0.099 0.0566, -0.0687 -0.0968 0.0614, -0.0688 -0.0945 0.0665, -0.0675 -0.0922 0.0714, -0.0648 -0.0902 0.0759, -0.0563 -0.082 0.0803, -0.061 -0.0828 0.0775, -0.0648 -0.084 0.0736, -0.0675 -0.0854 0.0689, -0.0688 -0.0869 0.0637, -0.0687 -0.0885 0.0583, -0.0671 -0.09 0.0532, -0.0643 -0.0913 0.0486, -0.0603 -0.0924 0.0449, -0.0554 -0.0932 0.0422, -0.05 -0.0936 0.0408, -0.0445 -0.0936 0.0408, -0.0391 -0.0932 0.0422, -0.0342 -0.0924 0.0449, -0.0302 -0.0913 0.0486, -0.0274 -0.09 0.0532, -0.0258 -0.0885 0.0583, -0.0257 -0.0869 0.0637, -0.027 -0.0854 0.0689, -0.0297 -0.084 0.0736, -0.0382 -0.0765 0.0791, -0.0335 -0.0769 0.0762, -0.0297 -0.0775 0.0722, -0.027 -0.0782 0.0673, -0.0257 -0.079 0.062, -0.0258 -0.0798 0.0564, -0.0274 -0.0805 0.0511, -0.0302 -0.0812 0.0464, -0.0342 -0.0818 0.0425, -0.0391 -0.0822 0.0398, -0.0445 -0.0824 0.0384, -0.05 -0.0824 0.0384, -0.0554 -0.0822 0.0398, -0.0603 -0.0818 0.0425, -0.0643 -0.0812 0.0464, -0.0671 -0.0805 0.0511, -0.0687 -0.0798 0.0564, -0.0688 -0.079 0.062, -0.0675 -0.0782 0.0673, -0.0648 -0.0775 0.0722, -0.0563 -0.0709 0.0787, -0.061 -0.0709 0.0758, -0.0648 -0.0709 0.0717, -0.0675 -0.0709 0.0668, -0.0688 -0.0709 0.0614, -0.0687 -0.0709 0.0558, -0.0671 -0.0709 0.0505, -0.0643 -0.0709 0.0457, -0.0603 -0.0709 0.0418, -0.0554 -0.0709 0.039, -0.05 -0.0709 0.0376, -0.0445 -0.0709 0.0376, -0.0391 -0.0709 0.039, -0.0342 -0.0709 0.0418, -0.0302 -0.0709 0.0457, -0.0274 -0.0709 0.0505, -0.0258 -0.0709 0.0558, -0.0257 -0.0709 0.0614, -0.027 -0.0709 0.0668, -0.0297 -0.0709 0.0717, -0.0335 -0.0709 0.0758, -0.0382 -0.0709 0.0787, -0.0382 0.0708 0.0787, -0.0335 0.0708 0.0758, -0.0297 0.0708 0.0717, -0.027 0.0708 0.0668, -0.0257 0.0708 0.0614, -0.0258 0.0708 0.0558, -0.0274 0.0708 0.0505, -0.0302 0.0708 0.0457, -0.0342 0.0708 0.0418, -0.0391 0.0708 0.039, -0.0445 0.0708 0.0376, -0.05 0.0708 0.0376, -0.0554 0.0708 0.039, -0.0603 0.0708 0.0418, -0.0643 0.0708 0.0457, -0.0671 0.0708 0.0505, -0.0687 0.0708 0.0558, -0.0688 0.0708 0.0614, -0.0675 0.0708 0.0668, -0.0648 0.0708 0.0717, -0.061 0.0708 0.0758, -0.0563 0.0708 0.0787, -0.0382 0.081 0.2348, -0.0382 0.0819 0.2346, -0.0335 0.0827 0.2375, -0.0382 0.0905 0.2309, -0.0382 0.0921 0.23, -0.0335 0.0937 0.2325, -0.0382 0.0986 0.2246, -0.0382 0.1006 0.2226, -0.0335 0.1028 0.2246, -0.0382 0.1048 0.2165, -0.0382 0.1066 0.2132, -0.0335 0.1093 0.2144, -0.0382 0.1088 0.207, -0.0382 0.1098 0.2025, -0.0335 0.1127 0.2029, -0.0563 0.081 0.2348, -0.0563 0.0764 0.2358, -0.061 0.0768 0.2387, -0.0563 0.0905 0.2309, -0.0563 0.0872 0.2327, -0.061 0.0884 0.2354, -0.0563 0.0986 0.2246, -0.0563 0.0966 0.2266, -0.061 0.0985 0.2288, -0.0563 0.1048 0.2165, -0.0563 0.1039 0.2181, -0.061 0.1064 0.2197, -0.0563 0.1088 0.207, -0.0563 0.1086 0.2079, -0.061 0.1114 0.2088, -0.0563 0.1102 0.1969, -0.0563 0.1098 0.2025, -0.061 0.1131 0.1969, -0.061 0.1127 0.2029, -0.0648 0.1172 0.1969, -0.0648 0.1167 0.2035, -0.0675 0.1221 0.1969, -0.0675 0.1216 0.2042, -0.0688 0.1275 0.1969, -0.0688 0.127 0.2049, -0.0687 0.1331 0.1969, -0.0687 0.1325 0.2057, -0.0671 0.1385 0.1969, -0.0671 0.1378 0.2065, -0.0643 0.1433 0.1969, -0.0643 0.1425 0.2072, -0.0603 0.1472 0.1969, -0.0603 0.1464 0.2077, -0.0554 0.1499 0.1969, -0.0554 0.1491 0.2081, -0.05 0.1513 0.1969, -0.05 0.1505 0.2083, -0.0445 0.1513 0.1969, -0.0445 0.1505 0.2083, -0.0391 0.1499 0.1969, -0.0391 0.1491 0.2081, -0.0342 0.1472 0.1969, -0.0342 0.1464 0.2077, -0.0302 0.1433 0.1969, -0.0302 0.1425 0.2072, -0.0274 0.1385 0.1969, -0.0274 0.1378 0.2065, -0.0258 0.1331 0.1969, -0.0258 0.1325 0.2057, -0.0257 0.1275 0.1969, -0.0257 0.127 0.2049, -0.027 0.1221 0.1969, -0.027 0.1216 0.2042, -0.0297 0.1172 0.1969, -0.0297 0.1167 0.2035, -0.0335 0.1131 0.1969, -0.0382 0.1102 0.1969, -0.0382 0.1086 0.2079, -0.0335 0.1114 0.2088, -0.0297 0.1153 0.2099, -0.027 0.12 0.2113, -0.0257 0.1252 0.2128, -0.0258 0.1306 0.2144, -0.0274 0.1357 0.2159, -0.0302 0.1403 0.2173, -0.0342 0.1441 0.2184, -0.0391 0.1467 0.2191, -0.0445 0.1481 0.2195, -0.05 0.1481 0.2195, -0.0554 0.1467 0.2191, -0.0603 0.1441 0.2184, -0.0643 0.1403 0.2173, -0.0671 0.1357 0.2159, -0.0687 0.1306 0.2144, -0.0688 0.1252 0.2128, -0.0675 0.12 0.2113, -0.0648 0.1153 0.2099, -0.0563 0.1066 0.2132, -0.061 0.1093 0.2144, -0.0648 0.113 0.2161, -0.0675 0.1175 0.2182, -0.0688 0.1224 0.2204, -0.0687 0.1275 0.2227, -0.0671 0.1324 0.225, -0.0643 0.1367 0.2269, -0.0603 0.1403 0.2286, -0.0554 0.1428 0.2297, -0.05 0.1441 0.2303, -0.0445 0.1441 0.2303, -0.0391 0.1428 0.2297, -0.0342 0.1403 0.2286, -0.0302 0.1367 0.2269, -0.0274 0.1324 0.225, -0.0258 0.1275 0.2227, -0.0257 0.1224 0.2204, -0.027 0.1175 0.2182, -0.0297 0.113 0.2161, -0.0382 0.1039 0.2181, -0.0335 0.1064 0.2197, -0.0297 0.1098 0.2219, -0.027 0.114 0.2246, -0.0257 0.1185 0.2275, -0.0258 0.1232 0.2305, -0.0274 0.1277 0.2334, -0.0302 0.1318 0.236, -0.0342 0.135 0.2381, -0.0391 0.1374 0.2396, -0.0445 0.1386 0.2404, -0.05 0.1386 0.2404, -0.0554 0.1374 0.2396, -0.0603 0.135 0.2381, -0.0643 0.1318 0.236, -0.0671 0.1277 0.2334, -0.0687 0.1232 0.2305, -0.0688 0.1185 0.2275, -0.0675 0.114 0.2246, -0.0648 0.1098 0.2219, -0.0563 0.1006 0.2226, -0.061 0.1028 0.2246, -0.0648 0.1059 0.2272, -0.0675 0.1096 0.2304, -0.0688 0.1137 0.234, -0.0687 0.1179 0.2376, -0.0671 0.1219 0.2412, -0.0643 0.1256 0.2443, -0.0603 0.1285 0.2468, -0.0554 0.1306 0.2487, -0.05 0.1317 0.2496, -0.0445 0.1317 0.2496, -0.0391 0.1306 0.2487, -0.0342 0.1285 0.2468, -0.0302 0.1256 0.2443, -0.0274 0.1219 0.2412, -0.0258 0.1179 0.2376, -0.0257 0.1137 0.234, -0.027 0.1096 0.2304, -0.0297 0.1059 0.2272, -0.0382 0.0966 0.2266, -0.0335 0.0985 0.2288, -0.0297 0.1012 0.2319, -0.027 0.1044 0.2356, -0.0257 0.108 0.2397, -0.0258 0.1116 0.2439, -0.0274 0.1151 0.248, -0.0302 0.1183 0.2516, -0.0342 0.1208 0.2546, -0.0391 0.1226 0.2566, -0.0445 0.1236 0.2577, -0.05 0.1236 0.2577, -0.0554 0.1226 0.2566, -0.0603 0.1208 0.2546, -0.0643 0.1183 0.2516, -0.0671 0.1151 0.248, -0.0687 0.1116 0.2439, -0.0688 0.108 0.2397, -0.0675 0.1044 0.2356, -0.0648 0.1012 0.2319, -0.0563 0.0921 0.23, -0.061 0.0937 0.2325, -0.0648 0.0959 0.2359, -0.0675 0.0986 0.24, -0.0688 0.1015 0.2446, -0.0687 0.1045 0.2493, -0.0671 0.1074 0.2538, -0.0643 0.11 0.2578, -0.0603 0.1121 0.2611, -0.0554 0.1136 0.2634, -0.05 0.1144 0.2646, -0.0445 0.1144 0.2646, -0.0391 0.1136 0.2634, -0.0342 0.1121 0.2611, -0.0302 0.11 0.2578, -0.0274 0.1074 0.2538, -0.0258 0.1045 0.2493, -0.0257 0.1015 0.2446, -0.027 0.0986 0.24, -0.0297 0.0959 0.2359, -0.0382 0.0872 0.2327, -0.0335 0.0884 0.2354, -0.0297 0.0901 0.2391, -0.027 0.0921 0.2435, -0.0257 0.0944 0.2484, -0.0258 0.0967 0.2535, -0.0274 0.0989 0.2584, -0.0302 0.1009 0.2628, -0.0342 0.1025 0.2663, -0.0391 0.1037 0.2688, -0.0445 0.1043 0.2701, -0.05 0.1043 0.2701, -0.0554 0.1037 0.2688, -0.0603 0.1025 0.2663, -0.0643 0.1009 0.2628, -0.0671 0.0989 0.2584, -0.0687 0.0967 0.2535, -0.0688 0.0944 0.2484, -0.0675 0.0921 0.2435, -0.0648 0.0901 0.2391, -0.0563 0.0819 0.2346, -0.061 0.0827 0.2375, -0.0648 0.0839 0.2414, -0.0675 0.0853 0.2461, -0.0688 0.0868 0.2513, -0.0687 0.0884 0.2566, -0.0671 0.0899 0.2618, -0.0643 0.0912 0.2664, -0.0603 0.0923 0.2701, -0.0554 0.0931 0.2727, -0.05 0.0935 0.2741, -0.0445 0.0935 0.2741, -0.0391 0.0931 0.2727, -0.0342 0.0923 0.2701, -0.0302 0.0912 0.2664, -0.0274 0.0899 0.2618, -0.0258 0.0884 0.2566, -0.0257 0.0868 0.2513, -0.027 0.0853 0.2461, -0.0297 0.0839 0.2414, -0.0382 0.0764 0.2358, -0.0335 0.0768 0.2387, -0.0297 0.0774 0.2428, -0.027 0.0781 0.2476, -0.0257 0.0789 0.253, -0.0258 0.0797 0.2585, -0.0274 0.0804 0.2638, -0.0302 0.0811 0.2686, -0.0342 0.0817 0.2724, -0.0391 0.0821 0.2751, -0.0445 0.0823 0.2766, -0.05 0.0823 0.2766, -0.0554 0.0821 0.2751, -0.0603 0.0817 0.2724, -0.0643 0.0811 0.2686, -0.0671 0.0804 0.2638, -0.0687 0.0797 0.2585, -0.0688 0.0789 0.253, -0.0675 0.0781 0.2476, -0.0648 0.0774 0.2428, -0.0382 0.1102 0.1181, -0.0335 0.1131 0.1181, -0.0297 0.1172 0.1181, -0.027 0.1221 0.1181, -0.0257 0.1275 0.1181, -0.0258 0.1331 0.1181, -0.0274 0.1385 0.1181, -0.0302 0.1433 0.1181, -0.0342 0.1472 0.1181, -0.0391 0.1499 0.1181, -0.0445 0.1513 0.1181, -0.05 0.1513 0.1181, -0.0554 0.1499 0.1181, -0.0603 0.1472 0.1181, -0.0643 0.1433 0.1181, -0.0671 0.1385 0.1181, -0.0687 0.1331 0.1181, -0.0688 0.1275 0.1181, -0.0675 0.1221 0.1181, -0.0648 0.1172 0.1181, -0.061 0.1131 0.1181, -0.0563 0.1102 0.1181, -0.0382 0.1088 0.1079, -0.0382 0.1086 0.107, -0.0335 0.1114 0.1062, -0.0382 0.1048 0.0985, -0.0382 0.1039 0.0968, -0.0335 0.1064 0.0952, -0.0382 0.0986 0.0903, -0.0382 0.0966 0.0884, -0.0335 0.0985 0.0861, -0.0382 0.0905 0.0841, -0.0382 0.0872 0.0823, -0.0335 0.0884 0.0796, -0.0382 0.081 0.0801, -0.0382 0.0764 0.0791, -0.0335 0.0768 0.0762, -0.0563 0.1088 0.1079, -0.0563 0.1098 0.1125, -0.061 0.1127 0.1121, -0.0563 0.1048 0.0985, -0.0563 0.1066 0.1018, -0.061 0.1093 0.1005, -0.0563 0.0986 0.0903, -0.0563 0.1006 0.0923, -0.061 0.1028 0.0904, -0.0563 0.0905 0.0841, -0.0563 0.0921 0.085, -0.061 0.0937 0.0825, -0.0563 0.081 0.0801, -0.0563 0.0819 0.0803, -0.061 0.0827 0.0775, -0.0563 0.0764 0.0791, -0.061 0.0768 0.0762, -0.0648 0.0774 0.0722, -0.0675 0.0781 0.0673, -0.0688 0.0789 0.062, -0.0687 0.0797 0.0564, -0.0671 0.0804 0.0511, -0.0643 0.0811 0.0464, -0.0603 0.0817 0.0425, -0.0554 0.0821 0.0398, -0.05 0.0823 0.0384, -0.0445 0.0823 0.0384, -0.0391 0.0821 0.0398, -0.0342 0.0817 0.0425, -0.0302 0.0811 0.0464, -0.0274 0.0804 0.0511, -0.0258 0.0797 0.0564, -0.0257 0.0789 0.062, -0.027 0.0781 0.0673, -0.0297 0.0774 0.0722, -0.0382 0.0819 0.0803, -0.0335 0.0827 0.0775, -0.0297 0.0839 0.0736, -0.027 0.0853 0.0689, -0.0257 0.0868 0.0637, -0.0258 0.0884 0.0583, -0.0274 0.0899 0.0532, -0.0302 0.0912 0.0486, -0.0342 0.0923 0.0449, -0.0391 0.0931 0.0422, -0.0445 0.0935 0.0408, -0.05 0.0935 0.0408, -0.0554 0.0931 0.0422, -0.0603 0.0923 0.0449, -0.0643 0.0912 0.0486, -0.0671 0.0899 0.0532, -0.0687 0.0884 0.0583, -0.0688 0.0868 0.0637, -0.0675 0.0853 0.0689, -0.0648 0.0839 0.0736, -0.0563 0.0872 0.0823, -0.061 0.0884 0.0796, -0.0648 0.0901 0.0759, -0.0675 0.0921 0.0714, -0.0688 0.0944 0.0665, -0.0687 0.0967 0.0614, -0.0671 0.0989 0.0566, -0.0643 0.1009 0.0522, -0.0603 0.1025 0.0487, -0.0554 0.1037 0.0462, -0.05 0.1043 0.0449, -0.0445 0.1043 0.0449, -0.0391 0.1037 0.0462, -0.0342 0.1025 0.0487, -0.0302 0.1009 0.0522, -0.0274 0.0989 0.0566, -0.0258 0.0967 0.0614, -0.0257 0.0944 0.0665, -0.027 0.0921 0.0714, -0.0297 0.0901 0.0759, -0.0382 0.0921 0.085, -0.0335 0.0937 0.0825, -0.0297 0.0959 0.0791, -0.027 0.0986 0.075, -0.0257 0.1015 0.0704, -0.0258 0.1045 0.0657, -0.0274 0.1074 0.0612, -0.0302 0.11 0.0572, -0.0342 0.1121 0.0539, -0.0391 0.1136 0.0516, -0.0445 0.1144 0.0504, -0.05 0.1144 0.0504, -0.0554 0.1136 0.0516, -0.0603 0.1121 0.0539, -0.0643 0.11 0.0572, -0.0671 0.1074 0.0612, -0.0687 0.1045 0.0657, -0.0688 0.1015 0.0704, -0.0675 0.0986 0.075, -0.0648 0.0959 0.0791, -0.0563 0.0966 0.0884, -0.061 0.0985 0.0861, -0.0648 0.1012 0.083, -0.0675 0.1044 0.0793, -0.0688 0.108 0.0752, -0.0687 0.1116 0.071, -0.0671 0.1151 0.067, -0.0643 0.1183 0.0634, -0.0603 0.1208 0.0604, -0.0554 0.1226 0.0583, -0.05 0.1236 0.0573, -0.0445 0.1236 0.0573, -0.0391 0.1226 0.0583, -0.0342 0.1208 0.0604, -0.0302 0.1183 0.0634, -0.0274 0.1151 0.067, -0.0258 0.1116 0.071, -0.0257 0.108 0.0752, -0.027 0.1044 0.0793, -0.0297 0.1012 0.083, -0.0382 0.1006 0.0923, -0.0335 0.1028 0.0904, -0.0297 0.1059 0.0877, -0.027 0.1096 0.0845, -0.0257 0.1137 0.081, -0.0258 0.1179 0.0773, -0.0274 0.1219 0.0738, -0.0302 0.1256 0.0707, -0.0342 0.1285 0.0681, -0.0391 0.1306 0.0663, -0.0445 0.1317 0.0654, -0.05 0.1317 0.0654, -0.0554 0.1306 0.0663, -0.0603 0.1285 0.0681, -0.0643 0.1256 0.0707, -0.0671 0.1219 0.0738, -0.0687 0.1179 0.0773, -0.0688 0.1137 0.081, -0.0675 0.1096 0.0845, -0.0648 0.1059 0.0877, -0.0563 0.1039 0.0968, -0.061 0.1064 0.0952, -0.0648 0.1098 0.093, -0.0675 0.114 0.0904, -0.0688 0.1185 0.0874, -0.0687 0.1232 0.0844, -0.0671 0.1277 0.0815, -0.0643 0.1318 0.0789, -0.0603 0.135 0.0768, -0.0554 0.1374 0.0753, -0.05 0.1386 0.0746, -0.0445 0.1386 0.0746, -0.0391 0.1374 0.0753, -0.0342 0.135 0.0768, -0.0302 0.1318 0.0789, -0.0274 0.1277 0.0815, -0.0258 0.1232 0.0844, -0.0257 0.1185 0.0874, -0.027 0.114 0.0904, -0.0297 0.1098 0.093, -0.0382 0.1066 0.1018, -0.0335 0.1093 0.1005, -0.0297 0.113 0.0988, -0.027 0.1175 0.0968, -0.0257 0.1224 0.0945, -0.0258 0.1275 0.0922, -0.0274 0.1324 0.09, -0.0302 0.1367 0.088, -0.0342 0.1403 0.0864, -0.0391 0.1428 0.0852, -0.0445 0.1441 0.0847, -0.05 0.1441 0.0847, -0.0554 0.1428 0.0852, -0.0603 0.1403 0.0864, -0.0643 0.1367 0.088, -0.0671 0.1324 0.09, -0.0687 0.1275 0.0922, -0.0688 0.1224 0.0945, -0.0675 0.1175 0.0968, -0.0648 0.113 0.0988, -0.0563 0.1086 0.107, -0.061 0.1114 0.1062, -0.0648 0.1153 0.105, -0.0675 0.12 0.1037, -0.0688 0.1252 0.1021, -0.0687 0.1306 0.1006, -0.0671 0.1357 0.099, -0.0643 0.1403 0.0977, -0.0603 0.1441 0.0966, -0.0554 0.1467 0.0958, -0.05 0.1481 0.0954, -0.0445 0.1481 0.0954, -0.0391 0.1467 0.0958, -0.0342 0.1441 0.0966, -0.0302 0.1403 0.0977, -0.0274 0.1357 0.099, -0.0258 0.1306 0.1006, -0.0257 0.1252 0.1021, -0.027 0.12 0.1037, -0.0297 0.1153 0.105, -0.0382 0.1098 0.1125, -0.0335 0.1127 0.1121, -0.0297 0.1167 0.1115, -0.027 0.1216 0.1108, -0.0257 0.127 0.11, -0.0258 0.1325 0.1092, -0.0274 0.1378 0.1085, -0.0302 0.1425 0.1078, -0.0342 0.1464 0.1072, -0.0391 0.1491 0.1069, -0.0445 0.1505 0.1066, -0.05 0.1505 0.1066, -0.0554 0.1491 0.1069, -0.0603 0.1464 0.1072, -0.0643 0.1425 0.1078, -0.0671 0.1378 0.1085, -0.0687 0.1325 0.1092, -0.0688 0.127 0.11, -0.0675 0.1216 0.1108, -0.0648 0.1167 0.1115, -0.0855 0.1102 0.1969, -0.0855 0.1102 0.1181, -0.0807 0.1131 0.1181, -0.0807 0.1131 0.1969, -0.0769 0.1172 0.1181, -0.0769 0.1172 0.1969, -0.0743 0.1221 0.1181, -0.0743 0.1221 0.1969, -0.073 0.1275 0.1181, -0.073 0.1275 0.1969, -0.0731 0.1331 0.1181, -0.0731 0.1331 0.1969, -0.0746 0.1385 0.1181, -0.0746 0.1385 0.1969, -0.0775 0.1433 0.1181, -0.0775 0.1433 0.1969, -0.0815 0.1472 0.1181, -0.0815 0.1472 0.1969, -0.0863 0.1499 0.1181, -0.0863 0.1499 0.1969, -0.0917 0.1513 0.1181, -0.0917 0.1513 0.1969, -0.0973 0.1513 0.1181, -0.0973 0.1513 0.1969, -0.1027 0.1499 0.1181, -0.1027 0.1499 0.1969, -0.1075 0.1472 0.1181, -0.1075 0.1472 0.1969, -0.1115 0.1433 0.1181, -0.1115 0.1433 0.1969, -0.1144 0.1385 0.1181, -0.1144 0.1385 0.1969, -0.1159 0.1331 0.1181, -0.1159 0.1331 0.1969, -0.116 0.1275 0.1181, -0.116 0.1275 0.1969, -0.1147 0.1221 0.1181, -0.1147 0.1221 0.1969, -0.1121 0.1172 0.1181, -0.1121 0.1172 0.1969, -0.1082 0.1131 0.1181, -0.1082 0.1131 0.1969, -0.1035 0.1102 0.1181, -0.1035 0.1102 0.1969, -0.0855 0.1088 0.1079, -0.0855 0.1086 0.107, -0.0807 0.1114 0.1062, -0.0855 0.1048 0.0985, -0.0855 0.1039 0.0968, -0.0807 0.1064 0.0952, -0.0855 0.0986 0.0903, -0.0855 0.0966 0.0884, -0.0807 0.0985 0.0861, -0.0855 0.0905 0.0841, -0.0855 0.0872 0.0823, -0.0807 0.0884 0.0796, -0.0855 0.081 0.0801, -0.0855 0.0764 0.0791, -0.0807 0.0768 0.0762, -0.1035 0.1088 0.1079, -0.1035 0.1098 0.1125, -0.1082 0.1127 0.1121, -0.1035 0.1048 0.0985, -0.1035 0.1066 0.1018, -0.1082 0.1093 0.1005, -0.1035 0.0986 0.0903, -0.1035 0.1006 0.0923, -0.1082 0.1028 0.0904, -0.1035 0.0905 0.0841, -0.1035 0.0921 0.085, -0.1082 0.0937 0.0825, -0.1035 0.081 0.0801, -0.1035 0.0819 0.0803, -0.1082 0.0827 0.0775, -0.1035 0.0708 0.0787, -0.1035 0.0764 0.0791, -0.1082 0.0708 0.0758, -0.1082 0.0768 0.0762, -0.1121 0.0708 0.0717, -0.1121 0.0774 0.0722, -0.1147 0.0708 0.0668, -0.1147 0.0781 0.0673, -0.116 0.0708 0.0614, -0.116 0.0789 0.062, -0.1159 0.0708 0.0558, -0.1159 0.0797 0.0564, -0.1144 0.0708 0.0505, -0.1144 0.0804 0.0511, -0.1115 0.0708 0.0457, -0.1115 0.0811 0.0464, -0.1075 0.0708 0.0418, -0.1075 0.0817 0.0425, -0.1027 0.0708 0.039, -0.1027 0.0821 0.0398, -0.0973 0.0708 0.0376, -0.0973 0.0823 0.0384, -0.0917 0.0708 0.0376, -0.0917 0.0823 0.0384, -0.0863 0.0708 0.039, -0.0863 0.0821 0.0398, -0.0815 0.0708 0.0418, -0.0815 0.0817 0.0425, -0.0775 0.0708 0.0457, -0.0775 0.0811 0.0464, -0.0746 0.0708 0.0505, -0.0746 0.0804 0.0511, -0.0731 0.0708 0.0558, -0.0731 0.0797 0.0564, -0.073 0.0708 0.0614, -0.073 0.0789 0.062, -0.0743 0.0708 0.0668, -0.0743 0.0781 0.0673, -0.0769 0.0708 0.0717, -0.0769 0.0774 0.0722, -0.0807 0.0708 0.0758, -0.0855 0.0708 0.0787, -0.0855 0.0819 0.0803, -0.0807 0.0827 0.0775, -0.0769 0.0839 0.0736, -0.0743 0.0853 0.0689, -0.073 0.0868 0.0637, -0.0731 0.0884 0.0583, -0.0746 0.0899 0.0532, -0.0775 0.0912 0.0486, -0.0815 0.0923 0.0449, -0.0863 0.0931 0.0422, -0.0917 0.0935 0.0408, -0.0973 0.0935 0.0408, -0.1027 0.0931 0.0422, -0.1075 0.0923 0.0449, -0.1115 0.0912 0.0486, -0.1144 0.0899 0.0532, -0.1159 0.0884 0.0583, -0.116 0.0868 0.0637, -0.1147 0.0853 0.0689, -0.1121 0.0839 0.0736, -0.1035 0.0872 0.0823, -0.1082 0.0884 0.0796, -0.1121 0.0901 0.0759, -0.1147 0.0921 0.0714, -0.116 0.0944 0.0665, -0.1159 0.0967 0.0614, -0.1144 0.0989 0.0566, -0.1115 0.1009 0.0522, -0.1075 0.1025 0.0487, -0.1027 0.1037 0.0462, -0.0973 0.1043 0.0449, -0.0917 0.1043 0.0449, -0.0863 0.1037 0.0462, -0.0815 0.1025 0.0487, -0.0775 0.1009 0.0522, -0.0746 0.0989 0.0566, -0.0731 0.0967 0.0614, -0.073 0.0944 0.0665, -0.0743 0.0921 0.0714, -0.0769 0.0901 0.0759, -0.0855 0.0921 0.085, -0.0807 0.0937 0.0825, -0.0769 0.0959 0.0791, -0.0743 0.0986 0.075, -0.073 0.1015 0.0704, -0.0731 0.1045 0.0657, -0.0746 0.1074 0.0612, -0.0775 0.11 0.0572, -0.0815 0.1121 0.0539, -0.0863 0.1136 0.0516, -0.0917 0.1144 0.0504, -0.0973 0.1144 0.0504, -0.1027 0.1136 0.0516, -0.1075 0.1121 0.0539, -0.1115 0.11 0.0572, -0.1144 0.1074 0.0612, -0.1159 0.1045 0.0657, -0.116 0.1015 0.0704, -0.1147 0.0986 0.075, -0.1121 0.0959 0.0791, -0.1035 0.0966 0.0884, -0.1082 0.0985 0.0861, -0.1121 0.1012 0.083, -0.1147 0.1044 0.0793, -0.116 0.108 0.0752, -0.1159 0.1116 0.071, -0.1144 0.1151 0.067, -0.1115 0.1183 0.0634, -0.1075 0.1208 0.0604, -0.1027 0.1226 0.0583, -0.0973 0.1236 0.0573, -0.0917 0.1236 0.0573, -0.0863 0.1226 0.0583, -0.0815 0.1208 0.0604, -0.0775 0.1183 0.0634, -0.0746 0.1151 0.067, -0.0731 0.1116 0.071, -0.073 0.108 0.0752, -0.0743 0.1044 0.0793, -0.0769 0.1012 0.083, -0.0855 0.1006 0.0923, -0.0807 0.1028 0.0904, -0.0769 0.1059 0.0877, -0.0743 0.1096 0.0845, -0.073 0.1137 0.081, -0.0731 0.1179 0.0773, -0.0746 0.1219 0.0738, -0.0775 0.1256 0.0707, -0.0815 0.1285 0.0681, -0.0863 0.1306 0.0663, -0.0917 0.1317 0.0654, -0.0973 0.1317 0.0654, -0.1027 0.1306 0.0663, -0.1075 0.1285 0.0681, -0.1115 0.1256 0.0707, -0.1144 0.1219 0.0738, -0.1159 0.1179 0.0773, -0.116 0.1137 0.081, -0.1147 0.1096 0.0845, -0.1121 0.1059 0.0877, -0.1035 0.1039 0.0968, -0.1082 0.1064 0.0952, -0.1121 0.1098 0.093, -0.1147 0.114 0.0904, -0.116 0.1185 0.0874, -0.1159 0.1232 0.0844, -0.1144 0.1277 0.0815, -0.1115 0.1318 0.0789, -0.1075 0.135 0.0768, -0.1027 0.1374 0.0753, -0.0973 0.1386 0.0746, -0.0917 0.1386 0.0746, -0.0863 0.1374 0.0753, -0.0815 0.135 0.0768, -0.0775 0.1318 0.0789, -0.0746 0.1277 0.0815, -0.0731 0.1232 0.0844, -0.073 0.1185 0.0874, -0.0743 0.114 0.0904, -0.0769 0.1098 0.093, -0.0855 0.1066 0.1018, -0.0807 0.1093 0.1005, -0.0769 0.113 0.0988, -0.0743 0.1175 0.0968, -0.073 0.1224 0.0945, -0.0731 0.1275 0.0922, -0.0746 0.1324 0.09, -0.0775 0.1367 0.088, -0.0815 0.1403 0.0864, -0.0863 0.1428 0.0852, -0.0917 0.1441 0.0847, -0.0973 0.1441 0.0847, -0.1027 0.1428 0.0852, -0.1075 0.1403 0.0864, -0.1115 0.1367 0.088, -0.1144 0.1324 0.09, -0.1159 0.1275 0.0922, -0.116 0.1224 0.0945, -0.1147 0.1175 0.0968, -0.1121 0.113 0.0988, -0.1035 0.1086 0.107, -0.1082 0.1114 0.1062, -0.1121 0.1153 0.105, -0.1147 0.12 0.1037, -0.116 0.1252 0.1021, -0.1159 0.1306 0.1006, -0.1144 0.1357 0.099, -0.1115 0.1403 0.0977, -0.1075 0.1441 0.0966, -0.1027 0.1467 0.0958, -0.0973 0.1481 0.0954, -0.0917 0.1481 0.0954, -0.0863 0.1467 0.0958, -0.0815 0.1441 0.0966, -0.0775 0.1403 0.0977, -0.0746 0.1357 0.099, -0.0731 0.1306 0.1006, -0.073 0.1252 0.1021, -0.0743 0.12 0.1037, -0.0769 0.1153 0.105, -0.0855 0.1098 0.1125, -0.0807 0.1127 0.1121, -0.0769 0.1167 0.1115, -0.0743 0.1216 0.1108, -0.073 0.127 0.11, -0.0731 0.1325 0.1092, -0.0746 0.1378 0.1085, -0.0775 0.1425 0.1078, -0.0815 0.1464 0.1072, -0.0863 0.1491 0.1069, -0.0917 0.1505 0.1066, -0.0973 0.1505 0.1066, -0.1027 0.1491 0.1069, -0.1075 0.1464 0.1072, -0.1115 0.1425 0.1078, -0.1144 0.1378 0.1085, -0.1159 0.1325 0.1092, -0.116 0.127 0.11, -0.1147 0.1216 0.1108, -0.1121 0.1167 0.1115, -0.0855 -0.0709 0.0787, -0.0807 -0.0709 0.0758, -0.0769 -0.0709 0.0717, -0.0743 -0.0709 0.0668, -0.073 -0.0709 0.0614, -0.0731 -0.0709 0.0558, -0.0746 -0.0709 0.0505, -0.0775 -0.0709 0.0457, -0.0815 -0.0709 0.0418, -0.0863 -0.0709 0.039, -0.0917 -0.0709 0.0376, -0.0973 -0.0709 0.0376, -0.1027 -0.0709 0.039, -0.1075 -0.0709 0.0418, -0.1115 -0.0709 0.0457, -0.1144 -0.0709 0.0505, -0.1159 -0.0709 0.0558, -0.116 -0.0709 0.0614, -0.1147 -0.0709 0.0668, -0.1121 -0.0709 0.0717, -0.1082 -0.0709 0.0758, -0.1035 -0.0709 0.0787, -0.0855 -0.0811 0.0801, -0.0855 -0.082 0.0803, -0.0807 -0.0828 0.0775, -0.0855 -0.0906 0.0841, -0.0855 -0.0922 0.085, -0.0807 -0.0938 0.0825, -0.0855 -0.0987 0.0903, -0.0855 -0.1007 0.0923, -0.0807 -0.1029 0.0904, -0.0855 -0.1049 0.0985, -0.0855 -0.1067 0.1018, -0.0807 -0.1094 0.1005, -0.0855 -0.1089 0.1079, -0.0855 -0.1099 0.1125, -0.0807 -0.1128 0.1121, -0.1035 -0.0811 0.0801, -0.1035 -0.0765 0.0791, -0.1082 -0.0769 0.0762, -0.1035 -0.0906 0.0841, -0.1035 -0.0873 0.0823, -0.1082 -0.0885 0.0796, -0.1035 -0.0987 0.0903, -0.1035 -0.0967 0.0884, -0.1082 -0.0986 0.0861, -0.1035 -0.1049 0.0985, -0.1035 -0.104 0.0968, -0.1082 -0.1065 0.0952, -0.1035 -0.1089 0.1079, -0.1035 -0.1087 0.107, -0.1082 -0.1115 0.1062, -0.1035 -0.1103 0.1181, -0.1035 -0.1099 0.1125, -0.1082 -0.1132 0.1181, -0.1082 -0.1128 0.1121, -0.1121 -0.1173 0.1181, -0.1121 -0.1168 0.1115, -0.1147 -0.1222 0.1181, -0.1147 -0.1217 0.1108, -0.116 -0.1276 0.1181, -0.116 -0.1271 0.11, -0.1159 -0.1332 0.1181, -0.1159 -0.1326 0.1092, -0.1144 -0.1386 0.1181, -0.1144 -0.1379 0.1085, -0.1115 -0.1434 0.1181, -0.1115 -0.1426 0.1078, -0.1075 -0.1473 0.1181, -0.1075 -0.1465 0.1072, -0.1027 -0.15 0.1181, -0.1027 -0.1492 0.1069, -0.0973 -0.1514 0.1181, -0.0973 -0.1506 0.1066, -0.0917 -0.1514 0.1181, -0.0917 -0.1506 0.1066, -0.0863 -0.15 0.1181, -0.0863 -0.1492 0.1069, -0.0815 -0.1473 0.1181, -0.0815 -0.1465 0.1072, -0.0775 -0.1434 0.1181, -0.0775 -0.1426 0.1078, -0.0746 -0.1386 0.1181, -0.0746 -0.1379 0.1085, -0.0731 -0.1332 0.1181, -0.0731 -0.1326 0.1092, -0.073 -0.1276 0.1181, -0.073 -0.1271 0.11, -0.0743 -0.1222 0.1181, -0.0743 -0.1217 0.1108, -0.0769 -0.1173 0.1181, -0.0769 -0.1168 0.1115, -0.0807 -0.1132 0.1181, -0.0855 -0.1103 0.1181, -0.0855 -0.1087 0.107, -0.0807 -0.1115 0.1062, -0.0769 -0.1154 0.105, -0.0743 -0.1201 0.1037, -0.073 -0.1253 0.1021, -0.0731 -0.1307 0.1006, -0.0746 -0.1358 0.099, -0.0775 -0.1404 0.0977, -0.0815 -0.1442 0.0966, -0.0863 -0.1468 0.0958, -0.0917 -0.1482 0.0954, -0.0973 -0.1482 0.0954, -0.1027 -0.1468 0.0958, -0.1075 -0.1442 0.0966, -0.1115 -0.1404 0.0977, -0.1144 -0.1358 0.099, -0.1159 -0.1307 0.1006, -0.116 -0.1253 0.1021, -0.1147 -0.1201 0.1037, -0.1121 -0.1154 0.105, -0.1035 -0.1067 0.1018, -0.1082 -0.1094 0.1005, -0.1121 -0.1131 0.0988, -0.1147 -0.1176 0.0968, -0.116 -0.1225 0.0945, -0.1159 -0.1276 0.0922, -0.1144 -0.1325 0.09, -0.1115 -0.1368 0.088, -0.1075 -0.1404 0.0864, -0.1027 -0.1429 0.0852, -0.0973 -0.1442 0.0847, -0.0917 -0.1442 0.0847, -0.0863 -0.1429 0.0852, -0.0815 -0.1404 0.0864, -0.0775 -0.1368 0.088, -0.0746 -0.1325 0.09, -0.0731 -0.1276 0.0922, -0.073 -0.1225 0.0945, -0.0743 -0.1176 0.0968, -0.0769 -0.1131 0.0988, -0.0855 -0.104 0.0968, -0.0807 -0.1065 0.0952, -0.0769 -0.1099 0.093, -0.0743 -0.1141 0.0904, -0.073 -0.1186 0.0874, -0.0731 -0.1233 0.0844, -0.0746 -0.1278 0.0815, -0.0775 -0.1319 0.0789, -0.0815 -0.1351 0.0768, -0.0863 -0.1375 0.0753, -0.0917 -0.1387 0.0746, -0.0973 -0.1387 0.0746, -0.1027 -0.1375 0.0753, -0.1075 -0.1351 0.0768, -0.1115 -0.1319 0.0789, -0.1144 -0.1278 0.0815, -0.1159 -0.1233 0.0844, -0.116 -0.1186 0.0874, -0.1147 -0.1141 0.0904, -0.1121 -0.1099 0.093, -0.1035 -0.1007 0.0923, -0.1082 -0.1029 0.0904, -0.1121 -0.106 0.0877, -0.1147 -0.1097 0.0845, -0.116 -0.1138 0.081, -0.1159 -0.118 0.0773, -0.1144 -0.122 0.0738, -0.1115 -0.1257 0.0707, -0.1075 -0.1286 0.0681, -0.1027 -0.1307 0.0663, -0.0973 -0.1318 0.0654, -0.0917 -0.1318 0.0654, -0.0863 -0.1307 0.0663, -0.0815 -0.1286 0.0681, -0.0775 -0.1257 0.0707, -0.0746 -0.122 0.0738, -0.0731 -0.118 0.0773, -0.073 -0.1138 0.081, -0.0743 -0.1097 0.0845, -0.0769 -0.106 0.0877, -0.0855 -0.0967 0.0884, -0.0807 -0.0986 0.0861, -0.0769 -0.1013 0.083, -0.0743 -0.1045 0.0793, -0.073 -0.1081 0.0752, -0.0731 -0.1117 0.071, -0.0746 -0.1152 0.067, -0.0775 -0.1184 0.0634, -0.0815 -0.1209 0.0604, -0.0863 -0.1227 0.0583, -0.0917 -0.1237 0.0573, -0.0973 -0.1237 0.0573, -0.1027 -0.1227 0.0583, -0.1075 -0.1209 0.0604, -0.1115 -0.1184 0.0634, -0.1144 -0.1152 0.067, -0.1159 -0.1117 0.071, -0.116 -0.1081 0.0752, -0.1147 -0.1045 0.0793, -0.1121 -0.1013 0.083, -0.1035 -0.0922 0.085, -0.1082 -0.0938 0.0825, -0.1121 -0.096 0.0791, -0.1147 -0.0987 0.075, -0.116 -0.1016 0.0704, -0.1159 -0.1046 0.0657, -0.1144 -0.1075 0.0612, -0.1115 -0.1101 0.0572, -0.1075 -0.1122 0.0539, -0.1027 -0.1137 0.0516, -0.0973 -0.1145 0.0504, -0.0917 -0.1145 0.0504, -0.0863 -0.1137 0.0516, -0.0815 -0.1122 0.0539, -0.0775 -0.1101 0.0572, -0.0746 -0.1075 0.0612, -0.0731 -0.1046 0.0657, -0.073 -0.1016 0.0704, -0.0743 -0.0987 0.075, -0.0769 -0.096 0.0791, -0.0855 -0.0873 0.0823, -0.0807 -0.0885 0.0796, -0.0769 -0.0902 0.0759, -0.0743 -0.0922 0.0714, -0.073 -0.0945 0.0665, -0.0731 -0.0968 0.0614, -0.0746 -0.099 0.0566, -0.0775 -0.101 0.0522, -0.0815 -0.1026 0.0487, -0.0863 -0.1038 0.0462, -0.0917 -0.1044 0.0449, -0.0973 -0.1044 0.0449, -0.1027 -0.1038 0.0462, -0.1075 -0.1026 0.0487, -0.1115 -0.101 0.0522, -0.1144 -0.099 0.0566, -0.1159 -0.0968 0.0614, -0.116 -0.0945 0.0665, -0.1147 -0.0922 0.0714, -0.1121 -0.0902 0.0759, -0.1035 -0.082 0.0803, -0.1082 -0.0828 0.0775, -0.1121 -0.084 0.0736, -0.1147 -0.0854 0.0689, -0.116 -0.0869 0.0637, -0.1159 -0.0885 0.0583, -0.1144 -0.09 0.0532, -0.1115 -0.0913 0.0486, -0.1075 -0.0924 0.0449, -0.1027 -0.0932 0.0422, -0.0973 -0.0936 0.0408, -0.0917 -0.0936 0.0408, -0.0863 -0.0932 0.0422, -0.0815 -0.0924 0.0449, -0.0775 -0.0913 0.0486, -0.0746 -0.09 0.0532, -0.0731 -0.0885 0.0583, -0.073 -0.0869 0.0637, -0.0743 -0.0854 0.0689, -0.0769 -0.084 0.0736, -0.0855 -0.0765 0.0791, -0.0807 -0.0769 0.0762, -0.0769 -0.0775 0.0722, -0.0743 -0.0782 0.0673, -0.073 -0.079 0.062, -0.0731 -0.0798 0.0564, -0.0746 -0.0805 0.0511, -0.0775 -0.0812 0.0464, -0.0815 -0.0818 0.0425, -0.0863 -0.0822 0.0398, -0.0917 -0.0824 0.0384, -0.0973 -0.0824 0.0384, -0.1027 -0.0822 0.0398, -0.1075 -0.0818 0.0425, -0.1115 -0.0812 0.0464, -0.1144 -0.0805 0.0511, -0.1159 -0.0798 0.0564, -0.116 -0.079 0.062, -0.1147 -0.0782 0.0673, -0.1121 -0.0775 0.0722, -0.0855 -0.1103 0.1969, -0.0807 -0.1132 0.1969, -0.0769 -0.1173 0.1969, -0.0743 -0.1222 0.1969, -0.073 -0.1276 0.1969, -0.0731 -0.1332 0.1969, -0.0746 -0.1386 0.1969, -0.0775 -0.1434 0.1969, -0.0815 -0.1473 0.1969, -0.0863 -0.15 0.1969, -0.0917 -0.1514 0.1969, -0.0973 -0.1514 0.1969, -0.1027 -0.15 0.1969, -0.1075 -0.1473 0.1969, -0.1115 -0.1434 0.1969, -0.1144 -0.1386 0.1969, -0.1159 -0.1332 0.1969, -0.116 -0.1276 0.1969, -0.1147 -0.1222 0.1969, -0.1121 -0.1173 0.1969, -0.1082 -0.1132 0.1969, -0.1035 -0.1103 0.1969, -0.0855 -0.1089 0.207, -0.0855 -0.1087 0.2079, -0.0807 -0.1115 0.2088, -0.0855 -0.1049 0.2165, -0.0855 -0.104 0.2181, -0.0807 -0.1065 0.2197, -0.0855 -0.0987 0.2246, -0.0855 -0.0967 0.2266, -0.0807 -0.0986 0.2288, -0.0855 -0.0906 0.2309, -0.0855 -0.0873 0.2327, -0.0807 -0.0885 0.2354, -0.0855 -0.0811 0.2348, -0.0855 -0.0765 0.2358, -0.0807 -0.0769 0.2387, -0.1035 -0.1089 0.207, -0.1035 -0.1099 0.2025, -0.1082 -0.1128 0.2029, -0.1035 -0.1049 0.2165, -0.1035 -0.1067 0.2132, -0.1082 -0.1094 0.2144, -0.1035 -0.0987 0.2246, -0.1035 -0.1007 0.2226, -0.1082 -0.1029 0.2246, -0.1035 -0.0906 0.2309, -0.1035 -0.0922 0.23, -0.1082 -0.0938 0.2325, -0.1035 -0.0811 0.2348, -0.1035 -0.082 0.2346, -0.1082 -0.0828 0.2375, -0.1035 -0.0709 0.2362, -0.1035 -0.0765 0.2358, -0.1082 -0.0709 0.2392, -0.1082 -0.0769 0.2387, -0.1121 -0.0709 0.2432, -0.1121 -0.0775 0.2428, -0.1147 -0.0709 0.2482, -0.1147 -0.0782 0.2476, -0.116 -0.0709 0.2536, -0.116 -0.079 0.253, -0.1159 -0.0709 0.2591, -0.1159 -0.0798 0.2585, -0.1144 -0.0709 0.2645, -0.1144 -0.0805 0.2638, -0.1115 -0.0709 0.2693, -0.1115 -0.0812 0.2686, -0.1075 -0.0709 0.2732, -0.1075 -0.0818 0.2724, -0.1027 -0.0709 0.276, -0.1027 -0.0822 0.2751, -0.0973 -0.0709 0.2774, -0.0973 -0.0824 0.2766, -0.0917 -0.0709 0.2774, -0.0917 -0.0824 0.2766, -0.0863 -0.0709 0.276, -0.0863 -0.0822 0.2751, -0.0815 -0.0709 0.2732, -0.0815 -0.0818 0.2724, -0.0775 -0.0709 0.2693, -0.0775 -0.0812 0.2686, -0.0746 -0.0709 0.2645, -0.0746 -0.0805 0.2638, -0.0731 -0.0709 0.2591, -0.0731 -0.0798 0.2585, -0.073 -0.0709 0.2536, -0.073 -0.079 0.253, -0.0743 -0.0709 0.2482, -0.0743 -0.0782 0.2476, -0.0769 -0.0709 0.2432, -0.0769 -0.0775 0.2428, -0.0807 -0.0709 0.2392, -0.0855 -0.0709 0.2362, -0.0855 -0.082 0.2346, -0.0807 -0.0828 0.2375, -0.0769 -0.084 0.2414, -0.0743 -0.0854 0.2461, -0.073 -0.0869 0.2513, -0.0731 -0.0885 0.2566, -0.0746 -0.09 0.2618, -0.0775 -0.0913 0.2664, -0.0815 -0.0924 0.2701, -0.0863 -0.0932 0.2727, -0.0917 -0.0936 0.2741, -0.0973 -0.0936 0.2741, -0.1027 -0.0932 0.2727, -0.1075 -0.0924 0.2701, -0.1115 -0.0913 0.2664, -0.1144 -0.09 0.2618, -0.1159 -0.0885 0.2566, -0.116 -0.0869 0.2513, -0.1147 -0.0854 0.2461, -0.1121 -0.084 0.2414, -0.1035 -0.0873 0.2327, -0.1082 -0.0885 0.2354, -0.1121 -0.0902 0.2391, -0.1147 -0.0922 0.2435, -0.116 -0.0945 0.2484, -0.1159 -0.0968 0.2535, -0.1144 -0.099 0.2584, -0.1115 -0.101 0.2628, -0.1075 -0.1026 0.2663, -0.1027 -0.1038 0.2688, -0.0973 -0.1044 0.2701, -0.0917 -0.1044 0.2701, -0.0863 -0.1038 0.2688, -0.0815 -0.1026 0.2663, -0.0775 -0.101 0.2628, -0.0746 -0.099 0.2584, -0.0731 -0.0968 0.2535, -0.073 -0.0945 0.2484, -0.0743 -0.0922 0.2435, -0.0769 -0.0902 0.2391, -0.0855 -0.0922 0.23, -0.0807 -0.0938 0.2325, -0.0769 -0.096 0.2359, -0.0743 -0.0987 0.24, -0.073 -0.1016 0.2446, -0.0731 -0.1046 0.2493, -0.0746 -0.1075 0.2538, -0.0775 -0.1101 0.2578, -0.0815 -0.1122 0.2611, -0.0863 -0.1137 0.2634, -0.0917 -0.1145 0.2646, -0.0973 -0.1145 0.2646, -0.1027 -0.1137 0.2634, -0.1075 -0.1122 0.2611, -0.1115 -0.1101 0.2578, -0.1144 -0.1075 0.2538, -0.1159 -0.1046 0.2493, -0.116 -0.1016 0.2446, -0.1147 -0.0987 0.24, -0.1121 -0.096 0.2359, -0.1035 -0.0967 0.2266, -0.1082 -0.0986 0.2288, -0.1121 -0.1013 0.2319, -0.1147 -0.1045 0.2356, -0.116 -0.1081 0.2397, -0.1159 -0.1117 0.2439, -0.1144 -0.1152 0.248, -0.1115 -0.1184 0.2516, -0.1075 -0.1209 0.2546, -0.1027 -0.1227 0.2566, -0.0973 -0.1237 0.2577, -0.0917 -0.1237 0.2577, -0.0863 -0.1227 0.2566, -0.0815 -0.1209 0.2546, -0.0775 -0.1184 0.2516, -0.0746 -0.1152 0.248, -0.0731 -0.1117 0.2439, -0.073 -0.1081 0.2397, -0.0743 -0.1045 0.2356, -0.0769 -0.1013 0.2319, -0.0855 -0.1007 0.2226, -0.0807 -0.1029 0.2246, -0.0769 -0.106 0.2272, -0.0743 -0.1097 0.2304, -0.073 -0.1138 0.234, -0.0731 -0.118 0.2376, -0.0746 -0.122 0.2412, -0.0775 -0.1257 0.2443, -0.0815 -0.1286 0.2468, -0.0863 -0.1307 0.2487, -0.0917 -0.1318 0.2496, -0.0973 -0.1318 0.2496, -0.1027 -0.1307 0.2487, -0.1075 -0.1286 0.2468, -0.1115 -0.1257 0.2443, -0.1144 -0.122 0.2412, -0.1159 -0.118 0.2376, -0.116 -0.1138 0.234, -0.1147 -0.1097 0.2304, -0.1121 -0.106 0.2272, -0.1035 -0.104 0.2181, -0.1082 -0.1065 0.2197, -0.1121 -0.1099 0.2219, -0.1147 -0.1141 0.2246, -0.116 -0.1186 0.2275, -0.1159 -0.1233 0.2305, -0.1144 -0.1278 0.2334, -0.1115 -0.1319 0.236, -0.1075 -0.1351 0.2381, -0.1027 -0.1375 0.2396, -0.0973 -0.1387 0.2404, -0.0917 -0.1387 0.2404, -0.0863 -0.1375 0.2396, -0.0815 -0.1351 0.2381, -0.0775 -0.1319 0.236, -0.0746 -0.1278 0.2334, -0.0731 -0.1233 0.2305, -0.073 -0.1186 0.2275, -0.0743 -0.1141 0.2246, -0.0769 -0.1099 0.2219, -0.0855 -0.1067 0.2132, -0.0807 -0.1094 0.2144, -0.0769 -0.1131 0.2161, -0.0743 -0.1176 0.2182, -0.073 -0.1225 0.2204, -0.0731 -0.1276 0.2227, -0.0746 -0.1325 0.225, -0.0775 -0.1368 0.2269, -0.0815 -0.1404 0.2286, -0.0863 -0.1429 0.2297, -0.0917 -0.1442 0.2303, -0.0973 -0.1442 0.2303, -0.1027 -0.1429 0.2297, -0.1075 -0.1404 0.2286, -0.1115 -0.1368 0.2269, -0.1144 -0.1325 0.225, -0.1159 -0.1276 0.2227, -0.116 -0.1225 0.2204, -0.1147 -0.1176 0.2182, -0.1121 -0.1131 0.2161, -0.1035 -0.1087 0.2079, -0.1082 -0.1115 0.2088, -0.1121 -0.1154 0.2099, -0.1147 -0.1201 0.2113, -0.116 -0.1253 0.2128, -0.1159 -0.1307 0.2144, -0.1144 -0.1358 0.2159, -0.1115 -0.1404 0.2173, -0.1075 -0.1442 0.2184, -0.1027 -0.1468 0.2191, -0.0973 -0.1482 0.2195, -0.0917 -0.1482 0.2195, -0.0863 -0.1468 0.2191, -0.0815 -0.1442 0.2184, -0.0775 -0.1404 0.2173, -0.0746 -0.1358 0.2159, -0.0731 -0.1307 0.2144, -0.073 -0.1253 0.2128, -0.0743 -0.1201 0.2113, -0.0769 -0.1154 0.2099, -0.0855 -0.1099 0.2025, -0.0807 -0.1128 0.2029, -0.0769 -0.1168 0.2035, -0.0743 -0.1217 0.2042, -0.073 -0.1271 0.2049, -0.0731 -0.1326 0.2057, -0.0746 -0.1379 0.2065, -0.0775 -0.1426 0.2072, -0.0815 -0.1465 0.2077, -0.0863 -0.1492 0.2081, -0.0917 -0.1506 0.2083, -0.0973 -0.1506 0.2083, -0.1027 -0.1492 0.2081, -0.1075 -0.1465 0.2077, -0.1115 -0.1426 0.2072, -0.1144 -0.1379 0.2065, -0.1159 -0.1326 0.2057, -0.116 -0.1271 0.2049, -0.1147 -0.1217 0.2042, -0.1121 -0.1168 0.2035, -0.0855 0.0708 0.2362, -0.0807 0.0708 0.2392, -0.0769 0.0708 0.2432, -0.0743 0.0708 0.2482, -0.073 0.0708 0.2536, -0.0731 0.0708 0.2591, -0.0746 0.0708 0.2645, -0.0775 0.0708 0.2693, -0.0815 0.0708 0.2732, -0.0863 0.0708 0.276, -0.0917 0.0708 0.2774, -0.0973 0.0708 0.2774, -0.1027 0.0708 0.276, -0.1075 0.0708 0.2732, -0.1115 0.0708 0.2693, -0.1144 0.0708 0.2645, -0.1159 0.0708 0.2591, -0.116 0.0708 0.2536, -0.1147 0.0708 0.2482, -0.1121 0.0708 0.2432, -0.1082 0.0708 0.2392, -0.1035 0.0708 0.2362, -0.0855 0.081 0.2348, -0.0855 0.0819 0.2346, -0.0807 0.0827 0.2375, -0.0855 0.0905 0.2309, -0.0855 0.0921 0.23, -0.0807 0.0937 0.2325, -0.0855 0.0986 0.2246, -0.0855 0.1006 0.2226, -0.0807 0.1028 0.2246, -0.0855 0.1048 0.2165, -0.0855 0.1066 0.2132, -0.0807 0.1093 0.2144, -0.0855 0.1088 0.207, -0.0855 0.1098 0.2025, -0.0807 0.1127 0.2029, -0.1035 0.081 0.2348, -0.1035 0.0764 0.2358, -0.1082 0.0768 0.2387, -0.1035 0.0905 0.2309, -0.1035 0.0872 0.2327, -0.1082 0.0884 0.2354, -0.1035 0.0986 0.2246, -0.1035 0.0966 0.2266, -0.1082 0.0985 0.2288, -0.1035 0.1048 0.2165, -0.1035 0.1039 0.2181, -0.1082 0.1064 0.2197, -0.1035 0.1088 0.207, -0.1035 0.1086 0.2079, -0.1082 0.1114 0.2088, -0.1035 0.1098 0.2025, -0.1082 0.1127 0.2029, -0.1121 0.1167 0.2035, -0.1147 0.1216 0.2042, -0.116 0.127 0.2049, -0.1159 0.1325 0.2057, -0.1144 0.1378 0.2065, -0.1115 0.1425 0.2072, -0.1075 0.1464 0.2077, -0.1027 0.1491 0.2081, -0.0973 0.1505 0.2083, -0.0917 0.1505 0.2083, -0.0863 0.1491 0.2081, -0.0815 0.1464 0.2077, -0.0775 0.1425 0.2072, -0.0746 0.1378 0.2065, -0.0731 0.1325 0.2057, -0.073 0.127 0.2049, -0.0743 0.1216 0.2042, -0.0769 0.1167 0.2035, -0.0855 0.1086 0.2079, -0.0807 0.1114 0.2088, -0.0769 0.1153 0.2099, -0.0743 0.12 0.2113, -0.073 0.1252 0.2128, -0.0731 0.1306 0.2144, -0.0746 0.1357 0.2159, -0.0775 0.1403 0.2173, -0.0815 0.1441 0.2184, -0.0863 0.1467 0.2191, -0.0917 0.1481 0.2195, -0.0973 0.1481 0.2195, -0.1027 0.1467 0.2191, -0.1075 0.1441 0.2184, -0.1115 0.1403 0.2173, -0.1144 0.1357 0.2159, -0.1159 0.1306 0.2144, -0.116 0.1252 0.2128, -0.1147 0.12 0.2113, -0.1121 0.1153 0.2099, -0.1035 0.1066 0.2132, -0.1082 0.1093 0.2144, -0.1121 0.113 0.2161, -0.1147 0.1175 0.2182, -0.116 0.1224 0.2204, -0.1159 0.1275 0.2227, -0.1144 0.1324 0.225, -0.1115 0.1367 0.2269, -0.1075 0.1403 0.2286, -0.1027 0.1428 0.2297, -0.0973 0.1441 0.2303, -0.0917 0.1441 0.2303, -0.0863 0.1428 0.2297, -0.0815 0.1403 0.2286, -0.0775 0.1367 0.2269, -0.0746 0.1324 0.225, -0.0731 0.1275 0.2227, -0.073 0.1224 0.2204, -0.0743 0.1175 0.2182, -0.0769 0.113 0.2161, -0.0855 0.1039 0.2181, -0.0807 0.1064 0.2197, -0.0769 0.1098 0.2219, -0.0743 0.114 0.2246, -0.073 0.1185 0.2275, -0.0731 0.1232 0.2305, -0.0746 0.1277 0.2334, -0.0775 0.1318 0.236, -0.0815 0.135 0.2381, -0.0863 0.1374 0.2396, -0.0917 0.1386 0.2404, -0.0973 0.1386 0.2404, -0.1027 0.1374 0.2396, -0.1075 0.135 0.2381, -0.1115 0.1318 0.236, -0.1144 0.1277 0.2334, -0.1159 0.1232 0.2305, -0.116 0.1185 0.2275, -0.1147 0.114 0.2246, -0.1121 0.1098 0.2219, -0.1035 0.1006 0.2226, -0.1082 0.1028 0.2246, -0.1121 0.1059 0.2272, -0.1147 0.1096 0.2304, -0.116 0.1137 0.234, -0.1159 0.1179 0.2376, -0.1144 0.1219 0.2412, -0.1115 0.1256 0.2443, -0.1075 0.1285 0.2468, -0.1027 0.1306 0.2487, -0.0973 0.1317 0.2496, -0.0917 0.1317 0.2496, -0.0863 0.1306 0.2487, -0.0815 0.1285 0.2468, -0.0775 0.1256 0.2443, -0.0746 0.1219 0.2412, -0.0731 0.1179 0.2376, -0.073 0.1137 0.234, -0.0743 0.1096 0.2304, -0.0769 0.1059 0.2272, -0.0855 0.0966 0.2266, -0.0807 0.0985 0.2288, -0.0769 0.1012 0.2319, -0.0743 0.1044 0.2356, -0.073 0.108 0.2397, -0.0731 0.1116 0.2439, -0.0746 0.1151 0.248, -0.0775 0.1183 0.2516, -0.0815 0.1208 0.2546, -0.0863 0.1226 0.2566, -0.0917 0.1236 0.2577, -0.0973 0.1236 0.2577, -0.1027 0.1226 0.2566, -0.1075 0.1208 0.2546, -0.1115 0.1183 0.2516, -0.1144 0.1151 0.248, -0.1159 0.1116 0.2439, -0.116 0.108 0.2397, -0.1147 0.1044 0.2356, -0.1121 0.1012 0.2319, -0.1035 0.0921 0.23, -0.1082 0.0937 0.2325, -0.1121 0.0959 0.2359, -0.1147 0.0986 0.24, -0.116 0.1015 0.2446, -0.1159 0.1045 0.2493, -0.1144 0.1074 0.2538, -0.1115 0.11 0.2578, -0.1075 0.1121 0.2611, -0.1027 0.1136 0.2634, -0.0973 0.1144 0.2646, -0.0917 0.1144 0.2646, -0.0863 0.1136 0.2634, -0.0815 0.1121 0.2611, -0.0775 0.11 0.2578, -0.0746 0.1074 0.2538, -0.0731 0.1045 0.2493, -0.073 0.1015 0.2446, -0.0743 0.0986 0.24, -0.0769 0.0959 0.2359, -0.0855 0.0872 0.2327, -0.0807 0.0884 0.2354, -0.0769 0.0901 0.2391, -0.0743 0.0921 0.2435, -0.073 0.0944 0.2484, -0.0731 0.0967 0.2535, -0.0746 0.0989 0.2584, -0.0775 0.1009 0.2628, -0.0815 0.1025 0.2663, -0.0863 0.1037 0.2688, -0.0917 0.1043 0.2701, -0.0973 0.1043 0.2701, -0.1027 0.1037 0.2688, -0.1075 0.1025 0.2663, -0.1115 0.1009 0.2628, -0.1144 0.0989 0.2584, -0.1159 0.0967 0.2535, -0.116 0.0944 0.2484, -0.1147 0.0921 0.2435, -0.1121 0.0901 0.2391, -0.1035 0.0819 0.2346, -0.1082 0.0827 0.2375, -0.1121 0.0839 0.2414, -0.1147 0.0853 0.2461, -0.116 0.0868 0.2513, -0.1159 0.0884 0.2566, -0.1144 0.0899 0.2618, -0.1115 0.0912 0.2664, -0.1075 0.0923 0.2701, -0.1027 0.0931 0.2727, -0.0973 0.0935 0.2741, -0.0917 0.0935 0.2741, -0.0863 0.0931 0.2727, -0.0815 0.0923 0.2701, -0.0775 0.0912 0.2664, -0.0746 0.0899 0.2618, -0.0731 0.0884 0.2566, -0.073 0.0868 0.2513, -0.0743 0.0853 0.2461, -0.0769 0.0839 0.2414, -0.0855 0.0764 0.2358, -0.0807 0.0768 0.2387, -0.0769 0.0774 0.2428, -0.0743 0.0781 0.2476, -0.073 0.0789 0.253, -0.0731 0.0797 0.2585, -0.0746 0.0804 0.2638, -0.0775 0.0811 0.2686, -0.0815 0.0817 0.2724, -0.0863 0.0821 0.2751, -0.0917 0.0823 0.2766, -0.0973 0.0823 0.2766, -0.1027 0.0821 0.2751, -0.1075 0.0817 0.2724, -0.1115 0.0811 0.2686, -0.1144 0.0804 0.2638, -0.1159 0.0797 0.2585, -0.116 0.0789 0.253, -0.1147 0.0781 0.2476, -0.1121 0.0774 0.2428, -0.1327 -0.1089 0.207, -0.1327 -0.1087 0.2079, -0.128 -0.1115 0.2088, -0.1327 -0.1049 0.2165, -0.1327 -0.104 0.2181, -0.128 -0.1065 0.2197, -0.1327 -0.0987 0.2246, -0.1327 -0.0967 0.2266, -0.128 -0.0986 0.2288, -0.1327 -0.0906 0.2309, -0.1327 -0.0873 0.2327, -0.128 -0.0885 0.2354, -0.1327 -0.0811 0.2348, -0.1327 -0.0765 0.2358, -0.128 -0.0769 0.2387, -0.1508 -0.1089 0.207, -0.1508 -0.1099 0.2025, -0.1555 -0.1128 0.2029, -0.1508 -0.1049 0.2165, -0.1508 -0.1067 0.2132, -0.1555 -0.1094 0.2144, -0.1508 -0.0987 0.2246, -0.1508 -0.1007 0.2226, -0.1555 -0.1029 0.2246, -0.1508 -0.0906 0.2309, -0.1508 -0.0922 0.23, -0.1555 -0.0938 0.2325, -0.1508 -0.0811 0.2348, -0.1508 -0.082 0.2346, -0.1555 -0.0828 0.2375, -0.1508 -0.0709 0.2362, -0.1508 -0.0765 0.2358, -0.1555 -0.0709 0.2392, -0.1555 -0.0769 0.2387, -0.1593 -0.0709 0.2432, -0.1593 -0.0775 0.2428, -0.1619 -0.0709 0.2482, -0.1619 -0.0782 0.2476, -0.1633 -0.0709 0.2536, -0.1633 -0.079 0.253, -0.1631 -0.0709 0.2591, -0.1631 -0.0798 0.2585, -0.1616 -0.0709 0.2645, -0.1616 -0.0805 0.2638, -0.1587 -0.0709 0.2693, -0.1587 -0.0812 0.2686, -0.1548 -0.0709 0.2732, -0.1548 -0.0818 0.2724, -0.1499 -0.0709 0.276, -0.1499 -0.0822 0.2751, -0.1445 -0.0709 0.2774, -0.1445 -0.0824 0.2766, -0.1389 -0.0709 0.2774, -0.1389 -0.0824 0.2766, -0.1336 -0.0709 0.276, -0.1336 -0.0822 0.2751, -0.1287 -0.0709 0.2732, -0.1287 -0.0818 0.2724, -0.1247 -0.0709 0.2693, -0.1247 -0.0812 0.2686, -0.1219 -0.0709 0.2645, -0.1219 -0.0805 0.2638, -0.1203 -0.0709 0.2591, -0.1203 -0.0798 0.2585, -0.1202 -0.0709 0.2536, -0.1202 -0.079 0.253, -0.1215 -0.0709 0.2482, -0.1215 -0.0782 0.2476, -0.1242 -0.0709 0.2432, -0.1242 -0.0775 0.2428, -0.128 -0.0709 0.2392, -0.1327 -0.0709 0.2362, -0.1327 -0.082 0.2346, -0.128 -0.0828 0.2375, -0.1242 -0.084 0.2414, -0.1215 -0.0854 0.2461, -0.1202 -0.0869 0.2513, -0.1203 -0.0885 0.2566, -0.1219 -0.09 0.2618, -0.1247 -0.0913 0.2664, -0.1287 -0.0924 0.2701, -0.1336 -0.0932 0.2727, -0.1389 -0.0936 0.2741, -0.1445 -0.0936 0.2741, -0.1499 -0.0932 0.2727, -0.1548 -0.0924 0.2701, -0.1587 -0.0913 0.2664, -0.1616 -0.09 0.2618, -0.1631 -0.0885 0.2566, -0.1633 -0.0869 0.2513, -0.1619 -0.0854 0.2461, -0.1593 -0.084 0.2414, -0.1508 -0.0873 0.2327, -0.1555 -0.0885 0.2354, -0.1593 -0.0902 0.2391, -0.1619 -0.0922 0.2435, -0.1633 -0.0945 0.2484, -0.1631 -0.0968 0.2535, -0.1616 -0.099 0.2584, -0.1587 -0.101 0.2628, -0.1548 -0.1026 0.2663, -0.1499 -0.1038 0.2688, -0.1445 -0.1044 0.2701, -0.1389 -0.1044 0.2701, -0.1336 -0.1038 0.2688, -0.1287 -0.1026 0.2663, -0.1247 -0.101 0.2628, -0.1219 -0.099 0.2584, -0.1203 -0.0968 0.2535, -0.1202 -0.0945 0.2484, -0.1215 -0.0922 0.2435, -0.1242 -0.0902 0.2391, -0.1327 -0.0922 0.23, -0.128 -0.0938 0.2325, -0.1242 -0.096 0.2359, -0.1215 -0.0987 0.24, -0.1202 -0.1016 0.2446, -0.1203 -0.1046 0.2493, -0.1219 -0.1075 0.2538, -0.1247 -0.1101 0.2578, -0.1287 -0.1122 0.2611, -0.1336 -0.1137 0.2634, -0.1389 -0.1145 0.2646, -0.1445 -0.1145 0.2646, -0.1499 -0.1137 0.2634, -0.1548 -0.1122 0.2611, -0.1587 -0.1101 0.2578, -0.1616 -0.1075 0.2538, -0.1631 -0.1046 0.2493, -0.1633 -0.1016 0.2446, -0.1619 -0.0987 0.24, -0.1593 -0.096 0.2359, -0.1508 -0.0967 0.2266, -0.1555 -0.0986 0.2288, -0.1593 -0.1013 0.2319, -0.1619 -0.1045 0.2356, -0.1633 -0.1081 0.2397, -0.1631 -0.1117 0.2439, -0.1616 -0.1152 0.248, -0.1587 -0.1184 0.2516, -0.1548 -0.1209 0.2546, -0.1499 -0.1227 0.2566, -0.1445 -0.1237 0.2577, -0.1389 -0.1237 0.2577, -0.1336 -0.1227 0.2566, -0.1287 -0.1209 0.2546, -0.1247 -0.1184 0.2516, -0.1219 -0.1152 0.248, -0.1203 -0.1117 0.2439, -0.1202 -0.1081 0.2397, -0.1215 -0.1045 0.2356, -0.1242 -0.1013 0.2319, -0.1327 -0.1007 0.2226, -0.128 -0.1029 0.2246, -0.1242 -0.106 0.2272, -0.1215 -0.1097 0.2304, -0.1202 -0.1138 0.234, -0.1203 -0.118 0.2376, -0.1219 -0.122 0.2412, -0.1247 -0.1257 0.2443, -0.1287 -0.1286 0.2468, -0.1336 -0.1307 0.2487, -0.1389 -0.1318 0.2496, -0.1445 -0.1318 0.2496, -0.1499 -0.1307 0.2487, -0.1548 -0.1286 0.2468, -0.1587 -0.1257 0.2443, -0.1616 -0.122 0.2412, -0.1631 -0.118 0.2376, -0.1633 -0.1138 0.234, -0.1619 -0.1097 0.2304, -0.1593 -0.106 0.2272, -0.1508 -0.104 0.2181, -0.1555 -0.1065 0.2197, -0.1593 -0.1099 0.2219, -0.1619 -0.1141 0.2246, -0.1633 -0.1186 0.2275, -0.1631 -0.1233 0.2305, -0.1616 -0.1278 0.2334, -0.1587 -0.1319 0.236, -0.1548 -0.1351 0.2381, -0.1499 -0.1375 0.2396, -0.1445 -0.1387 0.2404, -0.1389 -0.1387 0.2404, -0.1336 -0.1375 0.2396, -0.1287 -0.1351 0.2381, -0.1247 -0.1319 0.236, -0.1219 -0.1278 0.2334, -0.1203 -0.1233 0.2305, -0.1202 -0.1186 0.2275, -0.1215 -0.1141 0.2246, -0.1242 -0.1099 0.2219, -0.1327 -0.1067 0.2132, -0.128 -0.1094 0.2144, -0.1242 -0.1131 0.2161, -0.1215 -0.1176 0.2182, -0.1202 -0.1225 0.2204, -0.1203 -0.1276 0.2227, -0.1219 -0.1325 0.225, -0.1247 -0.1368 0.2269, -0.1287 -0.1404 0.2286, -0.1336 -0.1429 0.2297, -0.1389 -0.1442 0.2303, -0.1445 -0.1442 0.2303, -0.1499 -0.1429 0.2297, -0.1548 -0.1404 0.2286, -0.1587 -0.1368 0.2269, -0.1616 -0.1325 0.225, -0.1631 -0.1276 0.2227, -0.1633 -0.1225 0.2204, -0.1619 -0.1176 0.2182, -0.1593 -0.1131 0.2161, -0.1508 -0.1087 0.2079, -0.1555 -0.1115 0.2088, -0.1593 -0.1154 0.2099, -0.1619 -0.1201 0.2113, -0.1633 -0.1253 0.2128, -0.1631 -0.1307 0.2144, -0.1616 -0.1358 0.2159, -0.1587 -0.1404 0.2173, -0.1548 -0.1442 0.2184, -0.1499 -0.1468 0.2191, -0.1445 -0.1482 0.2195, -0.1389 -0.1482 0.2195, -0.1336 -0.1468 0.2191, -0.1287 -0.1442 0.2184, -0.1247 -0.1404 0.2173, -0.1219 -0.1358 0.2159, -0.1203 -0.1307 0.2144, -0.1202 -0.1253 0.2128, -0.1215 -0.1201 0.2113, -0.1242 -0.1154 0.2099, -0.1327 -0.1099 0.2025, -0.128 -0.1128 0.2029, -0.1242 -0.1168 0.2035, -0.1215 -0.1217 0.2042, -0.1202 -0.1271 0.2049, -0.1203 -0.1326 0.2057, -0.1219 -0.1379 0.2065, -0.1247 -0.1426 0.2072, -0.1287 -0.1465 0.2077, -0.1336 -0.1492 0.2081, -0.1389 -0.1506 0.2083, -0.1445 -0.1506 0.2083, -0.1499 -0.1492 0.2081, -0.1548 -0.1465 0.2077, -0.1587 -0.1426 0.2072, -0.1616 -0.1379 0.2065, -0.1631 -0.1326 0.2057, -0.1633 -0.1271 0.2049, -0.1619 -0.1217 0.2042, -0.1593 -0.1168 0.2035, -0.1508 -0.1103 0.1969, -0.1555 -0.1132 0.1969, -0.1593 -0.1173 0.1969, -0.1619 -0.1222 0.1969, -0.1633 -0.1276 0.1969, -0.1631 -0.1332 0.1969, -0.1616 -0.1386 0.1969, -0.1587 -0.1434 0.1969, -0.1548 -0.1473 0.1969, -0.1499 -0.15 0.1969, -0.1445 -0.1514 0.1969, -0.1389 -0.1514 0.1969, -0.1336 -0.15 0.1969, -0.1287 -0.1473 0.1969, -0.1247 -0.1434 0.1969, -0.1219 -0.1386 0.1969, -0.1203 -0.1332 0.1969, -0.1202 -0.1276 0.1969, -0.1215 -0.1222 0.1969, -0.1242 -0.1173 0.1969, -0.128 -0.1132 0.1969, -0.1327 -0.1103 0.1969, -0.1327 -0.1103 0.1181, -0.128 -0.1132 0.1181, -0.1242 -0.1173 0.1181, -0.1215 -0.1222 0.1181, -0.1202 -0.1276 0.1181, -0.1203 -0.1332 0.1181, -0.1219 -0.1386 0.1181, -0.1247 -0.1434 0.1181, -0.1287 -0.1473 0.1181, -0.1336 -0.15 0.1181, -0.1389 -0.1514 0.1181, -0.1445 -0.1514 0.1181, -0.1499 -0.15 0.1181, -0.1548 -0.1473 0.1181, -0.1587 -0.1434 0.1181, -0.1616 -0.1386 0.1181, -0.1631 -0.1332 0.1181, -0.1633 -0.1276 0.1181, -0.1619 -0.1222 0.1181, -0.1593 -0.1173 0.1181, -0.1555 -0.1132 0.1181, -0.1508 -0.1103 0.1181, -0.1327 -0.0811 0.0801, -0.1327 -0.082 0.0803, -0.128 -0.0828 0.0775, -0.1327 -0.0906 0.0841, -0.1327 -0.0922 0.085, -0.128 -0.0938 0.0825, -0.1327 -0.0987 0.0903, -0.1327 -0.1007 0.0923, -0.128 -0.1029 0.0904, -0.1327 -0.1049 0.0985, -0.1327 -0.1067 0.1018, -0.128 -0.1094 0.1005, -0.1327 -0.1089 0.1079, -0.1327 -0.1099 0.1125, -0.128 -0.1128 0.1121, -0.1508 -0.0811 0.0801, -0.1508 -0.0765 0.0791, -0.1555 -0.0769 0.0762, -0.1508 -0.0906 0.0841, -0.1508 -0.0873 0.0823, -0.1555 -0.0885 0.0796, -0.1508 -0.0987 0.0903, -0.1508 -0.0967 0.0884, -0.1555 -0.0986 0.0861, -0.1508 -0.1049 0.0985, -0.1508 -0.104 0.0968, -0.1555 -0.1065 0.0952, -0.1508 -0.1089 0.1079, -0.1508 -0.1087 0.107, -0.1555 -0.1115 0.1062, -0.1508 -0.1099 0.1125, -0.1555 -0.1128 0.1121, -0.1593 -0.1168 0.1115, -0.1619 -0.1217 0.1108, -0.1633 -0.1271 0.11, -0.1631 -0.1326 0.1092, -0.1616 -0.1379 0.1085, -0.1587 -0.1426 0.1078, -0.1548 -0.1465 0.1072, -0.1499 -0.1492 0.1069, -0.1445 -0.1506 0.1066, -0.1389 -0.1506 0.1066, -0.1336 -0.1492 0.1069, -0.1287 -0.1465 0.1072, -0.1247 -0.1426 0.1078, -0.1219 -0.1379 0.1085, -0.1203 -0.1326 0.1092, -0.1202 -0.1271 0.11, -0.1215 -0.1217 0.1108, -0.1242 -0.1168 0.1115, -0.1327 -0.1087 0.107, -0.128 -0.1115 0.1062, -0.1242 -0.1154 0.105, -0.1215 -0.1201 0.1037, -0.1202 -0.1253 0.1021, -0.1203 -0.1307 0.1006, -0.1219 -0.1358 0.099, -0.1247 -0.1404 0.0977, -0.1287 -0.1442 0.0966, -0.1336 -0.1468 0.0958, -0.1389 -0.1482 0.0954, -0.1445 -0.1482 0.0954, -0.1499 -0.1468 0.0958, -0.1548 -0.1442 0.0966, -0.1587 -0.1404 0.0977, -0.1616 -0.1358 0.099, -0.1631 -0.1307 0.1006, -0.1633 -0.1253 0.1021, -0.1619 -0.1201 0.1037, -0.1593 -0.1154 0.105, -0.1508 -0.1067 0.1018, -0.1555 -0.1094 0.1005, -0.1593 -0.1131 0.0988, -0.1619 -0.1176 0.0968, -0.1633 -0.1225 0.0945, -0.1631 -0.1276 0.0922, -0.1616 -0.1325 0.09, -0.1587 -0.1368 0.088, -0.1548 -0.1404 0.0864, -0.1499 -0.1429 0.0852, -0.1445 -0.1442 0.0847, -0.1389 -0.1442 0.0847, -0.1336 -0.1429 0.0852, -0.1287 -0.1404 0.0864, -0.1247 -0.1368 0.088, -0.1219 -0.1325 0.09, -0.1203 -0.1276 0.0922, -0.1202 -0.1225 0.0945, -0.1215 -0.1176 0.0968, -0.1242 -0.1131 0.0988, -0.1327 -0.104 0.0968, -0.128 -0.1065 0.0952, -0.1242 -0.1099 0.093, -0.1215 -0.1141 0.0904, -0.1202 -0.1186 0.0874, -0.1203 -0.1233 0.0844, -0.1219 -0.1278 0.0815, -0.1247 -0.1319 0.0789, -0.1287 -0.1351 0.0768, -0.1336 -0.1375 0.0753, -0.1389 -0.1387 0.0746, -0.1445 -0.1387 0.0746, -0.1499 -0.1375 0.0753, -0.1548 -0.1351 0.0768, -0.1587 -0.1319 0.0789, -0.1616 -0.1278 0.0815, -0.1631 -0.1233 0.0844, -0.1633 -0.1186 0.0874, -0.1619 -0.1141 0.0904, -0.1593 -0.1099 0.093, -0.1508 -0.1007 0.0923, -0.1555 -0.1029 0.0904, -0.1593 -0.106 0.0877, -0.1619 -0.1097 0.0845, -0.1633 -0.1138 0.081, -0.1631 -0.118 0.0773, -0.1616 -0.122 0.0738, -0.1587 -0.1257 0.0707, -0.1548 -0.1286 0.0681, -0.1499 -0.1307 0.0663, -0.1445 -0.1318 0.0654, -0.1389 -0.1318 0.0654, -0.1336 -0.1307 0.0663, -0.1287 -0.1286 0.0681, -0.1247 -0.1257 0.0707, -0.1219 -0.122 0.0738, -0.1203 -0.118 0.0773, -0.1202 -0.1138 0.081, -0.1215 -0.1097 0.0845, -0.1242 -0.106 0.0877, -0.1327 -0.0967 0.0884, -0.128 -0.0986 0.0861, -0.1242 -0.1013 0.083, -0.1215 -0.1045 0.0793, -0.1202 -0.1081 0.0752, -0.1203 -0.1117 0.071, -0.1219 -0.1152 0.067, -0.1247 -0.1184 0.0634, -0.1287 -0.1209 0.0604, -0.1336 -0.1227 0.0583, -0.1389 -0.1237 0.0573, -0.1445 -0.1237 0.0573, -0.1499 -0.1227 0.0583, -0.1548 -0.1209 0.0604, -0.1587 -0.1184 0.0634, -0.1616 -0.1152 0.067, -0.1631 -0.1117 0.071, -0.1633 -0.1081 0.0752, -0.1619 -0.1045 0.0793, -0.1593 -0.1013 0.083, -0.1508 -0.0922 0.085, -0.1555 -0.0938 0.0825, -0.1593 -0.096 0.0791, -0.1619 -0.0987 0.075, -0.1633 -0.1016 0.0704, -0.1631 -0.1046 0.0657, -0.1616 -0.1075 0.0612, -0.1587 -0.1101 0.0572, -0.1548 -0.1122 0.0539, -0.1499 -0.1137 0.0516, -0.1445 -0.1145 0.0504, -0.1389 -0.1145 0.0504, -0.1336 -0.1137 0.0516, -0.1287 -0.1122 0.0539, -0.1247 -0.1101 0.0572, -0.1219 -0.1075 0.0612, -0.1203 -0.1046 0.0657, -0.1202 -0.1016 0.0704, -0.1215 -0.0987 0.075, -0.1242 -0.096 0.0791, -0.1327 -0.0873 0.0823, -0.128 -0.0885 0.0796, -0.1242 -0.0902 0.0759, -0.1215 -0.0922 0.0714, -0.1202 -0.0945 0.0665, -0.1203 -0.0968 0.0614, -0.1219 -0.099 0.0566, -0.1247 -0.101 0.0522, -0.1287 -0.1026 0.0487, -0.1336 -0.1038 0.0462, -0.1389 -0.1044 0.0449, -0.1445 -0.1044 0.0449, -0.1499 -0.1038 0.0462, -0.1548 -0.1026 0.0487, -0.1587 -0.101 0.0522, -0.1616 -0.099 0.0566, -0.1631 -0.0968 0.0614, -0.1633 -0.0945 0.0665, -0.1619 -0.0922 0.0714, -0.1593 -0.0902 0.0759, -0.1508 -0.082 0.0803, -0.1555 -0.0828 0.0775, -0.1593 -0.084 0.0736, -0.1619 -0.0854 0.0689, -0.1633 -0.0869 0.0637, -0.1631 -0.0885 0.0583, -0.1616 -0.09 0.0532, -0.1587 -0.0913 0.0486, -0.1548 -0.0924 0.0449, -0.1499 -0.0932 0.0422, -0.1445 -0.0936 0.0408, -0.1389 -0.0936 0.0408, -0.1336 -0.0932 0.0422, -0.1287 -0.0924 0.0449, -0.1247 -0.0913 0.0486, -0.1219 -0.09 0.0532, -0.1203 -0.0885 0.0583, -0.1202 -0.0869 0.0637, -0.1215 -0.0854 0.0689, -0.1242 -0.084 0.0736, -0.1327 -0.0765 0.0791, -0.128 -0.0769 0.0762, -0.1242 -0.0775 0.0722, -0.1215 -0.0782 0.0673, -0.1202 -0.079 0.062, -0.1203 -0.0798 0.0564, -0.1219 -0.0805 0.0511, -0.1247 -0.0812 0.0464, -0.1287 -0.0818 0.0425, -0.1336 -0.0822 0.0398, -0.1389 -0.0824 0.0384, -0.1445 -0.0824 0.0384, -0.1499 -0.0822 0.0398, -0.1548 -0.0818 0.0425, -0.1587 -0.0812 0.0464, -0.1616 -0.0805 0.0511, -0.1631 -0.0798 0.0564, -0.1633 -0.079 0.062, -0.1619 -0.0782 0.0673, -0.1593 -0.0775 0.0722, -0.1508 -0.0709 0.0787, -0.1555 -0.0709 0.0758, -0.1593 -0.0709 0.0717, -0.1619 -0.0709 0.0668, -0.1633 -0.0709 0.0614, -0.1631 -0.0709 0.0558, -0.1616 -0.0709 0.0505, -0.1587 -0.0709 0.0457, -0.1548 -0.0709 0.0418, -0.1499 -0.0709 0.039, -0.1445 -0.0709 0.0376, -0.1389 -0.0709 0.0376, -0.1336 -0.0709 0.039, -0.1287 -0.0709 0.0418, -0.1247 -0.0709 0.0457, -0.1219 -0.0709 0.0505, -0.1203 -0.0709 0.0558, -0.1202 -0.0709 0.0614, -0.1215 -0.0709 0.0668, -0.1242 -0.0709 0.0717, -0.128 -0.0709 0.0758, -0.1327 -0.0709 0.0787, -0.1327 0.0708 0.2362, -0.128 0.0708 0.2392, -0.1242 0.0708 0.2432, -0.1215 0.0708 0.2482, -0.1202 0.0708 0.2536, -0.1203 0.0708 0.2591, -0.1219 0.0708 0.2645, -0.1247 0.0708 0.2693, -0.1287 0.0708 0.2732, -0.1336 0.0708 0.276, -0.1389 0.0708 0.2774, -0.1445 0.0708 0.2774, -0.1499 0.0708 0.276, -0.1548 0.0708 0.2732, -0.1587 0.0708 0.2693, -0.1616 0.0708 0.2645, -0.1631 0.0708 0.2591, -0.1633 0.0708 0.2536, -0.1619 0.0708 0.2482, -0.1593 0.0708 0.2432, -0.1555 0.0708 0.2392, -0.1508 0.0708 0.2362, -0.1327 0.0708 0.0787, -0.128 0.0708 0.0758, -0.1242 0.0708 0.0717, -0.1215 0.0708 0.0668, -0.1202 0.0708 0.0614, -0.1203 0.0708 0.0558, -0.1219 0.0708 0.0505, -0.1247 0.0708 0.0457, -0.1287 0.0708 0.0418, -0.1336 0.0708 0.039, -0.1389 0.0708 0.0376, -0.1445 0.0708 0.0376, -0.1499 0.0708 0.039, -0.1548 0.0708 0.0418, -0.1587 0.0708 0.0457, -0.1616 0.0708 0.0505, -0.1631 0.0708 0.0558, -0.1633 0.0708 0.0614, -0.1619 0.0708 0.0668, -0.1593 0.0708 0.0717, -0.1555 0.0708 0.0758, -0.1508 0.0708 0.0787, -0.1327 0.081 0.2348, -0.1327 0.0819 0.2346, -0.128 0.0827 0.2375, -0.1327 0.0905 0.2309, -0.1327 0.0921 0.23, -0.128 0.0937 0.2325, -0.1327 0.0986 0.2246, -0.1327 0.1006 0.2226, -0.128 0.1028 0.2246, -0.1327 0.1048 0.2165, -0.1327 0.1066 0.2132, -0.128 0.1093 0.2144, -0.1327 0.1088 0.207, -0.1327 0.1098 0.2025, -0.128 0.1127 0.2029, -0.1508 0.081 0.2348, -0.1508 0.0764 0.2358, -0.1555 0.0768 0.2387, -0.1508 0.0905 0.2309, -0.1508 0.0872 0.2327, -0.1555 0.0884 0.2354, -0.1508 0.0986 0.2246, -0.1508 0.0966 0.2266, -0.1555 0.0985 0.2288, -0.1508 0.1048 0.2165, -0.1508 0.1039 0.2181, -0.1555 0.1064 0.2197, -0.1508 0.1088 0.207, -0.1508 0.1086 0.2079, -0.1555 0.1114 0.2088, -0.1508 0.1102 0.1969, -0.1508 0.1098 0.2025, -0.1555 0.1131 0.1969, -0.1555 0.1127 0.2029, -0.1593 0.1172 0.1969, -0.1593 0.1167 0.2035, -0.1619 0.1221 0.1969, -0.1619 0.1216 0.2042, -0.1633 0.1275 0.1969, -0.1633 0.127 0.2049, -0.1631 0.1331 0.1969, -0.1631 0.1325 0.2057, -0.1616 0.1385 0.1969, -0.1616 0.1378 0.2065, -0.1587 0.1433 0.1969, -0.1587 0.1425 0.2072, -0.1548 0.1472 0.1969, -0.1548 0.1464 0.2077, -0.1499 0.1499 0.1969, -0.1499 0.1491 0.2081, -0.1445 0.1513 0.1969, -0.1445 0.1505 0.2083, -0.1389 0.1513 0.1969, -0.1389 0.1505 0.2083, -0.1336 0.1499 0.1969, -0.1336 0.1491 0.2081, -0.1287 0.1472 0.1969, -0.1287 0.1464 0.2077, -0.1247 0.1433 0.1969, -0.1247 0.1425 0.2072, -0.1219 0.1385 0.1969, -0.1219 0.1378 0.2065, -0.1203 0.1331 0.1969, -0.1203 0.1325 0.2057, -0.1202 0.1275 0.1969, -0.1202 0.127 0.2049, -0.1215 0.1221 0.1969, -0.1215 0.1216 0.2042, -0.1242 0.1172 0.1969, -0.1242 0.1167 0.2035, -0.128 0.1131 0.1969, -0.1327 0.1102 0.1969, -0.1327 0.1086 0.2079, -0.128 0.1114 0.2088, -0.1242 0.1153 0.2099, -0.1215 0.12 0.2113, -0.1202 0.1252 0.2128, -0.1203 0.1306 0.2144, -0.1219 0.1357 0.2159, -0.1247 0.1403 0.2173, -0.1287 0.1441 0.2184, -0.1336 0.1467 0.2191, -0.1389 0.1481 0.2195, -0.1445 0.1481 0.2195, -0.1499 0.1467 0.2191, -0.1548 0.1441 0.2184, -0.1587 0.1403 0.2173, -0.1616 0.1357 0.2159, -0.1631 0.1306 0.2144, -0.1633 0.1252 0.2128, -0.1619 0.12 0.2113, -0.1593 0.1153 0.2099, -0.1508 0.1066 0.2132, -0.1555 0.1093 0.2144, -0.1593 0.113 0.2161, -0.1619 0.1175 0.2182, -0.1633 0.1224 0.2204, -0.1631 0.1275 0.2227, -0.1616 0.1324 0.225, -0.1587 0.1367 0.2269, -0.1548 0.1403 0.2286, -0.1499 0.1428 0.2297, -0.1445 0.1441 0.2303, -0.1389 0.1441 0.2303, -0.1336 0.1428 0.2297, -0.1287 0.1403 0.2286, -0.1247 0.1367 0.2269, -0.1219 0.1324 0.225, -0.1203 0.1275 0.2227, -0.1202 0.1224 0.2204, -0.1215 0.1175 0.2182, -0.1242 0.113 0.2161, -0.1327 0.1039 0.2181, -0.128 0.1064 0.2197, -0.1242 0.1098 0.2219, -0.1215 0.114 0.2246, -0.1202 0.1185 0.2275, -0.1203 0.1232 0.2305, -0.1219 0.1277 0.2334, -0.1247 0.1318 0.236, -0.1287 0.135 0.2381, -0.1336 0.1374 0.2396, -0.1389 0.1386 0.2404, -0.1445 0.1386 0.2404, -0.1499 0.1374 0.2396, -0.1548 0.135 0.2381, -0.1587 0.1318 0.236, -0.1616 0.1277 0.2334, -0.1631 0.1232 0.2305, -0.1633 0.1185 0.2275, -0.1619 0.114 0.2246, -0.1593 0.1098 0.2219, -0.1508 0.1006 0.2226, -0.1555 0.1028 0.2246, -0.1593 0.1059 0.2272, -0.1619 0.1096 0.2304, -0.1633 0.1137 0.234, -0.1631 0.1179 0.2376, -0.1616 0.1219 0.2412, -0.1587 0.1256 0.2443, -0.1548 0.1285 0.2468, -0.1499 0.1306 0.2487, -0.1445 0.1317 0.2496, -0.1389 0.1317 0.2496, -0.1336 0.1306 0.2487, -0.1287 0.1285 0.2468, -0.1247 0.1256 0.2443, -0.1219 0.1219 0.2412, -0.1203 0.1179 0.2376, -0.1202 0.1137 0.234, -0.1215 0.1096 0.2304, -0.1242 0.1059 0.2272, -0.1327 0.0966 0.2266, -0.128 0.0985 0.2288, -0.1242 0.1012 0.2319, -0.1215 0.1044 0.2356, -0.1202 0.108 0.2397, -0.1203 0.1116 0.2439, -0.1219 0.1151 0.248, -0.1247 0.1183 0.2516, -0.1287 0.1208 0.2546, -0.1336 0.1226 0.2566, -0.1389 0.1236 0.2577, -0.1445 0.1236 0.2577, -0.1499 0.1226 0.2566, -0.1548 0.1208 0.2546, -0.1587 0.1183 0.2516, -0.1616 0.1151 0.248, -0.1631 0.1116 0.2439, -0.1633 0.108 0.2397, -0.1619 0.1044 0.2356, -0.1593 0.1012 0.2319, -0.1508 0.0921 0.23, -0.1555 0.0937 0.2325, -0.1593 0.0959 0.2359, -0.1619 0.0986 0.24, -0.1633 0.1015 0.2446, -0.1631 0.1045 0.2493, -0.1616 0.1074 0.2538, -0.1587 0.11 0.2578, -0.1548 0.1121 0.2611, -0.1499 0.1136 0.2634, -0.1445 0.1144 0.2646, -0.1389 0.1144 0.2646, -0.1336 0.1136 0.2634, -0.1287 0.1121 0.2611, -0.1247 0.11 0.2578, -0.1219 0.1074 0.2538, -0.1203 0.1045 0.2493, -0.1202 0.1015 0.2446, -0.1215 0.0986 0.24, -0.1242 0.0959 0.2359, -0.1327 0.0872 0.2327, -0.128 0.0884 0.2354, -0.1242 0.0901 0.2391, -0.1215 0.0921 0.2435, -0.1202 0.0944 0.2484, -0.1203 0.0967 0.2535, -0.1219 0.0989 0.2584, -0.1247 0.1009 0.2628, -0.1287 0.1025 0.2663, -0.1336 0.1037 0.2688, -0.1389 0.1043 0.2701, -0.1445 0.1043 0.2701, -0.1499 0.1037 0.2688, -0.1548 0.1025 0.2663, -0.1587 0.1009 0.2628, -0.1616 0.0989 0.2584, -0.1631 0.0967 0.2535, -0.1633 0.0944 0.2484, -0.1619 0.0921 0.2435, -0.1593 0.0901 0.2391, -0.1508 0.0819 0.2346, -0.1555 0.0827 0.2375, -0.1593 0.0839 0.2414, -0.1619 0.0853 0.2461, -0.1633 0.0868 0.2513, -0.1631 0.0884 0.2566, -0.1616 0.0899 0.2618, -0.1587 0.0912 0.2664, -0.1548 0.0923 0.2701, -0.1499 0.0931 0.2727, -0.1445 0.0935 0.2741, -0.1389 0.0935 0.2741, -0.1336 0.0931 0.2727, -0.1287 0.0923 0.2701, -0.1247 0.0912 0.2664, -0.1219 0.0899 0.2618, -0.1203 0.0884 0.2566, -0.1202 0.0868 0.2513, -0.1215 0.0853 0.2461, -0.1242 0.0839 0.2414, -0.1327 0.0764 0.2358, -0.128 0.0768 0.2387, -0.1242 0.0774 0.2428, -0.1215 0.0781 0.2476, -0.1202 0.0789 0.253, -0.1203 0.0797 0.2585, -0.1219 0.0804 0.2638, -0.1247 0.0811 0.2686, -0.1287 0.0817 0.2724, -0.1336 0.0821 0.2751, -0.1389 0.0823 0.2766, -0.1445 0.0823 0.2766, -0.1499 0.0821 0.2751, -0.1548 0.0817 0.2724, -0.1587 0.0811 0.2686, -0.1616 0.0804 0.2638, -0.1631 0.0797 0.2585, -0.1633 0.0789 0.253, -0.1619 0.0781 0.2476, -0.1593 0.0774 0.2428, -0.1327 0.1102 0.1181, -0.128 0.1131 0.1181, -0.1242 0.1172 0.1181, -0.1215 0.1221 0.1181, -0.1202 0.1275 0.1181, -0.1203 0.1331 0.1181, -0.1219 0.1385 0.1181, -0.1247 0.1433 0.1181, -0.1287 0.1472 0.1181, -0.1336 0.1499 0.1181, -0.1389 0.1513 0.1181, -0.1445 0.1513 0.1181, -0.1499 0.1499 0.1181, -0.1548 0.1472 0.1181, -0.1587 0.1433 0.1181, -0.1616 0.1385 0.1181, -0.1631 0.1331 0.1181, -0.1633 0.1275 0.1181, -0.1619 0.1221 0.1181, -0.1593 0.1172 0.1181, -0.1555 0.1131 0.1181, -0.1508 0.1102 0.1181, -0.1327 0.1088 0.1079, -0.1327 0.1086 0.107, -0.128 0.1114 0.1062, -0.1327 0.1048 0.0985, -0.1327 0.1039 0.0968, -0.128 0.1064 0.0952, -0.1327 0.0986 0.0903, -0.1327 0.0966 0.0884, -0.128 0.0985 0.0861, -0.1327 0.0905 0.0841, -0.1327 0.0872 0.0823, -0.128 0.0884 0.0796, -0.1327 0.081 0.0801, -0.1327 0.0764 0.0791, -0.128 0.0768 0.0762, -0.1508 0.1088 0.1079, -0.1508 0.1098 0.1125, -0.1555 0.1127 0.1121, -0.1508 0.1048 0.0985, -0.1508 0.1066 0.1018, -0.1555 0.1093 0.1005, -0.1508 0.0986 0.0903, -0.1508 0.1006 0.0923, -0.1555 0.1028 0.0904, -0.1508 0.0905 0.0841, -0.1508 0.0921 0.085, -0.1555 0.0937 0.0825, -0.1508 0.081 0.0801, -0.1508 0.0819 0.0803, -0.1555 0.0827 0.0775, -0.1508 0.0764 0.0791, -0.1555 0.0768 0.0762, -0.1593 0.0774 0.0722, -0.1619 0.0781 0.0673, -0.1633 0.0789 0.062, -0.1631 0.0797 0.0564, -0.1616 0.0804 0.0511, -0.1587 0.0811 0.0464, -0.1548 0.0817 0.0425, -0.1499 0.0821 0.0398, -0.1445 0.0823 0.0384, -0.1389 0.0823 0.0384, -0.1336 0.0821 0.0398, -0.1287 0.0817 0.0425, -0.1247 0.0811 0.0464, -0.1219 0.0804 0.0511, -0.1203 0.0797 0.0564, -0.1202 0.0789 0.062, -0.1215 0.0781 0.0673, -0.1242 0.0774 0.0722, -0.1327 0.0819 0.0803, -0.128 0.0827 0.0775, -0.1242 0.0839 0.0736, -0.1215 0.0853 0.0689, -0.1202 0.0868 0.0637, -0.1203 0.0884 0.0583, -0.1219 0.0899 0.0532, -0.1247 0.0912 0.0486, -0.1287 0.0923 0.0449, -0.1336 0.0931 0.0422, -0.1389 0.0935 0.0408, -0.1445 0.0935 0.0408, -0.1499 0.0931 0.0422, -0.1548 0.0923 0.0449, -0.1587 0.0912 0.0486, -0.1616 0.0899 0.0532, -0.1631 0.0884 0.0583, -0.1633 0.0868 0.0637, -0.1619 0.0853 0.0689, -0.1593 0.0839 0.0736, -0.1508 0.0872 0.0823, -0.1555 0.0884 0.0796, -0.1593 0.0901 0.0759, -0.1619 0.0921 0.0714, -0.1633 0.0944 0.0665, -0.1631 0.0967 0.0614, -0.1616 0.0989 0.0566, -0.1587 0.1009 0.0522, -0.1548 0.1025 0.0487, -0.1499 0.1037 0.0462, -0.1445 0.1043 0.0449, -0.1389 0.1043 0.0449, -0.1336 0.1037 0.0462, -0.1287 0.1025 0.0487, -0.1247 0.1009 0.0522, -0.1219 0.0989 0.0566, -0.1203 0.0967 0.0614, -0.1202 0.0944 0.0665, -0.1215 0.0921 0.0714, -0.1242 0.0901 0.0759, -0.1327 0.0921 0.085, -0.128 0.0937 0.0825, -0.1242 0.0959 0.0791, -0.1215 0.0986 0.075, -0.1202 0.1015 0.0704, -0.1203 0.1045 0.0657, -0.1219 0.1074 0.0612, -0.1247 0.11 0.0572, -0.1287 0.1121 0.0539, -0.1336 0.1136 0.0516, -0.1389 0.1144 0.0504, -0.1445 0.1144 0.0504, -0.1499 0.1136 0.0516, -0.1548 0.1121 0.0539, -0.1587 0.11 0.0572, -0.1616 0.1074 0.0612, -0.1631 0.1045 0.0657, -0.1633 0.1015 0.0704, -0.1619 0.0986 0.075, -0.1593 0.0959 0.0791, -0.1508 0.0966 0.0884, -0.1555 0.0985 0.0861, -0.1593 0.1012 0.083, -0.1619 0.1044 0.0793, -0.1633 0.108 0.0752, -0.1631 0.1116 0.071, -0.1616 0.1151 0.067, -0.1587 0.1183 0.0634, -0.1548 0.1208 0.0604, -0.1499 0.1226 0.0583, -0.1445 0.1236 0.0573, -0.1389 0.1236 0.0573, -0.1336 0.1226 0.0583, -0.1287 0.1208 0.0604, -0.1247 0.1183 0.0634, -0.1219 0.1151 0.067, -0.1203 0.1116 0.071, -0.1202 0.108 0.0752, -0.1215 0.1044 0.0793, -0.1242 0.1012 0.083, -0.1327 0.1006 0.0923, -0.128 0.1028 0.0904, -0.1242 0.1059 0.0877, -0.1215 0.1096 0.0845, -0.1202 0.1137 0.081, -0.1203 0.1179 0.0773, -0.1219 0.1219 0.0738, -0.1247 0.1256 0.0707, -0.1287 0.1285 0.0681, -0.1336 0.1306 0.0663, -0.1389 0.1317 0.0654, -0.1445 0.1317 0.0654, -0.1499 0.1306 0.0663, -0.1548 0.1285 0.0681, -0.1587 0.1256 0.0707, -0.1616 0.1219 0.0738, -0.1631 0.1179 0.0773, -0.1633 0.1137 0.081, -0.1619 0.1096 0.0845, -0.1593 0.1059 0.0877, -0.1508 0.1039 0.0968, -0.1555 0.1064 0.0952, -0.1593 0.1098 0.093, -0.1619 0.114 0.0904, -0.1633 0.1185 0.0874, -0.1631 0.1232 0.0844, -0.1616 0.1277 0.0815, -0.1587 0.1318 0.0789, -0.1548 0.135 0.0768, -0.1499 0.1374 0.0753, -0.1445 0.1386 0.0746, -0.1389 0.1386 0.0746, -0.1336 0.1374 0.0753, -0.1287 0.135 0.0768, -0.1247 0.1318 0.0789, -0.1219 0.1277 0.0815, -0.1203 0.1232 0.0844, -0.1202 0.1185 0.0874, -0.1215 0.114 0.0904, -0.1242 0.1098 0.093, -0.1327 0.1066 0.1018, -0.128 0.1093 0.1005, -0.1242 0.113 0.0988, -0.1215 0.1175 0.0968, -0.1202 0.1224 0.0945, -0.1203 0.1275 0.0922, -0.1219 0.1324 0.09, -0.1247 0.1367 0.088, -0.1287 0.1403 0.0864, -0.1336 0.1428 0.0852, -0.1389 0.1441 0.0847, -0.1445 0.1441 0.0847, -0.1499 0.1428 0.0852, -0.1548 0.1403 0.0864, -0.1587 0.1367 0.088, -0.1616 0.1324 0.09, -0.1631 0.1275 0.0922, -0.1633 0.1224 0.0945, -0.1619 0.1175 0.0968, -0.1593 0.113 0.0988, -0.1508 0.1086 0.107, -0.1555 0.1114 0.1062, -0.1593 0.1153 0.105, -0.1619 0.12 0.1037, -0.1633 0.1252 0.1021, -0.1631 0.1306 0.1006, -0.1616 0.1357 0.099, -0.1587 0.1403 0.0977, -0.1548 0.1441 0.0966, -0.1499 0.1467 0.0958, -0.1445 0.1481 0.0954, -0.1389 0.1481 0.0954, -0.1336 0.1467 0.0958, -0.1287 0.1441 0.0966, -0.1247 0.1403 0.0977, -0.1219 0.1357 0.099, -0.1203 0.1306 0.1006, -0.1202 0.1252 0.1021, -0.1215 0.12 0.1037, -0.1242 0.1153 0.105, -0.1327 0.1098 0.1125, -0.128 0.1127 0.1121, -0.1242 0.1167 0.1115, -0.1215 0.1216 0.1108, -0.1202 0.127 0.11, -0.1203 0.1325 0.1092, -0.1219 0.1378 0.1085, -0.1247 0.1425 0.1078, -0.1287 0.1464 0.1072, -0.1336 0.1491 0.1069, -0.1389 0.1505 0.1066, -0.1445 0.1505 0.1066, -0.1499 0.1491 0.1069, -0.1548 0.1464 0.1072, -0.1587 0.1425 0.1078, -0.1616 0.1378 0.1085, -0.1631 0.1325 0.1092, -0.1633 0.127 0.11, -0.1619 0.1216 0.1108, -0.1593 0.1167 0.1115
            ]
        }
        coordIndex [
            0,1,2,-1,0,2,3,-1,3,2,4,-1,3,4,5,-1,5,4,6,-1,5,6,7,-1,7,6,8,-1,7,8,9,-1,9,8,10,-1,9,10,11,-1,11,10,12,-1,11,12,13,-1,13,12,14,-1,13,14,15,-1,15,14,16,-1,15,16,17,-1,17,16,18,-1,17,18,19,-1,19,18,20,-1,19,20,21,-1,21,20,22,-1,21,22,23,-1,23,22,24,-1,23,24,25,-1,25,24,26,-1,25,26,27,-1,27,26,28,-1,27,28,29,-1,29,28,30,-1,29,30,31,-1,31,30,32,-1,31,32,33,-1,33,32,34,-1,33,34,35,-1,35,34,36,-1,35,36,37,-1,37,36,38,-1,37,38,39,-1,39,38,40,-1,39,40,41,-1,41,40,42,-1,41,42,43,-1,44,45,46,-1,47,48,49,-1,50,51,52,-1,53,54,55,-1,56,57,58,-1,59,60,61,-1,62,63,64,-1,65,66,67,-1,68,69,70,-1,71,72,73,-1,43,74,41,-1,41,74,75,-1,41,75,39,-1,39,75,76,-1,39,76,37,-1,37,76,77,-1,37,77,35,-1,35,77,78,-1,35,78,33,-1,33,78,79,-1,33,79,31,-1,31,79,80,-1,31,80,29,-1,29,80,81,-1,29,81,27,-1,27,81,82,-1,27,82,25,-1,25,82,83,-1,25,83,23,-1,23,83,84,-1,23,84,21,-1,21,84,85,-1,21,85,19,-1,19,85,86,-1,19,86,17,-1,17,86,87,-1,17,87,15,-1,15,87,88,-1,15,88,13,-1,13,88,89,-1,13,89,11,-1,11,89,90,-1,11,90,9,-1,9,90,91,-1,9,91,7,-1,7,91,92,-1,7,92,5,-1,5,92,93,-1,5,93,3,-1,3,93,58,-1,3,58,0,-1,0,58,57,-1,94,56,95,-1,95,56,58,-1,95,58,96,-1,96,58,93,-1,96,93,97,-1,97,93,92,-1,97,92,98,-1,98,92,91,-1,98,91,99,-1,99,91,90,-1,99,90,100,-1,100,90,89,-1,100,89,101,-1,101,89,88,-1,101,88,102,-1,102,88,87,-1,102,87,103,-1,103,87,86,-1,103,86,104,-1,104,86,85,-1,104,85,105,-1,105,85,84,-1,105,84,106,-1,106,84,83,-1,106,83,107,-1,107,83,82,-1,107,82,108,-1,108,82,81,-1,108,81,109,-1,109,81,80,-1,109,80,110,-1,110,80,79,-1,110,79,111,-1,111,79,78,-1,111,78,112,-1,112,78,77,-1,112,77,113,-1,113,77,76,-1,113,76,73,-1,73,76,75,-1,73,75,71,-1,71,75,74,-1,72,114,73,-1,73,114,115,-1,73,115,113,-1,113,115,116,-1,113,116,112,-1,112,116,117,-1,112,117,111,-1,111,117,118,-1,111,118,110,-1,110,118,119,-1,110,119,109,-1,109,119,120,-1,109,120,108,-1,108,120,121,-1,108,121,107,-1,107,121,122,-1,107,122,106,-1,106,122,123,-1,106,123,105,-1,105,123,124,-1,105,124,104,-1,104,124,125,-1,104,125,103,-1,103,125,126,-1,103,126,102,-1,102,126,127,-1,102,127,101,-1,101,127,128,-1,101,128,100,-1,100,128,129,-1,100,129,99,-1,99,129,130,-1,99,130,98,-1,98,130,131,-1,98,131,97,-1,97,131,132,-1,97,132,96,-1,96,132,133,-1,96,133,95,-1,95,133,55,-1,95,55,94,-1,94,55,54,-1,134,53,135,-1,135,53,55,-1,135,55,136,-1,136,55,133,-1,136,133,137,-1,137,133,132,-1,137,132,138,-1,138,132,131,-1,138,131,139,-1,139,131,130,-1,139,130,140,-1,140,130,129,-1,140,129,141,-1,141,129,128,-1,141,128,142,-1,142,128,127,-1,142,127,143,-1,143,127,126,-1,143,126,144,-1,144,126,125,-1,144,125,145,-1,145,125,124,-1,145,124,146,-1,146,124,123,-1,146,123,147,-1,147,123,122,-1,147,122,148,-1,148,122,121,-1,148,121,149,-1,149,121,120,-1,149,120,150,-1,150,120,119,-1,150,119,151,-1,151,119,118,-1,151,118,152,-1,152,118,117,-1,152,117,153,-1,153,117,116,-1,153,116,70,-1,70,116,115,-1,70,115,68,-1,68,115,114,-1,69,154,70,-1,70,154,155,-1,70,155,153,-1,153,155,156,-1,153,156,152,-1,152,156,157,-1,152,157,151,-1,151,157,158,-1,151,158,150,-1,150,158,159,-1,150,159,149,-1,149,159,160,-1,149,160,148,-1,148,160,161,-1,148,161,147,-1,147,161,162,-1,147,162,146,-1,146,162,163,-1,146,163,145,-1,145,163,164,-1,145,164,144,-1,144,164,165,-1,144,165,143,-1,143,165,166,-1,143,166,142,-1,142,166,167,-1,142,167,141,-1,141,167,168,-1,141,168,140,-1,140,168,169,-1,140,169,139,-1,139,169,170,-1,139,170,138,-1,138,170,171,-1,138,171,137,-1,137,171,172,-1,137,172,136,-1,136,172,173,-1,136,173,135,-1,135,173,52,-1,135,52,134,-1,134,52,51,-1,174,50,175,-1,175,50,52,-1,175,52,176,-1,176,52,173,-1,176,173,177,-1,177,173,172,-1,177,172,178,-1,178,172,171,-1,178,171,179,-1,179,171,170,-1,179,170,180,-1,180,170,169,-1,180,169,181,-1,181,169,168,-1,181,168,182,-1,182,168,167,-1,182,167,183,-1,183,167,166,-1,183,166,184,-1,184,166,165,-1,184,165,185,-1,185,165,164,-1,185,164,186,-1,186,164,163,-1,186,163,187,-1,187,163,162,-1,187,162,188,-1,188,162,161,-1,188,161,189,-1,189,161,160,-1,189,160,190,-1,190,160,159,-1,190,159,191,-1,191,159,158,-1,191,158,192,-1,192,158,157,-1,192,157,193,-1,193,157,156,-1,193,156,67,-1,67,156,155,-1,67,155,65,-1,65,155,154,-1,66,194,67,-1,67,194,195,-1,67,195,193,-1,193,195,196,-1,193,196,192,-1,192,196,197,-1,192,197,191,-1,191,197,198,-1,191,198,190,-1,190,198,199,-1,190,199,189,-1,189,199,200,-1,189,200,188,-1,188,200,201,-1,188,201,187,-1,187,201,202,-1,187,202,186,-1,186,202,203,-1,186,203,185,-1,185,203,204,-1,185,204,184,-1,184,204,205,-1,184,205,183,-1,183,205,206,-1,183,206,182,-1,182,206,207,-1,182,207,181,-1,181,207,208,-1,181,208,180,-1,180,208,209,-1,180,209,179,-1,179,209,210,-1,179,210,178,-1,178,210,211,-1,178,211,177,-1,177,211,212,-1,177,212,176,-1,176,212,213,-1,176,213,175,-1,175,213,49,-1,175,49,174,-1,174,49,48,-1,214,47,215,-1,215,47,49,-1,215,49,216,-1,216,49,213,-1,216,213,217,-1,217,213,212,-1,217,212,218,-1,218,212,211,-1,218,211,219,-1,219,211,210,-1,219,210,220,-1,220,210,209,-1,220,209,221,-1,221,209,208,-1,221,208,222,-1,222,208,207,-1,222,207,223,-1,223,207,206,-1,223,206,224,-1,224,206,205,-1,224,205,225,-1,225,205,204,-1,225,204,226,-1,226,204,203,-1,226,203,227,-1,227,203,202,-1,227,202,228,-1,228,202,201,-1,228,201,229,-1,229,201,200,-1,229,200,230,-1,230,200,199,-1,230,199,231,-1,231,199,198,-1,231,198,232,-1,232,198,197,-1,232,197,233,-1,233,197,196,-1,233,196,64,-1,64,196,195,-1,64,195,62,-1,62,195,194,-1,63,234,64,-1,64,234,235,-1,64,235,233,-1,233,235,236,-1,233,236,232,-1,232,236,237,-1,232,237,231,-1,231,237,238,-1,231,238,230,-1,230,238,239,-1,230,239,229,-1,229,239,240,-1,229,240,228,-1,228,240,241,-1,228,241,227,-1,227,241,242,-1,227,242,226,-1,226,242,243,-1,226,243,225,-1,225,243,244,-1,225,244,224,-1,224,244,245,-1,224,245,223,-1,223,245,246,-1,223,246,222,-1,222,246,247,-1,222,247,221,-1,221,247,248,-1,221,248,220,-1,220,248,249,-1,220,249,219,-1,219,249,250,-1,219,250,218,-1,218,250,251,-1,218,251,217,-1,217,251,252,-1,217,252,216,-1,216,252,253,-1,216,253,215,-1,215,253,46,-1,215,46,214,-1,214,46,45,-1,254,44,255,-1,255,44,46,-1,255,46,256,-1,256,46,253,-1,256,253,257,-1,257,253,252,-1,257,252,258,-1,258,252,251,-1,258,251,259,-1,259,251,250,-1,259,250,260,-1,260,250,249,-1,260,249,261,-1,261,249,248,-1,261,248,262,-1,262,248,247,-1,262,247,263,-1,263,247,246,-1,263,246,264,-1,264,246,245,-1,264,245,265,-1,265,245,244,-1,265,244,266,-1,266,244,243,-1,266,243,267,-1,267,243,242,-1,267,242,268,-1,268,242,241,-1,268,241,269,-1,269,241,240,-1,269,240,270,-1,270,240,239,-1,270,239,271,-1,271,239,238,-1,271,238,272,-1,272,238,237,-1,272,237,273,-1,273,237,236,-1,273,236,61,-1,61,236,235,-1,61,235,59,-1,59,235,234,-1,60,274,61,-1,61,274,275,-1,61,275,273,-1,273,275,276,-1,273,276,272,-1,272,276,277,-1,272,277,271,-1,271,277,278,-1,271,278,270,-1,270,278,279,-1,270,279,269,-1,269,279,280,-1,269,280,268,-1,268,280,281,-1,268,281,267,-1,267,281,282,-1,267,282,266,-1,266,282,283,-1,266,283,265,-1,265,283,284,-1,265,284,264,-1,264,284,285,-1,264,285,263,-1,263,285,286,-1,263,286,262,-1,262,286,287,-1,262,287,261,-1,261,287,288,-1,261,288,260,-1,260,288,289,-1,260,289,259,-1,259,289,290,-1,259,290,258,-1,258,290,291,-1,258,291,257,-1,257,291,292,-1,257,292,256,-1,256,292,293,-1,256,293,255,-1,255,293,294,-1,255,294,254,-1,254,294,295,-1,296,295,294,-1,296,294,297,-1,297,294,293,-1,297,293,298,-1,298,293,292,-1,298,292,299,-1,299,292,291,-1,299,291,300,-1,300,291,290,-1,300,290,301,-1,301,290,289,-1,301,289,302,-1,302,289,288,-1,302,288,303,-1,303,288,287,-1,303,287,304,-1,304,287,286,-1,304,286,305,-1,305,286,285,-1,305,285,306,-1,306,285,284,-1,306,284,307,-1,307,284,283,-1,307,283,308,-1,308,283,282,-1,308,282,309,-1,309,282,281,-1,309,281,310,-1,310,281,280,-1,310,280,311,-1,311,280,279,-1,311,279,312,-1,312,279,278,-1,312,278,313,-1,313,278,277,-1,313,277,314,-1,314,277,276,-1,314,276,315,-1,315,276,275,-1,315,275,316,-1,316,275,274,-1,316,274,317,-1,318,319,320,-1,321,322,323,-1,324,325,326,-1,327,328,329,-1,330,331,332,-1,333,334,335,-1,336,337,338,-1,339,340,341,-1,342,343,344,-1,345,346,347,-1,317,348,316,-1,316,348,349,-1,316,349,315,-1,315,349,350,-1,315,350,314,-1,314,350,351,-1,314,351,313,-1,313,351,352,-1,313,352,312,-1,312,352,353,-1,312,353,311,-1,311,353,354,-1,311,354,310,-1,310,354,355,-1,310,355,309,-1,309,355,356,-1,309,356,308,-1,308,356,357,-1,308,357,307,-1,307,357,358,-1,307,358,306,-1,306,358,359,-1,306,359,305,-1,305,359,360,-1,305,360,304,-1,304,360,361,-1,304,361,303,-1,303,361,362,-1,303,362,302,-1,302,362,363,-1,302,363,301,-1,301,363,364,-1,301,364,300,-1,300,364,365,-1,300,365,299,-1,299,365,366,-1,299,366,298,-1,298,366,367,-1,298,367,297,-1,297,367,332,-1,297,332,296,-1,296,332,331,-1,368,330,369,-1,369,330,332,-1,369,332,370,-1,370,332,367,-1,370,367,371,-1,371,367,366,-1,371,366,372,-1,372,366,365,-1,372,365,373,-1,373,365,364,-1,373,364,374,-1,374,364,363,-1,374,363,375,-1,375,363,362,-1,375,362,376,-1,376,362,361,-1,376,361,377,-1,377,361,360,-1,377,360,378,-1,378,360,359,-1,378,359,379,-1,379,359,358,-1,379,358,380,-1,380,358,357,-1,380,357,381,-1,381,357,356,-1,381,356,382,-1,382,356,355,-1,382,355,383,-1,383,355,354,-1,383,354,384,-1,384,354,353,-1,384,353,385,-1,385,353,352,-1,385,352,386,-1,386,352,351,-1,386,351,387,-1,387,351,350,-1,387,350,347,-1,347,350,349,-1,347,349,345,-1,345,349,348,-1,346,388,347,-1,347,388,389,-1,347,389,387,-1,387,389,390,-1,387,390,386,-1,386,390,391,-1,386,391,385,-1,385,391,392,-1,385,392,384,-1,384,392,393,-1,384,393,383,-1,383,393,394,-1,383,394,382,-1,382,394,395,-1,382,395,381,-1,381,395,396,-1,381,396,380,-1,380,396,397,-1,380,397,379,-1,379,397,398,-1,379,398,378,-1,378,398,399,-1,378,399,377,-1,377,399,400,-1,377,400,376,-1,376,400,401,-1,376,401,375,-1,375,401,402,-1,375,402,374,-1,374,402,403,-1,374,403,373,-1,373,403,404,-1,373,404,372,-1,372,404,405,-1,372,405,371,-1,371,405,406,-1,371,406,370,-1,370,406,407,-1,370,407,369,-1,369,407,329,-1,369,329,368,-1,368,329,328,-1,408,327,409,-1,409,327,329,-1,409,329,410,-1,410,329,407,-1,410,407,411,-1,411,407,406,-1,411,406,412,-1,412,406,405,-1,412,405,413,-1,413,405,404,-1,413,404,414,-1,414,404,403,-1,414,403,415,-1,415,403,402,-1,415,402,416,-1,416,402,401,-1,416,401,417,-1,417,401,400,-1,417,400,418,-1,418,400,399,-1,418,399,419,-1,419,399,398,-1,419,398,420,-1,420,398,397,-1,420,397,421,-1,421,397,396,-1,421,396,422,-1,422,396,395,-1,422,395,423,-1,423,395,394,-1,423,394,424,-1,424,394,393,-1,424,393,425,-1,425,393,392,-1,425,392,426,-1,426,392,391,-1,426,391,427,-1,427,391,390,-1,427,390,344,-1,344,390,389,-1,344,389,342,-1,342,389,388,-1,343,428,344,-1,344,428,429,-1,344,429,427,-1,427,429,430,-1,427,430,426,-1,426,430,431,-1,426,431,425,-1,425,431,432,-1,425,432,424,-1,424,432,433,-1,424,433,423,-1,423,433,434,-1,423,434,422,-1,422,434,435,-1,422,435,421,-1,421,435,436,-1,421,436,420,-1,420,436,437,-1,420,437,419,-1,419,437,438,-1,419,438,418,-1,418,438,439,-1,418,439,417,-1,417,439,440,-1,417,440,416,-1,416,440,441,-1,416,441,415,-1,415,441,442,-1,415,442,414,-1,414,442,443,-1,414,443,413,-1,413,443,444,-1,413,444,412,-1,412,444,445,-1,412,445,411,-1,411,445,446,-1,411,446,410,-1,410,446,447,-1,410,447,409,-1,409,447,326,-1,409,326,408,-1,408,326,325,-1,448,324,449,-1,449,324,326,-1,449,326,450,-1,450,326,447,-1,450,447,451,-1,451,447,446,-1,451,446,452,-1,452,446,445,-1,452,445,453,-1,453,445,444,-1,453,444,454,-1,454,444,443,-1,454,443,455,-1,455,443,442,-1,455,442,456,-1,456,442,441,-1,456,441,457,-1,457,441,440,-1,457,440,458,-1,458,440,439,-1,458,439,459,-1,459,439,438,-1,459,438,460,-1,460,438,437,-1,460,437,461,-1,461,437,436,-1,461,436,462,-1,462,436,435,-1,462,435,463,-1,463,435,434,-1,463,434,464,-1,464,434,433,-1,464,433,465,-1,465,433,432,-1,465,432,466,-1,466,432,431,-1,466,431,467,-1,467,431,430,-1,467,430,341,-1,341,430,429,-1,341,429,339,-1,339,429,428,-1,340,468,341,-1,341,468,469,-1,341,469,467,-1,467,469,470,-1,467,470,466,-1,466,470,471,-1,466,471,465,-1,465,471,472,-1,465,472,464,-1,464,472,473,-1,464,473,463,-1,463,473,474,-1,463,474,462,-1,462,474,475,-1,462,475,461,-1,461,475,476,-1,461,476,460,-1,460,476,477,-1,460,477,459,-1,459,477,478,-1,459,478,458,-1,458,478,479,-1,458,479,457,-1,457,479,480,-1,457,480,456,-1,456,480,481,-1,456,481,455,-1,455,481,482,-1,455,482,454,-1,454,482,483,-1,454,483,453,-1,453,483,484,-1,453,484,452,-1,452,484,485,-1,452,485,451,-1,451,485,486,-1,451,486,450,-1,450,486,487,-1,450,487,449,-1,449,487,323,-1,449,323,448,-1,448,323,322,-1,488,321,489,-1,489,321,323,-1,489,323,490,-1,490,323,487,-1,490,487,491,-1,491,487,486,-1,491,486,492,-1,492,486,485,-1,492,485,493,-1,493,485,484,-1,493,484,494,-1,494,484,483,-1,494,483,495,-1,495,483,482,-1,495,482,496,-1,496,482,481,-1,496,481,497,-1,497,481,480,-1,497,480,498,-1,498,480,479,-1,498,479,499,-1,499,479,478,-1,499,478,500,-1,500,478,477,-1,500,477,501,-1,501,477,476,-1,501,476,502,-1,502,476,475,-1,502,475,503,-1,503,475,474,-1,503,474,504,-1,504,474,473,-1,504,473,505,-1,505,473,472,-1,505,472,506,-1,506,472,471,-1,506,471,507,-1,507,471,470,-1,507,470,338,-1,338,470,469,-1,338,469,336,-1,336,469,468,-1,337,508,338,-1,338,508,509,-1,338,509,507,-1,507,509,510,-1,507,510,506,-1,506,510,511,-1,506,511,505,-1,505,511,512,-1,505,512,504,-1,504,512,513,-1,504,513,503,-1,503,513,514,-1,503,514,502,-1,502,514,515,-1,502,515,501,-1,501,515,516,-1,501,516,500,-1,500,516,517,-1,500,517,499,-1,499,517,518,-1,499,518,498,-1,498,518,519,-1,498,519,497,-1,497,519,520,-1,497,520,496,-1,496,520,521,-1,496,521,495,-1,495,521,522,-1,495,522,494,-1,494,522,523,-1,494,523,493,-1,493,523,524,-1,493,524,492,-1,492,524,525,-1,492,525,491,-1,491,525,526,-1,491,526,490,-1,490,526,527,-1,490,527,489,-1,489,527,320,-1,489,320,488,-1,488,320,319,-1,528,318,529,-1,529,318,320,-1,529,320,530,-1,530,320,527,-1,530,527,531,-1,531,527,526,-1,531,526,532,-1,532,526,525,-1,532,525,533,-1,533,525,524,-1,533,524,534,-1,534,524,523,-1,534,523,535,-1,535,523,522,-1,535,522,536,-1,536,522,521,-1,536,521,537,-1,537,521,520,-1,537,520,538,-1,538,520,519,-1,538,519,539,-1,539,519,518,-1,539,518,540,-1,540,518,517,-1,540,517,541,-1,541,517,516,-1,541,516,542,-1,542,516,515,-1,542,515,543,-1,543,515,514,-1,543,514,544,-1,544,514,513,-1,544,513,545,-1,545,513,512,-1,545,512,546,-1,546,512,511,-1,546,511,547,-1,547,511,510,-1,547,510,335,-1,335,510,509,-1,335,509,333,-1,333,509,508,-1,334,548,335,-1,335,548,549,-1,335,549,547,-1,547,549,550,-1,547,550,546,-1,546,550,551,-1,546,551,545,-1,545,551,552,-1,545,552,544,-1,544,552,553,-1,544,553,543,-1,543,553,554,-1,543,554,542,-1,542,554,555,-1,542,555,541,-1,541,555,556,-1,541,556,540,-1,540,556,557,-1,540,557,539,-1,539,557,558,-1,539,558,538,-1,538,558,559,-1,538,559,537,-1,537,559,560,-1,537,560,536,-1,536,560,561,-1,536,561,535,-1,535,561,562,-1,535,562,534,-1,534,562,563,-1,534,563,533,-1,533,563,564,-1,533,564,532,-1,532,564,565,-1,532,565,531,-1,531,565,566,-1,531,566,530,-1,530,566,567,-1,530,567,529,-1,529,567,568,-1,529,568,528,-1,528,568,569,-1,570,569,568,-1,570,568,571,-1,571,568,567,-1,571,567,572,-1,572,567,566,-1,572,566,573,-1,573,566,565,-1,573,565,574,-1,574,565,564,-1,574,564,575,-1,575,564,563,-1,575,563,576,-1,576,563,562,-1,576,562,577,-1,577,562,561,-1,577,561,578,-1,578,561,560,-1,578,560,579,-1,579,560,559,-1,579,559,580,-1,580,559,558,-1,580,558,581,-1,581,558,557,-1,581,557,582,-1,582,557,556,-1,582,556,583,-1,583,556,555,-1,583,555,584,-1,584,555,554,-1,584,554,585,-1,585,554,553,-1,585,553,586,-1,586,553,552,-1,586,552,587,-1,587,552,551,-1,587,551,588,-1,588,551,550,-1,588,550,589,-1,589,550,549,-1,589,549,590,-1,590,549,548,-1,590,548,591,-1,592,593,594,-1,595,596,597,-1,598,599,600,-1,601,602,603,-1,604,605,606,-1,607,608,609,-1,610,611,612,-1,613,614,615,-1,616,617,618,-1,619,620,621,-1,622,623,624,-1,624,623,625,-1,624,625,626,-1,626,625,627,-1,626,627,628,-1,628,627,629,-1,628,629,630,-1,630,629,631,-1,630,631,632,-1,632,631,633,-1,632,633,634,-1,634,633,635,-1,634,635,636,-1,636,635,637,-1,636,637,638,-1,638,637,639,-1,638,639,640,-1,640,639,641,-1,640,641,642,-1,642,641,643,-1,642,643,644,-1,644,643,645,-1,644,645,646,-1,646,645,647,-1,646,647,648,-1,648,647,649,-1,648,649,650,-1,650,649,651,-1,650,651,652,-1,652,651,653,-1,652,653,654,-1,654,653,655,-1,654,655,656,-1,656,655,657,-1,656,657,658,-1,658,657,659,-1,658,659,660,-1,660,659,661,-1,660,661,662,-1,662,661,606,-1,662,606,663,-1,663,606,605,-1,664,604,665,-1,665,604,606,-1,665,606,666,-1,666,606,661,-1,666,661,667,-1,667,661,659,-1,667,659,668,-1,668,659,657,-1,668,657,669,-1,669,657,655,-1,669,655,670,-1,670,655,653,-1,670,653,671,-1,671,653,651,-1,671,651,672,-1,672,651,649,-1,672,649,673,-1,673,649,647,-1,673,647,674,-1,674,647,645,-1,674,645,675,-1,675,645,643,-1,675,643,676,-1,676,643,641,-1,676,641,677,-1,677,641,639,-1,677,639,678,-1,678,639,637,-1,678,637,679,-1,679,637,635,-1,679,635,680,-1,680,635,633,-1,680,633,681,-1,681,633,631,-1,681,631,682,-1,682,631,629,-1,682,629,683,-1,683,629,627,-1,683,627,621,-1,621,627,625,-1,621,625,619,-1,619,625,623,-1,620,684,621,-1,621,684,685,-1,621,685,683,-1,683,685,686,-1,683,686,682,-1,682,686,687,-1,682,687,681,-1,681,687,688,-1,681,688,680,-1,680,688,689,-1,680,689,679,-1,679,689,690,-1,679,690,678,-1,678,690,691,-1,678,691,677,-1,677,691,692,-1,677,692,676,-1,676,692,693,-1,676,693,675,-1,675,693,694,-1,675,694,674,-1,674,694,695,-1,674,695,673,-1,673,695,696,-1,673,696,672,-1,672,696,697,-1,672,697,671,-1,671,697,698,-1,671,698,670,-1,670,698,699,-1,670,699,669,-1,669,699,700,-1,669,700,668,-1,668,700,701,-1,668,701,667,-1,667,701,702,-1,667,702,666,-1,666,702,703,-1,666,703,665,-1,665,703,603,-1,665,603,664,-1,664,603,602,-1,704,601,705,-1,705,601,603,-1,705,603,706,-1,706,603,703,-1,706,703,707,-1,707,703,702,-1,707,702,708,-1,708,702,701,-1,708,701,709,-1,709,701,700,-1,709,700,710,-1,710,700,699,-1,710,699,711,-1,711,699,698,-1,711,698,712,-1,712,698,697,-1,712,697,713,-1,713,697,696,-1,713,696,714,-1,714,696,695,-1,714,695,715,-1,715,695,694,-1,715,694,716,-1,716,694,693,-1,716,693,717,-1,717,693,692,-1,717,692,718,-1,718,692,691,-1,718,691,719,-1,719,691,690,-1,719,690,720,-1,720,690,689,-1,720,689,721,-1,721,689,688,-1,721,688,722,-1,722,688,687,-1,722,687,723,-1,723,687,686,-1,723,686,618,-1,618,686,685,-1,618,685,616,-1,616,685,684,-1,617,724,618,-1,618,724,725,-1,618,725,723,-1,723,725,726,-1,723,726,722,-1,722,726,727,-1,722,727,721,-1,721,727,728,-1,721,728,720,-1,720,728,729,-1,720,729,719,-1,719,729,730,-1,719,730,718,-1,718,730,731,-1,718,731,717,-1,717,731,732,-1,717,732,716,-1,716,732,733,-1,716,733,715,-1,715,733,734,-1,715,734,714,-1,714,734,735,-1,714,735,713,-1,713,735,736,-1,713,736,712,-1,712,736,737,-1,712,737,711,-1,711,737,738,-1,711,738,710,-1,710,738,739,-1,710,739,709,-1,709,739,740,-1,709,740,708,-1,708,740,741,-1,708,741,707,-1,707,741,742,-1,707,742,706,-1,706,742,743,-1,706,743,705,-1,705,743,600,-1,705,600,704,-1,704,600,599,-1,744,598,745,-1,745,598,600,-1,745,600,746,-1,746,600,743,-1,746,743,747,-1,747,743,742,-1,747,742,748,-1,748,742,741,-1,748,741,749,-1,749,741,740,-1,749,740,750,-1,750,740,739,-1,750,739,751,-1,751,739,738,-1,751,738,752,-1,752,738,737,-1,752,737,753,-1,753,737,736,-1,753,736,754,-1,754,736,735,-1,754,735,755,-1,755,735,734,-1,755,734,756,-1,756,734,733,-1,756,733,757,-1,757,733,732,-1,757,732,758,-1,758,732,731,-1,758,731,759,-1,759,731,730,-1,759,730,760,-1,760,730,729,-1,760,729,761,-1,761,729,728,-1,761,728,762,-1,762,728,727,-1,762,727,763,-1,763,727,726,-1,763,726,615,-1,615,726,725,-1,615,725,613,-1,613,725,724,-1,614,764,615,-1,615,764,765,-1,615,765,763,-1,763,765,766,-1,763,766,762,-1,762,766,767,-1,762,767,761,-1,761,767,768,-1,761,768,760,-1,760,768,769,-1,760,769,759,-1,759,769,770,-1,759,770,758,-1,758,770,771,-1,758,771,757,-1,757,771,772,-1,757,772,756,-1,756,772,773,-1,756,773,755,-1,755,773,774,-1,755,774,754,-1,754,774,775,-1,754,775,753,-1,753,775,776,-1,753,776,752,-1,752,776,777,-1,752,777,751,-1,751,777,778,-1,751,778,750,-1,750,778,779,-1,750,779,749,-1,749,779,780,-1,749,780,748,-1,748,780,781,-1,748,781,747,-1,747,781,782,-1,747,782,746,-1,746,782,783,-1,746,783,745,-1,745,783,597,-1,745,597,744,-1,744,597,596,-1,784,595,785,-1,785,595,597,-1,785,597,786,-1,786,597,783,-1,786,783,787,-1,787,783,782,-1,787,782,788,-1,788,782,781,-1,788,781,789,-1,789,781,780,-1,789,780,790,-1,790,780,779,-1,790,779,791,-1,791,779,778,-1,791,778,792,-1,792,778,777,-1,792,777,793,-1,793,777,776,-1,793,776,794,-1,794,776,775,-1,794,775,795,-1,795,775,774,-1,795,774,796,-1,796,774,773,-1,796,773,797,-1,797,773,772,-1,797,772,798,-1,798,772,771,-1,798,771,799,-1,799,771,770,-1,799,770,800,-1,800,770,769,-1,800,769,801,-1,801,769,768,-1,801,768,802,-1,802,768,767,-1,802,767,803,-1,803,767,766,-1,803,766,612,-1,612,766,765,-1,612,765,610,-1,610,765,764,-1,611,804,612,-1,612,804,805,-1,612,805,803,-1,803,805,806,-1,803,806,802,-1,802,806,807,-1,802,807,801,-1,801,807,808,-1,801,808,800,-1,800,808,809,-1,800,809,799,-1,799,809,810,-1,799,810,798,-1,798,810,811,-1,798,811,797,-1,797,811,812,-1,797,812,796,-1,796,812,813,-1,796,813,795,-1,795,813,814,-1,795,814,794,-1,794,814,815,-1,794,815,793,-1,793,815,816,-1,793,816,792,-1,792,816,817,-1,792,817,791,-1,791,817,818,-1,791,818,790,-1,790,818,819,-1,790,819,789,-1,789,819,820,-1,789,820,788,-1,788,820,821,-1,788,821,787,-1,787,821,822,-1,787,822,786,-1,786,822,823,-1,786,823,785,-1,785,823,594,-1,785,594,784,-1,784,594,593,-1,824,592,825,-1,825,592,594,-1,825,594,826,-1,826,594,823,-1,826,823,827,-1,827,823,822,-1,827,822,828,-1,828,822,821,-1,828,821,829,-1,829,821,820,-1,829,820,830,-1,830,820,819,-1,830,819,831,-1,831,819,818,-1,831,818,832,-1,832,818,817,-1,832,817,833,-1,833,817,816,-1,833,816,834,-1,834,816,815,-1,834,815,835,-1,835,815,814,-1,835,814,836,-1,836,814,813,-1,836,813,837,-1,837,813,812,-1,837,812,838,-1,838,812,811,-1,838,811,839,-1,839,811,810,-1,839,810,840,-1,840,810,809,-1,840,809,841,-1,841,809,808,-1,841,808,842,-1,842,808,807,-1,842,807,843,-1,843,807,806,-1,843,806,609,-1,609,806,805,-1,609,805,607,-1,607,805,804,-1,608,42,609,-1,609,42,40,-1,609,40,843,-1,843,40,38,-1,843,38,842,-1,842,38,36,-1,842,36,841,-1,841,36,34,-1,841,34,840,-1,840,34,32,-1,840,32,839,-1,839,32,30,-1,839,30,838,-1,838,30,28,-1,838,28,837,-1,837,28,26,-1,837,26,836,-1,836,26,24,-1,836,24,835,-1,835,24,22,-1,835,22,834,-1,834,22,20,-1,834,20,833,-1,833,20,18,-1,833,18,832,-1,832,18,16,-1,832,16,831,-1,831,16,14,-1,831,14,830,-1,830,14,12,-1,830,12,829,-1,829,12,10,-1,829,10,828,-1,828,10,8,-1,828,8,827,-1,827,8,6,-1,827,6,826,-1,826,6,4,-1,826,4,825,-1,825,4,2,-1,825,2,824,-1,824,2,1,-1,663,844,845,-1,663,845,662,-1,662,845,846,-1,662,846,660,-1,660,846,847,-1,660,847,658,-1,658,847,848,-1,658,848,656,-1,656,848,849,-1,656,849,654,-1,654,849,850,-1,654,850,652,-1,652,850,851,-1,652,851,650,-1,650,851,852,-1,650,852,648,-1,648,852,853,-1,648,853,646,-1,646,853,854,-1,646,854,644,-1,644,854,855,-1,644,855,642,-1,642,855,856,-1,642,856,640,-1,640,856,857,-1,640,857,638,-1,638,857,858,-1,638,858,636,-1,636,858,859,-1,636,859,634,-1,634,859,860,-1,634,860,632,-1,632,860,861,-1,632,861,630,-1,630,861,862,-1,630,862,628,-1,628,862,863,-1,628,863,626,-1,626,863,864,-1,626,864,624,-1,624,864,865,-1,624,865,622,-1,866,867,868,-1,869,870,871,-1,872,873,874,-1,875,876,877,-1,878,879,880,-1,881,882,883,-1,884,885,886,-1,887,888,889,-1,890,891,892,-1,893,894,895,-1,591,896,590,-1,590,896,897,-1,590,897,589,-1,589,897,898,-1,589,898,588,-1,588,898,899,-1,588,899,587,-1,587,899,900,-1,587,900,586,-1,586,900,901,-1,586,901,585,-1,585,901,902,-1,585,902,584,-1,584,902,903,-1,584,903,583,-1,583,903,904,-1,583,904,582,-1,582,904,905,-1,582,905,581,-1,581,905,906,-1,581,906,580,-1,580,906,907,-1,580,907,579,-1,579,907,908,-1,579,908,578,-1,578,908,909,-1,578,909,577,-1,577,909,910,-1,577,910,576,-1,576,910,911,-1,576,911,575,-1,575,911,912,-1,575,912,574,-1,574,912,913,-1,574,913,573,-1,573,913,914,-1,573,914,572,-1,572,914,915,-1,572,915,571,-1,571,915,880,-1,571,880,570,-1,570,880,879,-1,916,878,917,-1,917,878,880,-1,917,880,918,-1,918,880,915,-1,918,915,919,-1,919,915,914,-1,919,914,920,-1,920,914,913,-1,920,913,921,-1,921,913,912,-1,921,912,922,-1,922,912,911,-1,922,911,923,-1,923,911,910,-1,923,910,924,-1,924,910,909,-1,924,909,925,-1,925,909,908,-1,925,908,926,-1,926,908,907,-1,926,907,927,-1,927,907,906,-1,927,906,928,-1,928,906,905,-1,928,905,929,-1,929,905,904,-1,929,904,930,-1,930,904,903,-1,930,903,931,-1,931,903,902,-1,931,902,932,-1,932,902,901,-1,932,901,933,-1,933,901,900,-1,933,900,934,-1,934,900,899,-1,934,899,935,-1,935,899,898,-1,935,898,895,-1,895,898,897,-1,895,897,893,-1,893,897,896,-1,894,936,895,-1,895,936,937,-1,895,937,935,-1,935,937,938,-1,935,938,934,-1,934,938,939,-1,934,939,933,-1,933,939,940,-1,933,940,932,-1,932,940,941,-1,932,941,931,-1,931,941,942,-1,931,942,930,-1,930,942,943,-1,930,943,929,-1,929,943,944,-1,929,944,928,-1,928,944,945,-1,928,945,927,-1,927,945,946,-1,927,946,926,-1,926,946,947,-1,926,947,925,-1,925,947,948,-1,925,948,924,-1,924,948,949,-1,924,949,923,-1,923,949,950,-1,923,950,922,-1,922,950,951,-1,922,951,921,-1,921,951,952,-1,921,952,920,-1,920,952,953,-1,920,953,919,-1,919,953,954,-1,919,954,918,-1,918,954,955,-1,918,955,917,-1,917,955,877,-1,917,877,916,-1,916,877,876,-1,956,875,957,-1,957,875,877,-1,957,877,958,-1,958,877,955,-1,958,955,959,-1,959,955,954,-1,959,954,960,-1,960,954,953,-1,960,953,961,-1,961,953,952,-1,961,952,962,-1,962,952,951,-1,962,951,963,-1,963,951,950,-1,963,950,964,-1,964,950,949,-1,964,949,965,-1,965,949,948,-1,965,948,966,-1,966,948,947,-1,966,947,967,-1,967,947,946,-1,967,946,968,-1,968,946,945,-1,968,945,969,-1,969,945,944,-1,969,944,970,-1,970,944,943,-1,970,943,971,-1,971,943,942,-1,971,942,972,-1,972,942,941,-1,972,941,973,-1,973,941,940,-1,973,940,974,-1,974,940,939,-1,974,939,975,-1,975,939,938,-1,975,938,892,-1,892,938,937,-1,892,937,890,-1,890,937,936,-1,891,976,892,-1,892,976,977,-1,892,977,975,-1,975,977,978,-1,975,978,974,-1,974,978,979,-1,974,979,973,-1,973,979,980,-1,973,980,972,-1,972,980,981,-1,972,981,971,-1,971,981,982,-1,971,982,970,-1,970,982,983,-1,970,983,969,-1,969,983,984,-1,969,984,968,-1,968,984,985,-1,968,985,967,-1,967,985,986,-1,967,986,966,-1,966,986,987,-1,966,987,965,-1,965,987,988,-1,965,988,964,-1,964,988,989,-1,964,989,963,-1,963,989,990,-1,963,990,962,-1,962,990,991,-1,962,991,961,-1,961,991,992,-1,961,992,960,-1,960,992,993,-1,960,993,959,-1,959,993,994,-1,959,994,958,-1,958,994,995,-1,958,995,957,-1,957,995,874,-1,957,874,956,-1,956,874,873,-1,996,872,997,-1,997,872,874,-1,997,874,998,-1,998,874,995,-1,998,995,999,-1,999,995,994,-1,999,994,1000,-1,1000,994,993,-1,1000,993,1001,-1,1001,993,992,-1,1001,992,1002,-1,1002,992,991,-1,1002,991,1003,-1,1003,991,990,-1,1003,990,1004,-1,1004,990,989,-1,1004,989,1005,-1,1005,989,988,-1,1005,988,1006,-1,1006,988,987,-1,1006,987,1007,-1,1007,987,986,-1,1007,986,1008,-1,1008,986,985,-1,1008,985,1009,-1,1009,985,984,-1,1009,984,1010,-1,1010,984,983,-1,1010,983,1011,-1,1011,983,982,-1,1011,982,1012,-1,1012,982,981,-1,1012,981,1013,-1,1013,981,980,-1,1013,980,1014,-1,1014,980,979,-1,1014,979,1015,-1,1015,979,978,-1,1015,978,889,-1,889,978,977,-1,889,977,887,-1,887,977,976,-1,888,1016,889,-1,889,1016,1017,-1,889,1017,1015,-1,1015,1017,1018,-1,1015,1018,1014,-1,1014,1018,1019,-1,1014,1019,1013,-1,1013,1019,1020,-1,1013,1020,1012,-1,1012,1020,1021,-1,1012,1021,1011,-1,1011,1021,1022,-1,1011,1022,1010,-1,1010,1022,1023,-1,1010,1023,1009,-1,1009,1023,1024,-1,1009,1024,1008,-1,1008,1024,1025,-1,1008,1025,1007,-1,1007,1025,1026,-1,1007,1026,1006,-1,1006,1026,1027,-1,1006,1027,1005,-1,1005,1027,1028,-1,1005,1028,1004,-1,1004,1028,1029,-1,1004,1029,1003,-1,1003,1029,1030,-1,1003,1030,1002,-1,1002,1030,1031,-1,1002,1031,1001,-1,1001,1031,1032,-1,1001,1032,1000,-1,1000,1032,1033,-1,1000,1033,999,-1,999,1033,1034,-1,999,1034,998,-1,998,1034,1035,-1,998,1035,997,-1,997,1035,871,-1,997,871,996,-1,996,871,870,-1,1036,869,1037,-1,1037,869,871,-1,1037,871,1038,-1,1038,871,1035,-1,1038,1035,1039,-1,1039,1035,1034,-1,1039,1034,1040,-1,1040,1034,1033,-1,1040,1033,1041,-1,1041,1033,1032,-1,1041,1032,1042,-1,1042,1032,1031,-1,1042,1031,1043,-1,1043,1031,1030,-1,1043,1030,1044,-1,1044,1030,1029,-1,1044,1029,1045,-1,1045,1029,1028,-1,1045,1028,1046,-1,1046,1028,1027,-1,1046,1027,1047,-1,1047,1027,1026,-1,1047,1026,1048,-1,1048,1026,1025,-1,1048,1025,1049,-1,1049,1025,1024,-1,1049,1024,1050,-1,1050,1024,1023,-1,1050,1023,1051,-1,1051,1023,1022,-1,1051,1022,1052,-1,1052,1022,1021,-1,1052,1021,1053,-1,1053,1021,1020,-1,1053,1020,1054,-1,1054,1020,1019,-1,1054,1019,1055,-1,1055,1019,1018,-1,1055,1018,886,-1,886,1018,1017,-1,886,1017,884,-1,884,1017,1016,-1,885,1056,886,-1,886,1056,1057,-1,886,1057,1055,-1,1055,1057,1058,-1,1055,1058,1054,-1,1054,1058,1059,-1,1054,1059,1053,-1,1053,1059,1060,-1,1053,1060,1052,-1,1052,1060,1061,-1,1052,1061,1051,-1,1051,1061,1062,-1,1051,1062,1050,-1,1050,1062,1063,-1,1050,1063,1049,-1,1049,1063,1064,-1,1049,1064,1048,-1,1048,1064,1065,-1,1048,1065,1047,-1,1047,1065,1066,-1,1047,1066,1046,-1,1046,1066,1067,-1,1046,1067,1045,-1,1045,1067,1068,-1,1045,1068,1044,-1,1044,1068,1069,-1,1044,1069,1043,-1,1043,1069,1070,-1,1043,1070,1042,-1,1042,1070,1071,-1,1042,1071,1041,-1,1041,1071,1072,-1,1041,1072,1040,-1,1040,1072,1073,-1,1040,1073,1039,-1,1039,1073,1074,-1,1039,1074,1038,-1,1038,1074,1075,-1,1038,1075,1037,-1,1037,1075,868,-1,1037,868,1036,-1,1036,868,867,-1,1076,866,1077,-1,1077,866,868,-1,1077,868,1078,-1,1078,868,1075,-1,1078,1075,1079,-1,1079,1075,1074,-1,1079,1074,1080,-1,1080,1074,1073,-1,1080,1073,1081,-1,1081,1073,1072,-1,1081,1072,1082,-1,1082,1072,1071,-1,1082,1071,1083,-1,1083,1071,1070,-1,1083,1070,1084,-1,1084,1070,1069,-1,1084,1069,1085,-1,1085,1069,1068,-1,1085,1068,1086,-1,1086,1068,1067,-1,1086,1067,1087,-1,1087,1067,1066,-1,1087,1066,1088,-1,1088,1066,1065,-1,1088,1065,1089,-1,1089,1065,1064,-1,1089,1064,1090,-1,1090,1064,1063,-1,1090,1063,1091,-1,1091,1063,1062,-1,1091,1062,1092,-1,1092,1062,1061,-1,1092,1061,1093,-1,1093,1061,1060,-1,1093,1060,1094,-1,1094,1060,1059,-1,1094,1059,1095,-1,1095,1059,1058,-1,1095,1058,883,-1,883,1058,1057,-1,883,1057,881,-1,881,1057,1056,-1,882,865,883,-1,883,865,864,-1,883,864,1095,-1,1095,864,863,-1,1095,863,1094,-1,1094,863,862,-1,1094,862,1093,-1,1093,862,861,-1,1093,861,1092,-1,1092,861,860,-1,1092,860,1091,-1,1091,860,859,-1,1091,859,1090,-1,1090,859,858,-1,1090,858,1089,-1,1089,858,857,-1,1089,857,1088,-1,1088,857,856,-1,1088,856,1087,-1,1087,856,855,-1,1087,855,1086,-1,1086,855,854,-1,1086,854,1085,-1,1085,854,853,-1,1085,853,1084,-1,1084,853,852,-1,1084,852,1083,-1,1083,852,851,-1,1083,851,1082,-1,1082,851,850,-1,1082,850,1081,-1,1081,850,849,-1,1081,849,1080,-1,1080,849,848,-1,1080,848,1079,-1,1079,848,847,-1,1079,847,1078,-1,1078,847,846,-1,1078,846,1077,-1,1077,846,845,-1,1077,845,1076,-1,1076,845,844,-1,1096,1097,1098,-1,1096,1098,1099,-1,1099,1098,1100,-1,1099,1100,1101,-1,1101,1100,1102,-1,1101,1102,1103,-1,1103,1102,1104,-1,1103,1104,1105,-1,1105,1104,1106,-1,1105,1106,1107,-1,1107,1106,1108,-1,1107,1108,1109,-1,1109,1108,1110,-1,1109,1110,1111,-1,1111,1110,1112,-1,1111,1112,1113,-1,1113,1112,1114,-1,1113,1114,1115,-1,1115,1114,1116,-1,1115,1116,1117,-1,1117,1116,1118,-1,1117,1118,1119,-1,1119,1118,1120,-1,1119,1120,1121,-1,1121,1120,1122,-1,1121,1122,1123,-1,1123,1122,1124,-1,1123,1124,1125,-1,1125,1124,1126,-1,1125,1126,1127,-1,1127,1126,1128,-1,1127,1128,1129,-1,1129,1128,1130,-1,1129,1130,1131,-1,1131,1130,1132,-1,1131,1132,1133,-1,1133,1132,1134,-1,1133,1134,1135,-1,1135,1134,1136,-1,1135,1136,1137,-1,1137,1136,1138,-1,1137,1138,1139,-1,1140,1141,1142,-1,1143,1144,1145,-1,1146,1147,1148,-1,1149,1150,1151,-1,1152,1153,1154,-1,1155,1156,1157,-1,1158,1159,1160,-1,1161,1162,1163,-1,1164,1165,1166,-1,1167,1168,1169,-1,1139,1170,1137,-1,1137,1170,1171,-1,1137,1171,1135,-1,1135,1171,1172,-1,1135,1172,1133,-1,1133,1172,1173,-1,1133,1173,1131,-1,1131,1173,1174,-1,1131,1174,1129,-1,1129,1174,1175,-1,1129,1175,1127,-1,1127,1175,1176,-1,1127,1176,1125,-1,1125,1176,1177,-1,1125,1177,1123,-1,1123,1177,1178,-1,1123,1178,1121,-1,1121,1178,1179,-1,1121,1179,1119,-1,1119,1179,1180,-1,1119,1180,1117,-1,1117,1180,1181,-1,1117,1181,1115,-1,1115,1181,1182,-1,1115,1182,1113,-1,1113,1182,1183,-1,1113,1183,1111,-1,1111,1183,1184,-1,1111,1184,1109,-1,1109,1184,1185,-1,1109,1185,1107,-1,1107,1185,1186,-1,1107,1186,1105,-1,1105,1186,1187,-1,1105,1187,1103,-1,1103,1187,1188,-1,1103,1188,1101,-1,1101,1188,1189,-1,1101,1189,1099,-1,1099,1189,1154,-1,1099,1154,1096,-1,1096,1154,1153,-1,1190,1152,1191,-1,1191,1152,1154,-1,1191,1154,1192,-1,1192,1154,1189,-1,1192,1189,1193,-1,1193,1189,1188,-1,1193,1188,1194,-1,1194,1188,1187,-1,1194,1187,1195,-1,1195,1187,1186,-1,1195,1186,1196,-1,1196,1186,1185,-1,1196,1185,1197,-1,1197,1185,1184,-1,1197,1184,1198,-1,1198,1184,1183,-1,1198,1183,1199,-1,1199,1183,1182,-1,1199,1182,1200,-1,1200,1182,1181,-1,1200,1181,1201,-1,1201,1181,1180,-1,1201,1180,1202,-1,1202,1180,1179,-1,1202,1179,1203,-1,1203,1179,1178,-1,1203,1178,1204,-1,1204,1178,1177,-1,1204,1177,1205,-1,1205,1177,1176,-1,1205,1176,1206,-1,1206,1176,1175,-1,1206,1175,1207,-1,1207,1175,1174,-1,1207,1174,1208,-1,1208,1174,1173,-1,1208,1173,1209,-1,1209,1173,1172,-1,1209,1172,1169,-1,1169,1172,1171,-1,1169,1171,1167,-1,1167,1171,1170,-1,1168,1210,1169,-1,1169,1210,1211,-1,1169,1211,1209,-1,1209,1211,1212,-1,1209,1212,1208,-1,1208,1212,1213,-1,1208,1213,1207,-1,1207,1213,1214,-1,1207,1214,1206,-1,1206,1214,1215,-1,1206,1215,1205,-1,1205,1215,1216,-1,1205,1216,1204,-1,1204,1216,1217,-1,1204,1217,1203,-1,1203,1217,1218,-1,1203,1218,1202,-1,1202,1218,1219,-1,1202,1219,1201,-1,1201,1219,1220,-1,1201,1220,1200,-1,1200,1220,1221,-1,1200,1221,1199,-1,1199,1221,1222,-1,1199,1222,1198,-1,1198,1222,1223,-1,1198,1223,1197,-1,1197,1223,1224,-1,1197,1224,1196,-1,1196,1224,1225,-1,1196,1225,1195,-1,1195,1225,1226,-1,1195,1226,1194,-1,1194,1226,1227,-1,1194,1227,1193,-1,1193,1227,1228,-1,1193,1228,1192,-1,1192,1228,1229,-1,1192,1229,1191,-1,1191,1229,1151,-1,1191,1151,1190,-1,1190,1151,1150,-1,1230,1149,1231,-1,1231,1149,1151,-1,1231,1151,1232,-1,1232,1151,1229,-1,1232,1229,1233,-1,1233,1229,1228,-1,1233,1228,1234,-1,1234,1228,1227,-1,1234,1227,1235,-1,1235,1227,1226,-1,1235,1226,1236,-1,1236,1226,1225,-1,1236,1225,1237,-1,1237,1225,1224,-1,1237,1224,1238,-1,1238,1224,1223,-1,1238,1223,1239,-1,1239,1223,1222,-1,1239,1222,1240,-1,1240,1222,1221,-1,1240,1221,1241,-1,1241,1221,1220,-1,1241,1220,1242,-1,1242,1220,1219,-1,1242,1219,1243,-1,1243,1219,1218,-1,1243,1218,1244,-1,1244,1218,1217,-1,1244,1217,1245,-1,1245,1217,1216,-1,1245,1216,1246,-1,1246,1216,1215,-1,1246,1215,1247,-1,1247,1215,1214,-1,1247,1214,1248,-1,1248,1214,1213,-1,1248,1213,1249,-1,1249,1213,1212,-1,1249,1212,1166,-1,1166,1212,1211,-1,1166,1211,1164,-1,1164,1211,1210,-1,1165,1250,1166,-1,1166,1250,1251,-1,1166,1251,1249,-1,1249,1251,1252,-1,1249,1252,1248,-1,1248,1252,1253,-1,1248,1253,1247,-1,1247,1253,1254,-1,1247,1254,1246,-1,1246,1254,1255,-1,1246,1255,1245,-1,1245,1255,1256,-1,1245,1256,1244,-1,1244,1256,1257,-1,1244,1257,1243,-1,1243,1257,1258,-1,1243,1258,1242,-1,1242,1258,1259,-1,1242,1259,1241,-1,1241,1259,1260,-1,1241,1260,1240,-1,1240,1260,1261,-1,1240,1261,1239,-1,1239,1261,1262,-1,1239,1262,1238,-1,1238,1262,1263,-1,1238,1263,1237,-1,1237,1263,1264,-1,1237,1264,1236,-1,1236,1264,1265,-1,1236,1265,1235,-1,1235,1265,1266,-1,1235,1266,1234,-1,1234,1266,1267,-1,1234,1267,1233,-1,1233,1267,1268,-1,1233,1268,1232,-1,1232,1268,1269,-1,1232,1269,1231,-1,1231,1269,1148,-1,1231,1148,1230,-1,1230,1148,1147,-1,1270,1146,1271,-1,1271,1146,1148,-1,1271,1148,1272,-1,1272,1148,1269,-1,1272,1269,1273,-1,1273,1269,1268,-1,1273,1268,1274,-1,1274,1268,1267,-1,1274,1267,1275,-1,1275,1267,1266,-1,1275,1266,1276,-1,1276,1266,1265,-1,1276,1265,1277,-1,1277,1265,1264,-1,1277,1264,1278,-1,1278,1264,1263,-1,1278,1263,1279,-1,1279,1263,1262,-1,1279,1262,1280,-1,1280,1262,1261,-1,1280,1261,1281,-1,1281,1261,1260,-1,1281,1260,1282,-1,1282,1260,1259,-1,1282,1259,1283,-1,1283,1259,1258,-1,1283,1258,1284,-1,1284,1258,1257,-1,1284,1257,1285,-1,1285,1257,1256,-1,1285,1256,1286,-1,1286,1256,1255,-1,1286,1255,1287,-1,1287,1255,1254,-1,1287,1254,1288,-1,1288,1254,1253,-1,1288,1253,1289,-1,1289,1253,1252,-1,1289,1252,1163,-1,1163,1252,1251,-1,1163,1251,1161,-1,1161,1251,1250,-1,1162,1290,1163,-1,1163,1290,1291,-1,1163,1291,1289,-1,1289,1291,1292,-1,1289,1292,1288,-1,1288,1292,1293,-1,1288,1293,1287,-1,1287,1293,1294,-1,1287,1294,1286,-1,1286,1294,1295,-1,1286,1295,1285,-1,1285,1295,1296,-1,1285,1296,1284,-1,1284,1296,1297,-1,1284,1297,1283,-1,1283,1297,1298,-1,1283,1298,1282,-1,1282,1298,1299,-1,1282,1299,1281,-1,1281,1299,1300,-1,1281,1300,1280,-1,1280,1300,1301,-1,1280,1301,1279,-1,1279,1301,1302,-1,1279,1302,1278,-1,1278,1302,1303,-1,1278,1303,1277,-1,1277,1303,1304,-1,1277,1304,1276,-1,1276,1304,1305,-1,1276,1305,1275,-1,1275,1305,1306,-1,1275,1306,1274,-1,1274,1306,1307,-1,1274,1307,1273,-1,1273,1307,1308,-1,1273,1308,1272,-1,1272,1308,1309,-1,1272,1309,1271,-1,1271,1309,1145,-1,1271,1145,1270,-1,1270,1145,1144,-1,1310,1143,1311,-1,1311,1143,1145,-1,1311,1145,1312,-1,1312,1145,1309,-1,1312,1309,1313,-1,1313,1309,1308,-1,1313,1308,1314,-1,1314,1308,1307,-1,1314,1307,1315,-1,1315,1307,1306,-1,1315,1306,1316,-1,1316,1306,1305,-1,1316,1305,1317,-1,1317,1305,1304,-1,1317,1304,1318,-1,1318,1304,1303,-1,1318,1303,1319,-1,1319,1303,1302,-1,1319,1302,1320,-1,1320,1302,1301,-1,1320,1301,1321,-1,1321,1301,1300,-1,1321,1300,1322,-1,1322,1300,1299,-1,1322,1299,1323,-1,1323,1299,1298,-1,1323,1298,1324,-1,1324,1298,1297,-1,1324,1297,1325,-1,1325,1297,1296,-1,1325,1296,1326,-1,1326,1296,1295,-1,1326,1295,1327,-1,1327,1295,1294,-1,1327,1294,1328,-1,1328,1294,1293,-1,1328,1293,1329,-1,1329,1293,1292,-1,1329,1292,1160,-1,1160,1292,1291,-1,1160,1291,1158,-1,1158,1291,1290,-1,1159,1330,1160,-1,1160,1330,1331,-1,1160,1331,1329,-1,1329,1331,1332,-1,1329,1332,1328,-1,1328,1332,1333,-1,1328,1333,1327,-1,1327,1333,1334,-1,1327,1334,1326,-1,1326,1334,1335,-1,1326,1335,1325,-1,1325,1335,1336,-1,1325,1336,1324,-1,1324,1336,1337,-1,1324,1337,1323,-1,1323,1337,1338,-1,1323,1338,1322,-1,1322,1338,1339,-1,1322,1339,1321,-1,1321,1339,1340,-1,1321,1340,1320,-1,1320,1340,1341,-1,1320,1341,1319,-1,1319,1341,1342,-1,1319,1342,1318,-1,1318,1342,1343,-1,1318,1343,1317,-1,1317,1343,1344,-1,1317,1344,1316,-1,1316,1344,1345,-1,1316,1345,1315,-1,1315,1345,1346,-1,1315,1346,1314,-1,1314,1346,1347,-1,1314,1347,1313,-1,1313,1347,1348,-1,1313,1348,1312,-1,1312,1348,1349,-1,1312,1349,1311,-1,1311,1349,1142,-1,1311,1142,1310,-1,1310,1142,1141,-1,1350,1140,1351,-1,1351,1140,1142,-1,1351,1142,1352,-1,1352,1142,1349,-1,1352,1349,1353,-1,1353,1349,1348,-1,1353,1348,1354,-1,1354,1348,1347,-1,1354,1347,1355,-1,1355,1347,1346,-1,1355,1346,1356,-1,1356,1346,1345,-1,1356,1345,1357,-1,1357,1345,1344,-1,1357,1344,1358,-1,1358,1344,1343,-1,1358,1343,1359,-1,1359,1343,1342,-1,1359,1342,1360,-1,1360,1342,1341,-1,1360,1341,1361,-1,1361,1341,1340,-1,1361,1340,1362,-1,1362,1340,1339,-1,1362,1339,1363,-1,1363,1339,1338,-1,1363,1338,1364,-1,1364,1338,1337,-1,1364,1337,1365,-1,1365,1337,1336,-1,1365,1336,1366,-1,1366,1336,1335,-1,1366,1335,1367,-1,1367,1335,1334,-1,1367,1334,1368,-1,1368,1334,1333,-1,1368,1333,1369,-1,1369,1333,1332,-1,1369,1332,1157,-1,1157,1332,1331,-1,1157,1331,1155,-1,1155,1331,1330,-1,1156,1370,1157,-1,1157,1370,1371,-1,1157,1371,1369,-1,1369,1371,1372,-1,1369,1372,1368,-1,1368,1372,1373,-1,1368,1373,1367,-1,1367,1373,1374,-1,1367,1374,1366,-1,1366,1374,1375,-1,1366,1375,1365,-1,1365,1375,1376,-1,1365,1376,1364,-1,1364,1376,1377,-1,1364,1377,1363,-1,1363,1377,1378,-1,1363,1378,1362,-1,1362,1378,1379,-1,1362,1379,1361,-1,1361,1379,1380,-1,1361,1380,1360,-1,1360,1380,1381,-1,1360,1381,1359,-1,1359,1381,1382,-1,1359,1382,1358,-1,1358,1382,1383,-1,1358,1383,1357,-1,1357,1383,1384,-1,1357,1384,1356,-1,1356,1384,1385,-1,1356,1385,1355,-1,1355,1385,1386,-1,1355,1386,1354,-1,1354,1386,1387,-1,1354,1387,1353,-1,1353,1387,1388,-1,1353,1388,1352,-1,1352,1388,1389,-1,1352,1389,1351,-1,1351,1389,1390,-1,1351,1390,1350,-1,1350,1390,1391,-1,1392,1391,1390,-1,1392,1390,1393,-1,1393,1390,1389,-1,1393,1389,1394,-1,1394,1389,1388,-1,1394,1388,1395,-1,1395,1388,1387,-1,1395,1387,1396,-1,1396,1387,1386,-1,1396,1386,1397,-1,1397,1386,1385,-1,1397,1385,1398,-1,1398,1385,1384,-1,1398,1384,1399,-1,1399,1384,1383,-1,1399,1383,1400,-1,1400,1383,1382,-1,1400,1382,1401,-1,1401,1382,1381,-1,1401,1381,1402,-1,1402,1381,1380,-1,1402,1380,1403,-1,1403,1380,1379,-1,1403,1379,1404,-1,1404,1379,1378,-1,1404,1378,1405,-1,1405,1378,1377,-1,1405,1377,1406,-1,1406,1377,1376,-1,1406,1376,1407,-1,1407,1376,1375,-1,1407,1375,1408,-1,1408,1375,1374,-1,1408,1374,1409,-1,1409,1374,1373,-1,1409,1373,1410,-1,1410,1373,1372,-1,1410,1372,1411,-1,1411,1372,1371,-1,1411,1371,1412,-1,1412,1371,1370,-1,1412,1370,1413,-1,1414,1415,1416,-1,1417,1418,1419,-1,1420,1421,1422,-1,1423,1424,1425,-1,1426,1427,1428,-1,1429,1430,1431,-1,1432,1433,1434,-1,1435,1436,1437,-1,1438,1439,1440,-1,1441,1442,1443,-1,1413,1444,1412,-1,1412,1444,1445,-1,1412,1445,1411,-1,1411,1445,1446,-1,1411,1446,1410,-1,1410,1446,1447,-1,1410,1447,1409,-1,1409,1447,1448,-1,1409,1448,1408,-1,1408,1448,1449,-1,1408,1449,1407,-1,1407,1449,1450,-1,1407,1450,1406,-1,1406,1450,1451,-1,1406,1451,1405,-1,1405,1451,1452,-1,1405,1452,1404,-1,1404,1452,1453,-1,1404,1453,1403,-1,1403,1453,1454,-1,1403,1454,1402,-1,1402,1454,1455,-1,1402,1455,1401,-1,1401,1455,1456,-1,1401,1456,1400,-1,1400,1456,1457,-1,1400,1457,1399,-1,1399,1457,1458,-1,1399,1458,1398,-1,1398,1458,1459,-1,1398,1459,1397,-1,1397,1459,1460,-1,1397,1460,1396,-1,1396,1460,1461,-1,1396,1461,1395,-1,1395,1461,1462,-1,1395,1462,1394,-1,1394,1462,1463,-1,1394,1463,1393,-1,1393,1463,1428,-1,1393,1428,1392,-1,1392,1428,1427,-1,1464,1426,1465,-1,1465,1426,1428,-1,1465,1428,1466,-1,1466,1428,1463,-1,1466,1463,1467,-1,1467,1463,1462,-1,1467,1462,1468,-1,1468,1462,1461,-1,1468,1461,1469,-1,1469,1461,1460,-1,1469,1460,1470,-1,1470,1460,1459,-1,1470,1459,1471,-1,1471,1459,1458,-1,1471,1458,1472,-1,1472,1458,1457,-1,1472,1457,1473,-1,1473,1457,1456,-1,1473,1456,1474,-1,1474,1456,1455,-1,1474,1455,1475,-1,1475,1455,1454,-1,1475,1454,1476,-1,1476,1454,1453,-1,1476,1453,1477,-1,1477,1453,1452,-1,1477,1452,1478,-1,1478,1452,1451,-1,1478,1451,1479,-1,1479,1451,1450,-1,1479,1450,1480,-1,1480,1450,1449,-1,1480,1449,1481,-1,1481,1449,1448,-1,1481,1448,1482,-1,1482,1448,1447,-1,1482,1447,1483,-1,1483,1447,1446,-1,1483,1446,1443,-1,1443,1446,1445,-1,1443,1445,1441,-1,1441,1445,1444,-1,1442,1484,1443,-1,1443,1484,1485,-1,1443,1485,1483,-1,1483,1485,1486,-1,1483,1486,1482,-1,1482,1486,1487,-1,1482,1487,1481,-1,1481,1487,1488,-1,1481,1488,1480,-1,1480,1488,1489,-1,1480,1489,1479,-1,1479,1489,1490,-1,1479,1490,1478,-1,1478,1490,1491,-1,1478,1491,1477,-1,1477,1491,1492,-1,1477,1492,1476,-1,1476,1492,1493,-1,1476,1493,1475,-1,1475,1493,1494,-1,1475,1494,1474,-1,1474,1494,1495,-1,1474,1495,1473,-1,1473,1495,1496,-1,1473,1496,1472,-1,1472,1496,1497,-1,1472,1497,1471,-1,1471,1497,1498,-1,1471,1498,1470,-1,1470,1498,1499,-1,1470,1499,1469,-1,1469,1499,1500,-1,1469,1500,1468,-1,1468,1500,1501,-1,1468,1501,1467,-1,1467,1501,1502,-1,1467,1502,1466,-1,1466,1502,1503,-1,1466,1503,1465,-1,1465,1503,1425,-1,1465,1425,1464,-1,1464,1425,1424,-1,1504,1423,1505,-1,1505,1423,1425,-1,1505,1425,1506,-1,1506,1425,1503,-1,1506,1503,1507,-1,1507,1503,1502,-1,1507,1502,1508,-1,1508,1502,1501,-1,1508,1501,1509,-1,1509,1501,1500,-1,1509,1500,1510,-1,1510,1500,1499,-1,1510,1499,1511,-1,1511,1499,1498,-1,1511,1498,1512,-1,1512,1498,1497,-1,1512,1497,1513,-1,1513,1497,1496,-1,1513,1496,1514,-1,1514,1496,1495,-1,1514,1495,1515,-1,1515,1495,1494,-1,1515,1494,1516,-1,1516,1494,1493,-1,1516,1493,1517,-1,1517,1493,1492,-1,1517,1492,1518,-1,1518,1492,1491,-1,1518,1491,1519,-1,1519,1491,1490,-1,1519,1490,1520,-1,1520,1490,1489,-1,1520,1489,1521,-1,1521,1489,1488,-1,1521,1488,1522,-1,1522,1488,1487,-1,1522,1487,1523,-1,1523,1487,1486,-1,1523,1486,1440,-1,1440,1486,1485,-1,1440,1485,1438,-1,1438,1485,1484,-1,1439,1524,1440,-1,1440,1524,1525,-1,1440,1525,1523,-1,1523,1525,1526,-1,1523,1526,1522,-1,1522,1526,1527,-1,1522,1527,1521,-1,1521,1527,1528,-1,1521,1528,1520,-1,1520,1528,1529,-1,1520,1529,1519,-1,1519,1529,1530,-1,1519,1530,1518,-1,1518,1530,1531,-1,1518,1531,1517,-1,1517,1531,1532,-1,1517,1532,1516,-1,1516,1532,1533,-1,1516,1533,1515,-1,1515,1533,1534,-1,1515,1534,1514,-1,1514,1534,1535,-1,1514,1535,1513,-1,1513,1535,1536,-1,1513,1536,1512,-1,1512,1536,1537,-1,1512,1537,1511,-1,1511,1537,1538,-1,1511,1538,1510,-1,1510,1538,1539,-1,1510,1539,1509,-1,1509,1539,1540,-1,1509,1540,1508,-1,1508,1540,1541,-1,1508,1541,1507,-1,1507,1541,1542,-1,1507,1542,1506,-1,1506,1542,1543,-1,1506,1543,1505,-1,1505,1543,1422,-1,1505,1422,1504,-1,1504,1422,1421,-1,1544,1420,1545,-1,1545,1420,1422,-1,1545,1422,1546,-1,1546,1422,1543,-1,1546,1543,1547,-1,1547,1543,1542,-1,1547,1542,1548,-1,1548,1542,1541,-1,1548,1541,1549,-1,1549,1541,1540,-1,1549,1540,1550,-1,1550,1540,1539,-1,1550,1539,1551,-1,1551,1539,1538,-1,1551,1538,1552,-1,1552,1538,1537,-1,1552,1537,1553,-1,1553,1537,1536,-1,1553,1536,1554,-1,1554,1536,1535,-1,1554,1535,1555,-1,1555,1535,1534,-1,1555,1534,1556,-1,1556,1534,1533,-1,1556,1533,1557,-1,1557,1533,1532,-1,1557,1532,1558,-1,1558,1532,1531,-1,1558,1531,1559,-1,1559,1531,1530,-1,1559,1530,1560,-1,1560,1530,1529,-1,1560,1529,1561,-1,1561,1529,1528,-1,1561,1528,1562,-1,1562,1528,1527,-1,1562,1527,1563,-1,1563,1527,1526,-1,1563,1526,1437,-1,1437,1526,1525,-1,1437,1525,1435,-1,1435,1525,1524,-1,1436,1564,1437,-1,1437,1564,1565,-1,1437,1565,1563,-1,1563,1565,1566,-1,1563,1566,1562,-1,1562,1566,1567,-1,1562,1567,1561,-1,1561,1567,1568,-1,1561,1568,1560,-1,1560,1568,1569,-1,1560,1569,1559,-1,1559,1569,1570,-1,1559,1570,1558,-1,1558,1570,1571,-1,1558,1571,1557,-1,1557,1571,1572,-1,1557,1572,1556,-1,1556,1572,1573,-1,1556,1573,1555,-1,1555,1573,1574,-1,1555,1574,1554,-1,1554,1574,1575,-1,1554,1575,1553,-1,1553,1575,1576,-1,1553,1576,1552,-1,1552,1576,1577,-1,1552,1577,1551,-1,1551,1577,1578,-1,1551,1578,1550,-1,1550,1578,1579,-1,1550,1579,1549,-1,1549,1579,1580,-1,1549,1580,1548,-1,1548,1580,1581,-1,1548,1581,1547,-1,1547,1581,1582,-1,1547,1582,1546,-1,1546,1582,1583,-1,1546,1583,1545,-1,1545,1583,1419,-1,1545,1419,1544,-1,1544,1419,1418,-1,1584,1417,1585,-1,1585,1417,1419,-1,1585,1419,1586,-1,1586,1419,1583,-1,1586,1583,1587,-1,1587,1583,1582,-1,1587,1582,1588,-1,1588,1582,1581,-1,1588,1581,1589,-1,1589,1581,1580,-1,1589,1580,1590,-1,1590,1580,1579,-1,1590,1579,1591,-1,1591,1579,1578,-1,1591,1578,1592,-1,1592,1578,1577,-1,1592,1577,1593,-1,1593,1577,1576,-1,1593,1576,1594,-1,1594,1576,1575,-1,1594,1575,1595,-1,1595,1575,1574,-1,1595,1574,1596,-1,1596,1574,1573,-1,1596,1573,1597,-1,1597,1573,1572,-1,1597,1572,1598,-1,1598,1572,1571,-1,1598,1571,1599,-1,1599,1571,1570,-1,1599,1570,1600,-1,1600,1570,1569,-1,1600,1569,1601,-1,1601,1569,1568,-1,1601,1568,1602,-1,1602,1568,1567,-1,1602,1567,1603,-1,1603,1567,1566,-1,1603,1566,1434,-1,1434,1566,1565,-1,1434,1565,1432,-1,1432,1565,1564,-1,1433,1604,1434,-1,1434,1604,1605,-1,1434,1605,1603,-1,1603,1605,1606,-1,1603,1606,1602,-1,1602,1606,1607,-1,1602,1607,1601,-1,1601,1607,1608,-1,1601,1608,1600,-1,1600,1608,1609,-1,1600,1609,1599,-1,1599,1609,1610,-1,1599,1610,1598,-1,1598,1610,1611,-1,1598,1611,1597,-1,1597,1611,1612,-1,1597,1612,1596,-1,1596,1612,1613,-1,1596,1613,1595,-1,1595,1613,1614,-1,1595,1614,1594,-1,1594,1614,1615,-1,1594,1615,1593,-1,1593,1615,1616,-1,1593,1616,1592,-1,1592,1616,1617,-1,1592,1617,1591,-1,1591,1617,1618,-1,1591,1618,1590,-1,1590,1618,1619,-1,1590,1619,1589,-1,1589,1619,1620,-1,1589,1620,1588,-1,1588,1620,1621,-1,1588,1621,1587,-1,1587,1621,1622,-1,1587,1622,1586,-1,1586,1622,1623,-1,1586,1623,1585,-1,1585,1623,1416,-1,1585,1416,1584,-1,1584,1416,1415,-1,1624,1414,1625,-1,1625,1414,1416,-1,1625,1416,1626,-1,1626,1416,1623,-1,1626,1623,1627,-1,1627,1623,1622,-1,1627,1622,1628,-1,1628,1622,1621,-1,1628,1621,1629,-1,1629,1621,1620,-1,1629,1620,1630,-1,1630,1620,1619,-1,1630,1619,1631,-1,1631,1619,1618,-1,1631,1618,1632,-1,1632,1618,1617,-1,1632,1617,1633,-1,1633,1617,1616,-1,1633,1616,1634,-1,1634,1616,1615,-1,1634,1615,1635,-1,1635,1615,1614,-1,1635,1614,1636,-1,1636,1614,1613,-1,1636,1613,1637,-1,1637,1613,1612,-1,1637,1612,1638,-1,1638,1612,1611,-1,1638,1611,1639,-1,1639,1611,1610,-1,1639,1610,1640,-1,1640,1610,1609,-1,1640,1609,1641,-1,1641,1609,1608,-1,1641,1608,1642,-1,1642,1608,1607,-1,1642,1607,1643,-1,1643,1607,1606,-1,1643,1606,1431,-1,1431,1606,1605,-1,1431,1605,1429,-1,1429,1605,1604,-1,1430,1644,1431,-1,1431,1644,1645,-1,1431,1645,1643,-1,1643,1645,1646,-1,1643,1646,1642,-1,1642,1646,1647,-1,1642,1647,1641,-1,1641,1647,1648,-1,1641,1648,1640,-1,1640,1648,1649,-1,1640,1649,1639,-1,1639,1649,1650,-1,1639,1650,1638,-1,1638,1650,1651,-1,1638,1651,1637,-1,1637,1651,1652,-1,1637,1652,1636,-1,1636,1652,1653,-1,1636,1653,1635,-1,1635,1653,1654,-1,1635,1654,1634,-1,1634,1654,1655,-1,1634,1655,1633,-1,1633,1655,1656,-1,1633,1656,1632,-1,1632,1656,1657,-1,1632,1657,1631,-1,1631,1657,1658,-1,1631,1658,1630,-1,1630,1658,1659,-1,1630,1659,1629,-1,1629,1659,1660,-1,1629,1660,1628,-1,1628,1660,1661,-1,1628,1661,1627,-1,1627,1661,1662,-1,1627,1662,1626,-1,1626,1662,1663,-1,1626,1663,1625,-1,1625,1663,1664,-1,1625,1664,1624,-1,1624,1664,1665,-1,1666,1665,1664,-1,1666,1664,1667,-1,1667,1664,1663,-1,1667,1663,1668,-1,1668,1663,1662,-1,1668,1662,1669,-1,1669,1662,1661,-1,1669,1661,1670,-1,1670,1661,1660,-1,1670,1660,1671,-1,1671,1660,1659,-1,1671,1659,1672,-1,1672,1659,1658,-1,1672,1658,1673,-1,1673,1658,1657,-1,1673,1657,1674,-1,1674,1657,1656,-1,1674,1656,1675,-1,1675,1656,1655,-1,1675,1655,1676,-1,1676,1655,1654,-1,1676,1654,1677,-1,1677,1654,1653,-1,1677,1653,1678,-1,1678,1653,1652,-1,1678,1652,1679,-1,1679,1652,1651,-1,1679,1651,1680,-1,1680,1651,1650,-1,1680,1650,1681,-1,1681,1650,1649,-1,1681,1649,1682,-1,1682,1649,1648,-1,1682,1648,1683,-1,1683,1648,1647,-1,1683,1647,1684,-1,1684,1647,1646,-1,1684,1646,1685,-1,1685,1646,1645,-1,1685,1645,1686,-1,1686,1645,1644,-1,1686,1644,1687,-1,1688,1689,1690,-1,1691,1692,1693,-1,1694,1695,1696,-1,1697,1698,1699,-1,1700,1701,1702,-1,1703,1704,1705,-1,1706,1707,1708,-1,1709,1710,1711,-1,1712,1713,1714,-1,1715,1716,1717,-1,1718,1719,1720,-1,1720,1719,1721,-1,1720,1721,1722,-1,1722,1721,1723,-1,1722,1723,1724,-1,1724,1723,1725,-1,1724,1725,1726,-1,1726,1725,1727,-1,1726,1727,1728,-1,1728,1727,1729,-1,1728,1729,1730,-1,1730,1729,1731,-1,1730,1731,1732,-1,1732,1731,1733,-1,1732,1733,1734,-1,1734,1733,1735,-1,1734,1735,1736,-1,1736,1735,1737,-1,1736,1737,1738,-1,1738,1737,1739,-1,1738,1739,1740,-1,1740,1739,1741,-1,1740,1741,1742,-1,1742,1741,1743,-1,1742,1743,1744,-1,1744,1743,1745,-1,1744,1745,1746,-1,1746,1745,1747,-1,1746,1747,1748,-1,1748,1747,1749,-1,1748,1749,1750,-1,1750,1749,1751,-1,1750,1751,1752,-1,1752,1751,1753,-1,1752,1753,1754,-1,1754,1753,1755,-1,1754,1755,1756,-1,1756,1755,1757,-1,1756,1757,1758,-1,1758,1757,1702,-1,1758,1702,1759,-1,1759,1702,1701,-1,1760,1700,1761,-1,1761,1700,1702,-1,1761,1702,1762,-1,1762,1702,1757,-1,1762,1757,1763,-1,1763,1757,1755,-1,1763,1755,1764,-1,1764,1755,1753,-1,1764,1753,1765,-1,1765,1753,1751,-1,1765,1751,1766,-1,1766,1751,1749,-1,1766,1749,1767,-1,1767,1749,1747,-1,1767,1747,1768,-1,1768,1747,1745,-1,1768,1745,1769,-1,1769,1745,1743,-1,1769,1743,1770,-1,1770,1743,1741,-1,1770,1741,1771,-1,1771,1741,1739,-1,1771,1739,1772,-1,1772,1739,1737,-1,1772,1737,1773,-1,1773,1737,1735,-1,1773,1735,1774,-1,1774,1735,1733,-1,1774,1733,1775,-1,1775,1733,1731,-1,1775,1731,1776,-1,1776,1731,1729,-1,1776,1729,1777,-1,1777,1729,1727,-1,1777,1727,1778,-1,1778,1727,1725,-1,1778,1725,1779,-1,1779,1725,1723,-1,1779,1723,1717,-1,1717,1723,1721,-1,1717,1721,1715,-1,1715,1721,1719,-1,1716,1780,1717,-1,1717,1780,1781,-1,1717,1781,1779,-1,1779,1781,1782,-1,1779,1782,1778,-1,1778,1782,1783,-1,1778,1783,1777,-1,1777,1783,1784,-1,1777,1784,1776,-1,1776,1784,1785,-1,1776,1785,1775,-1,1775,1785,1786,-1,1775,1786,1774,-1,1774,1786,1787,-1,1774,1787,1773,-1,1773,1787,1788,-1,1773,1788,1772,-1,1772,1788,1789,-1,1772,1789,1771,-1,1771,1789,1790,-1,1771,1790,1770,-1,1770,1790,1791,-1,1770,1791,1769,-1,1769,1791,1792,-1,1769,1792,1768,-1,1768,1792,1793,-1,1768,1793,1767,-1,1767,1793,1794,-1,1767,1794,1766,-1,1766,1794,1795,-1,1766,1795,1765,-1,1765,1795,1796,-1,1765,1796,1764,-1,1764,1796,1797,-1,1764,1797,1763,-1,1763,1797,1798,-1,1763,1798,1762,-1,1762,1798,1799,-1,1762,1799,1761,-1,1761,1799,1699,-1,1761,1699,1760,-1,1760,1699,1698,-1,1800,1697,1801,-1,1801,1697,1699,-1,1801,1699,1802,-1,1802,1699,1799,-1,1802,1799,1803,-1,1803,1799,1798,-1,1803,1798,1804,-1,1804,1798,1797,-1,1804,1797,1805,-1,1805,1797,1796,-1,1805,1796,1806,-1,1806,1796,1795,-1,1806,1795,1807,-1,1807,1795,1794,-1,1807,1794,1808,-1,1808,1794,1793,-1,1808,1793,1809,-1,1809,1793,1792,-1,1809,1792,1810,-1,1810,1792,1791,-1,1810,1791,1811,-1,1811,1791,1790,-1,1811,1790,1812,-1,1812,1790,1789,-1,1812,1789,1813,-1,1813,1789,1788,-1,1813,1788,1814,-1,1814,1788,1787,-1,1814,1787,1815,-1,1815,1787,1786,-1,1815,1786,1816,-1,1816,1786,1785,-1,1816,1785,1817,-1,1817,1785,1784,-1,1817,1784,1818,-1,1818,1784,1783,-1,1818,1783,1819,-1,1819,1783,1782,-1,1819,1782,1714,-1,1714,1782,1781,-1,1714,1781,1712,-1,1712,1781,1780,-1,1713,1820,1714,-1,1714,1820,1821,-1,1714,1821,1819,-1,1819,1821,1822,-1,1819,1822,1818,-1,1818,1822,1823,-1,1818,1823,1817,-1,1817,1823,1824,-1,1817,1824,1816,-1,1816,1824,1825,-1,1816,1825,1815,-1,1815,1825,1826,-1,1815,1826,1814,-1,1814,1826,1827,-1,1814,1827,1813,-1,1813,1827,1828,-1,1813,1828,1812,-1,1812,1828,1829,-1,1812,1829,1811,-1,1811,1829,1830,-1,1811,1830,1810,-1,1810,1830,1831,-1,1810,1831,1809,-1,1809,1831,1832,-1,1809,1832,1808,-1,1808,1832,1833,-1,1808,1833,1807,-1,1807,1833,1834,-1,1807,1834,1806,-1,1806,1834,1835,-1,1806,1835,1805,-1,1805,1835,1836,-1,1805,1836,1804,-1,1804,1836,1837,-1,1804,1837,1803,-1,1803,1837,1838,-1,1803,1838,1802,-1,1802,1838,1839,-1,1802,1839,1801,-1,1801,1839,1696,-1,1801,1696,1800,-1,1800,1696,1695,-1,1840,1694,1841,-1,1841,1694,1696,-1,1841,1696,1842,-1,1842,1696,1839,-1,1842,1839,1843,-1,1843,1839,1838,-1,1843,1838,1844,-1,1844,1838,1837,-1,1844,1837,1845,-1,1845,1837,1836,-1,1845,1836,1846,-1,1846,1836,1835,-1,1846,1835,1847,-1,1847,1835,1834,-1,1847,1834,1848,-1,1848,1834,1833,-1,1848,1833,1849,-1,1849,1833,1832,-1,1849,1832,1850,-1,1850,1832,1831,-1,1850,1831,1851,-1,1851,1831,1830,-1,1851,1830,1852,-1,1852,1830,1829,-1,1852,1829,1853,-1,1853,1829,1828,-1,1853,1828,1854,-1,1854,1828,1827,-1,1854,1827,1855,-1,1855,1827,1826,-1,1855,1826,1856,-1,1856,1826,1825,-1,1856,1825,1857,-1,1857,1825,1824,-1,1857,1824,1858,-1,1858,1824,1823,-1,1858,1823,1859,-1,1859,1823,1822,-1,1859,1822,1711,-1,1711,1822,1821,-1,1711,1821,1709,-1,1709,1821,1820,-1,1710,1860,1711,-1,1711,1860,1861,-1,1711,1861,1859,-1,1859,1861,1862,-1,1859,1862,1858,-1,1858,1862,1863,-1,1858,1863,1857,-1,1857,1863,1864,-1,1857,1864,1856,-1,1856,1864,1865,-1,1856,1865,1855,-1,1855,1865,1866,-1,1855,1866,1854,-1,1854,1866,1867,-1,1854,1867,1853,-1,1853,1867,1868,-1,1853,1868,1852,-1,1852,1868,1869,-1,1852,1869,1851,-1,1851,1869,1870,-1,1851,1870,1850,-1,1850,1870,1871,-1,1850,1871,1849,-1,1849,1871,1872,-1,1849,1872,1848,-1,1848,1872,1873,-1,1848,1873,1847,-1,1847,1873,1874,-1,1847,1874,1846,-1,1846,1874,1875,-1,1846,1875,1845,-1,1845,1875,1876,-1,1845,1876,1844,-1,1844,1876,1877,-1,1844,1877,1843,-1,1843,1877,1878,-1,1843,1878,1842,-1,1842,1878,1879,-1,1842,1879,1841,-1,1841,1879,1693,-1,1841,1693,1840,-1,1840,1693,1692,-1,1880,1691,1881,-1,1881,1691,1693,-1,1881,1693,1882,-1,1882,1693,1879,-1,1882,1879,1883,-1,1883,1879,1878,-1,1883,1878,1884,-1,1884,1878,1877,-1,1884,1877,1885,-1,1885,1877,1876,-1,1885,1876,1886,-1,1886,1876,1875,-1,1886,1875,1887,-1,1887,1875,1874,-1,1887,1874,1888,-1,1888,1874,1873,-1,1888,1873,1889,-1,1889,1873,1872,-1,1889,1872,1890,-1,1890,1872,1871,-1,1890,1871,1891,-1,1891,1871,1870,-1,1891,1870,1892,-1,1892,1870,1869,-1,1892,1869,1893,-1,1893,1869,1868,-1,1893,1868,1894,-1,1894,1868,1867,-1,1894,1867,1895,-1,1895,1867,1866,-1,1895,1866,1896,-1,1896,1866,1865,-1,1896,1865,1897,-1,1897,1865,1864,-1,1897,1864,1898,-1,1898,1864,1863,-1,1898,1863,1899,-1,1899,1863,1862,-1,1899,1862,1708,-1,1708,1862,1861,-1,1708,1861,1706,-1,1706,1861,1860,-1,1707,1900,1708,-1,1708,1900,1901,-1,1708,1901,1899,-1,1899,1901,1902,-1,1899,1902,1898,-1,1898,1902,1903,-1,1898,1903,1897,-1,1897,1903,1904,-1,1897,1904,1896,-1,1896,1904,1905,-1,1896,1905,1895,-1,1895,1905,1906,-1,1895,1906,1894,-1,1894,1906,1907,-1,1894,1907,1893,-1,1893,1907,1908,-1,1893,1908,1892,-1,1892,1908,1909,-1,1892,1909,1891,-1,1891,1909,1910,-1,1891,1910,1890,-1,1890,1910,1911,-1,1890,1911,1889,-1,1889,1911,1912,-1,1889,1912,1888,-1,1888,1912,1913,-1,1888,1913,1887,-1,1887,1913,1914,-1,1887,1914,1886,-1,1886,1914,1915,-1,1886,1915,1885,-1,1885,1915,1916,-1,1885,1916,1884,-1,1884,1916,1917,-1,1884,1917,1883,-1,1883,1917,1918,-1,1883,1918,1882,-1,1882,1918,1919,-1,1882,1919,1881,-1,1881,1919,1690,-1,1881,1690,1880,-1,1880,1690,1689,-1,1920,1688,1921,-1,1921,1688,1690,-1,1921,1690,1922,-1,1922,1690,1919,-1,1922,1919,1923,-1,1923,1919,1918,-1,1923,1918,1924,-1,1924,1918,1917,-1,1924,1917,1925,-1,1925,1917,1916,-1,1925,1916,1926,-1,1926,1916,1915,-1,1926,1915,1927,-1,1927,1915,1914,-1,1927,1914,1928,-1,1928,1914,1913,-1,1928,1913,1929,-1,1929,1913,1912,-1,1929,1912,1930,-1,1930,1912,1911,-1,1930,1911,1931,-1,1931,1911,1910,-1,1931,1910,1932,-1,1932,1910,1909,-1,1932,1909,1933,-1,1933,1909,1908,-1,1933,1908,1934,-1,1934,1908,1907,-1,1934,1907,1935,-1,1935,1907,1906,-1,1935,1906,1936,-1,1936,1906,1905,-1,1936,1905,1937,-1,1937,1905,1904,-1,1937,1904,1938,-1,1938,1904,1903,-1,1938,1903,1939,-1,1939,1903,1902,-1,1939,1902,1705,-1,1705,1902,1901,-1,1705,1901,1703,-1,1703,1901,1900,-1,1704,1138,1705,-1,1705,1138,1136,-1,1705,1136,1939,-1,1939,1136,1134,-1,1939,1134,1938,-1,1938,1134,1132,-1,1938,1132,1937,-1,1937,1132,1130,-1,1937,1130,1936,-1,1936,1130,1128,-1,1936,1128,1935,-1,1935,1128,1126,-1,1935,1126,1934,-1,1934,1126,1124,-1,1934,1124,1933,-1,1933,1124,1122,-1,1933,1122,1932,-1,1932,1122,1120,-1,1932,1120,1931,-1,1931,1120,1118,-1,1931,1118,1930,-1,1930,1118,1116,-1,1930,1116,1929,-1,1929,1116,1114,-1,1929,1114,1928,-1,1928,1114,1112,-1,1928,1112,1927,-1,1927,1112,1110,-1,1927,1110,1926,-1,1926,1110,1108,-1,1926,1108,1925,-1,1925,1108,1106,-1,1925,1106,1924,-1,1924,1106,1104,-1,1924,1104,1923,-1,1923,1104,1102,-1,1923,1102,1922,-1,1922,1102,1100,-1,1922,1100,1921,-1,1921,1100,1098,-1,1921,1098,1920,-1,1920,1098,1097,-1,1759,1940,1941,-1,1759,1941,1758,-1,1758,1941,1942,-1,1758,1942,1756,-1,1756,1942,1943,-1,1756,1943,1754,-1,1754,1943,1944,-1,1754,1944,1752,-1,1752,1944,1945,-1,1752,1945,1750,-1,1750,1945,1946,-1,1750,1946,1748,-1,1748,1946,1947,-1,1748,1947,1746,-1,1746,1947,1948,-1,1746,1948,1744,-1,1744,1948,1949,-1,1744,1949,1742,-1,1742,1949,1950,-1,1742,1950,1740,-1,1740,1950,1951,-1,1740,1951,1738,-1,1738,1951,1952,-1,1738,1952,1736,-1,1736,1952,1953,-1,1736,1953,1734,-1,1734,1953,1954,-1,1734,1954,1732,-1,1732,1954,1955,-1,1732,1955,1730,-1,1730,1955,1956,-1,1730,1956,1728,-1,1728,1956,1957,-1,1728,1957,1726,-1,1726,1957,1958,-1,1726,1958,1724,-1,1724,1958,1959,-1,1724,1959,1722,-1,1722,1959,1960,-1,1722,1960,1720,-1,1720,1960,1961,-1,1720,1961,1718,-1,1962,1963,1964,-1,1965,1966,1967,-1,1968,1969,1970,-1,1971,1972,1973,-1,1974,1975,1976,-1,1977,1978,1979,-1,1980,1981,1982,-1,1983,1984,1985,-1,1986,1987,1988,-1,1989,1990,1991,-1,1687,1992,1686,-1,1686,1992,1993,-1,1686,1993,1685,-1,1685,1993,1994,-1,1685,1994,1684,-1,1684,1994,1995,-1,1684,1995,1683,-1,1683,1995,1996,-1,1683,1996,1682,-1,1682,1996,1997,-1,1682,1997,1681,-1,1681,1997,1998,-1,1681,1998,1680,-1,1680,1998,1999,-1,1680,1999,1679,-1,1679,1999,2000,-1,1679,2000,1678,-1,1678,2000,2001,-1,1678,2001,1677,-1,1677,2001,2002,-1,1677,2002,1676,-1,1676,2002,2003,-1,1676,2003,1675,-1,1675,2003,2004,-1,1675,2004,1674,-1,1674,2004,2005,-1,1674,2005,1673,-1,1673,2005,2006,-1,1673,2006,1672,-1,1672,2006,2007,-1,1672,2007,1671,-1,1671,2007,2008,-1,1671,2008,1670,-1,1670,2008,2009,-1,1670,2009,1669,-1,1669,2009,2010,-1,1669,2010,1668,-1,1668,2010,2011,-1,1668,2011,1667,-1,1667,2011,1976,-1,1667,1976,1666,-1,1666,1976,1975,-1,2012,1974,2013,-1,2013,1974,1976,-1,2013,1976,2014,-1,2014,1976,2011,-1,2014,2011,2015,-1,2015,2011,2010,-1,2015,2010,2016,-1,2016,2010,2009,-1,2016,2009,2017,-1,2017,2009,2008,-1,2017,2008,2018,-1,2018,2008,2007,-1,2018,2007,2019,-1,2019,2007,2006,-1,2019,2006,2020,-1,2020,2006,2005,-1,2020,2005,2021,-1,2021,2005,2004,-1,2021,2004,2022,-1,2022,2004,2003,-1,2022,2003,2023,-1,2023,2003,2002,-1,2023,2002,2024,-1,2024,2002,2001,-1,2024,2001,2025,-1,2025,2001,2000,-1,2025,2000,2026,-1,2026,2000,1999,-1,2026,1999,2027,-1,2027,1999,1998,-1,2027,1998,2028,-1,2028,1998,1997,-1,2028,1997,2029,-1,2029,1997,1996,-1,2029,1996,2030,-1,2030,1996,1995,-1,2030,1995,2031,-1,2031,1995,1994,-1,2031,1994,1991,-1,1991,1994,1993,-1,1991,1993,1989,-1,1989,1993,1992,-1,1990,2032,1991,-1,1991,2032,2033,-1,1991,2033,2031,-1,2031,2033,2034,-1,2031,2034,2030,-1,2030,2034,2035,-1,2030,2035,2029,-1,2029,2035,2036,-1,2029,2036,2028,-1,2028,2036,2037,-1,2028,2037,2027,-1,2027,2037,2038,-1,2027,2038,2026,-1,2026,2038,2039,-1,2026,2039,2025,-1,2025,2039,2040,-1,2025,2040,2024,-1,2024,2040,2041,-1,2024,2041,2023,-1,2023,2041,2042,-1,2023,2042,2022,-1,2022,2042,2043,-1,2022,2043,2021,-1,2021,2043,2044,-1,2021,2044,2020,-1,2020,2044,2045,-1,2020,2045,2019,-1,2019,2045,2046,-1,2019,2046,2018,-1,2018,2046,2047,-1,2018,2047,2017,-1,2017,2047,2048,-1,2017,2048,2016,-1,2016,2048,2049,-1,2016,2049,2015,-1,2015,2049,2050,-1,2015,2050,2014,-1,2014,2050,2051,-1,2014,2051,2013,-1,2013,2051,1973,-1,2013,1973,2012,-1,2012,1973,1972,-1,2052,1971,2053,-1,2053,1971,1973,-1,2053,1973,2054,-1,2054,1973,2051,-1,2054,2051,2055,-1,2055,2051,2050,-1,2055,2050,2056,-1,2056,2050,2049,-1,2056,2049,2057,-1,2057,2049,2048,-1,2057,2048,2058,-1,2058,2048,2047,-1,2058,2047,2059,-1,2059,2047,2046,-1,2059,2046,2060,-1,2060,2046,2045,-1,2060,2045,2061,-1,2061,2045,2044,-1,2061,2044,2062,-1,2062,2044,2043,-1,2062,2043,2063,-1,2063,2043,2042,-1,2063,2042,2064,-1,2064,2042,2041,-1,2064,2041,2065,-1,2065,2041,2040,-1,2065,2040,2066,-1,2066,2040,2039,-1,2066,2039,2067,-1,2067,2039,2038,-1,2067,2038,2068,-1,2068,2038,2037,-1,2068,2037,2069,-1,2069,2037,2036,-1,2069,2036,2070,-1,2070,2036,2035,-1,2070,2035,2071,-1,2071,2035,2034,-1,2071,2034,1988,-1,1988,2034,2033,-1,1988,2033,1986,-1,1986,2033,2032,-1,1987,2072,1988,-1,1988,2072,2073,-1,1988,2073,2071,-1,2071,2073,2074,-1,2071,2074,2070,-1,2070,2074,2075,-1,2070,2075,2069,-1,2069,2075,2076,-1,2069,2076,2068,-1,2068,2076,2077,-1,2068,2077,2067,-1,2067,2077,2078,-1,2067,2078,2066,-1,2066,2078,2079,-1,2066,2079,2065,-1,2065,2079,2080,-1,2065,2080,2064,-1,2064,2080,2081,-1,2064,2081,2063,-1,2063,2081,2082,-1,2063,2082,2062,-1,2062,2082,2083,-1,2062,2083,2061,-1,2061,2083,2084,-1,2061,2084,2060,-1,2060,2084,2085,-1,2060,2085,2059,-1,2059,2085,2086,-1,2059,2086,2058,-1,2058,2086,2087,-1,2058,2087,2057,-1,2057,2087,2088,-1,2057,2088,2056,-1,2056,2088,2089,-1,2056,2089,2055,-1,2055,2089,2090,-1,2055,2090,2054,-1,2054,2090,2091,-1,2054,2091,2053,-1,2053,2091,1970,-1,2053,1970,2052,-1,2052,1970,1969,-1,2092,1968,2093,-1,2093,1968,1970,-1,2093,1970,2094,-1,2094,1970,2091,-1,2094,2091,2095,-1,2095,2091,2090,-1,2095,2090,2096,-1,2096,2090,2089,-1,2096,2089,2097,-1,2097,2089,2088,-1,2097,2088,2098,-1,2098,2088,2087,-1,2098,2087,2099,-1,2099,2087,2086,-1,2099,2086,2100,-1,2100,2086,2085,-1,2100,2085,2101,-1,2101,2085,2084,-1,2101,2084,2102,-1,2102,2084,2083,-1,2102,2083,2103,-1,2103,2083,2082,-1,2103,2082,2104,-1,2104,2082,2081,-1,2104,2081,2105,-1,2105,2081,2080,-1,2105,2080,2106,-1,2106,2080,2079,-1,2106,2079,2107,-1,2107,2079,2078,-1,2107,2078,2108,-1,2108,2078,2077,-1,2108,2077,2109,-1,2109,2077,2076,-1,2109,2076,2110,-1,2110,2076,2075,-1,2110,2075,2111,-1,2111,2075,2074,-1,2111,2074,1985,-1,1985,2074,2073,-1,1985,2073,1983,-1,1983,2073,2072,-1,1984,2112,1985,-1,1985,2112,2113,-1,1985,2113,2111,-1,2111,2113,2114,-1,2111,2114,2110,-1,2110,2114,2115,-1,2110,2115,2109,-1,2109,2115,2116,-1,2109,2116,2108,-1,2108,2116,2117,-1,2108,2117,2107,-1,2107,2117,2118,-1,2107,2118,2106,-1,2106,2118,2119,-1,2106,2119,2105,-1,2105,2119,2120,-1,2105,2120,2104,-1,2104,2120,2121,-1,2104,2121,2103,-1,2103,2121,2122,-1,2103,2122,2102,-1,2102,2122,2123,-1,2102,2123,2101,-1,2101,2123,2124,-1,2101,2124,2100,-1,2100,2124,2125,-1,2100,2125,2099,-1,2099,2125,2126,-1,2099,2126,2098,-1,2098,2126,2127,-1,2098,2127,2097,-1,2097,2127,2128,-1,2097,2128,2096,-1,2096,2128,2129,-1,2096,2129,2095,-1,2095,2129,2130,-1,2095,2130,2094,-1,2094,2130,2131,-1,2094,2131,2093,-1,2093,2131,1967,-1,2093,1967,2092,-1,2092,1967,1966,-1,2132,1965,2133,-1,2133,1965,1967,-1,2133,1967,2134,-1,2134,1967,2131,-1,2134,2131,2135,-1,2135,2131,2130,-1,2135,2130,2136,-1,2136,2130,2129,-1,2136,2129,2137,-1,2137,2129,2128,-1,2137,2128,2138,-1,2138,2128,2127,-1,2138,2127,2139,-1,2139,2127,2126,-1,2139,2126,2140,-1,2140,2126,2125,-1,2140,2125,2141,-1,2141,2125,2124,-1,2141,2124,2142,-1,2142,2124,2123,-1,2142,2123,2143,-1,2143,2123,2122,-1,2143,2122,2144,-1,2144,2122,2121,-1,2144,2121,2145,-1,2145,2121,2120,-1,2145,2120,2146,-1,2146,2120,2119,-1,2146,2119,2147,-1,2147,2119,2118,-1,2147,2118,2148,-1,2148,2118,2117,-1,2148,2117,2149,-1,2149,2117,2116,-1,2149,2116,2150,-1,2150,2116,2115,-1,2150,2115,2151,-1,2151,2115,2114,-1,2151,2114,1982,-1,1982,2114,2113,-1,1982,2113,1980,-1,1980,2113,2112,-1,1981,2152,1982,-1,1982,2152,2153,-1,1982,2153,2151,-1,2151,2153,2154,-1,2151,2154,2150,-1,2150,2154,2155,-1,2150,2155,2149,-1,2149,2155,2156,-1,2149,2156,2148,-1,2148,2156,2157,-1,2148,2157,2147,-1,2147,2157,2158,-1,2147,2158,2146,-1,2146,2158,2159,-1,2146,2159,2145,-1,2145,2159,2160,-1,2145,2160,2144,-1,2144,2160,2161,-1,2144,2161,2143,-1,2143,2161,2162,-1,2143,2162,2142,-1,2142,2162,2163,-1,2142,2163,2141,-1,2141,2163,2164,-1,2141,2164,2140,-1,2140,2164,2165,-1,2140,2165,2139,-1,2139,2165,2166,-1,2139,2166,2138,-1,2138,2166,2167,-1,2138,2167,2137,-1,2137,2167,2168,-1,2137,2168,2136,-1,2136,2168,2169,-1,2136,2169,2135,-1,2135,2169,2170,-1,2135,2170,2134,-1,2134,2170,2171,-1,2134,2171,2133,-1,2133,2171,1964,-1,2133,1964,2132,-1,2132,1964,1963,-1,2172,1962,2173,-1,2173,1962,1964,-1,2173,1964,2174,-1,2174,1964,2171,-1,2174,2171,2175,-1,2175,2171,2170,-1,2175,2170,2176,-1,2176,2170,2169,-1,2176,2169,2177,-1,2177,2169,2168,-1,2177,2168,2178,-1,2178,2168,2167,-1,2178,2167,2179,-1,2179,2167,2166,-1,2179,2166,2180,-1,2180,2166,2165,-1,2180,2165,2181,-1,2181,2165,2164,-1,2181,2164,2182,-1,2182,2164,2163,-1,2182,2163,2183,-1,2183,2163,2162,-1,2183,2162,2184,-1,2184,2162,2161,-1,2184,2161,2185,-1,2185,2161,2160,-1,2185,2160,2186,-1,2186,2160,2159,-1,2186,2159,2187,-1,2187,2159,2158,-1,2187,2158,2188,-1,2188,2158,2157,-1,2188,2157,2189,-1,2189,2157,2156,-1,2189,2156,2190,-1,2190,2156,2155,-1,2190,2155,2191,-1,2191,2155,2154,-1,2191,2154,1979,-1,1979,2154,2153,-1,1979,2153,1977,-1,1977,2153,2152,-1,1978,1961,1979,-1,1979,1961,1960,-1,1979,1960,2191,-1,2191,1960,1959,-1,2191,1959,2190,-1,2190,1959,1958,-1,2190,1958,2189,-1,2189,1958,1957,-1,2189,1957,2188,-1,2188,1957,1956,-1,2188,1956,2187,-1,2187,1956,1955,-1,2187,1955,2186,-1,2186,1955,1954,-1,2186,1954,2185,-1,2185,1954,1953,-1,2185,1953,2184,-1,2184,1953,1952,-1,2184,1952,2183,-1,2183,1952,1951,-1,2183,1951,2182,-1,2182,1951,1950,-1,2182,1950,2181,-1,2181,1950,1949,-1,2181,1949,2180,-1,2180,1949,1948,-1,2180,1948,2179,-1,2179,1948,1947,-1,2179,1947,2178,-1,2178,1947,1946,-1,2178,1946,2177,-1,2177,1946,1945,-1,2177,1945,2176,-1,2176,1945,1944,-1,2176,1944,2175,-1,2175,1944,1943,-1,2175,1943,2174,-1,2174,1943,1942,-1,2174,1942,2173,-1,2173,1942,1941,-1,2173,1941,2172,-1,2172,1941,1940,-1,2192,2193,2194,-1,2192,2194,2195,-1,2195,2194,2196,-1,2195,2196,2197,-1,2197,2196,2198,-1,2197,2198,2199,-1,2199,2198,2200,-1,2199,2200,2201,-1,2201,2200,2202,-1,2201,2202,2203,-1,2203,2202,2204,-1,2203,2204,2205,-1,2205,2204,2206,-1,2205,2206,2207,-1,2207,2206,2208,-1,2207,2208,2209,-1,2209,2208,2210,-1,2209,2210,2211,-1,2211,2210,2212,-1,2211,2212,2213,-1,2213,2212,2214,-1,2213,2214,2215,-1,2215,2214,2216,-1,2215,2216,2217,-1,2217,2216,2218,-1,2217,2218,2219,-1,2219,2218,2220,-1,2219,2220,2221,-1,2221,2220,2222,-1,2221,2222,2223,-1,2223,2222,2224,-1,2223,2224,2225,-1,2225,2224,2226,-1,2225,2226,2227,-1,2227,2226,2228,-1,2227,2228,2229,-1,2229,2228,2230,-1,2229,2230,2231,-1,2231,2230,2232,-1,2231,2232,2233,-1,2233,2232,2234,-1,2233,2234,2235,-1,2236,2237,2238,-1,2239,2240,2241,-1,2242,2243,2244,-1,2245,2246,2247,-1,2248,2249,2250,-1,2251,2252,2253,-1,2254,2255,2256,-1,2257,2258,2259,-1,2260,2261,2262,-1,2263,2264,2265,-1,2266,2267,2268,-1,2268,2267,2269,-1,2268,2269,2270,-1,2270,2269,2271,-1,2270,2271,2272,-1,2272,2271,2273,-1,2272,2273,2274,-1,2274,2273,2275,-1,2274,2275,2276,-1,2276,2275,2277,-1,2276,2277,2278,-1,2278,2277,2279,-1,2278,2279,2280,-1,2280,2279,2281,-1,2280,2281,2282,-1,2282,2281,2283,-1,2282,2283,2284,-1,2284,2283,2285,-1,2284,2285,2286,-1,2286,2285,2287,-1,2286,2287,2288,-1,2288,2287,2289,-1,2288,2289,2290,-1,2290,2289,2291,-1,2290,2291,2292,-1,2292,2291,2293,-1,2292,2293,2294,-1,2294,2293,2295,-1,2294,2295,2296,-1,2296,2295,2297,-1,2296,2297,2298,-1,2298,2297,2299,-1,2298,2299,2300,-1,2300,2299,2301,-1,2300,2301,2302,-1,2302,2301,2303,-1,2302,2303,2304,-1,2304,2303,2305,-1,2304,2305,2306,-1,2306,2305,2250,-1,2306,2250,2307,-1,2307,2250,2249,-1,2308,2248,2309,-1,2309,2248,2250,-1,2309,2250,2310,-1,2310,2250,2305,-1,2310,2305,2311,-1,2311,2305,2303,-1,2311,2303,2312,-1,2312,2303,2301,-1,2312,2301,2313,-1,2313,2301,2299,-1,2313,2299,2314,-1,2314,2299,2297,-1,2314,2297,2315,-1,2315,2297,2295,-1,2315,2295,2316,-1,2316,2295,2293,-1,2316,2293,2317,-1,2317,2293,2291,-1,2317,2291,2318,-1,2318,2291,2289,-1,2318,2289,2319,-1,2319,2289,2287,-1,2319,2287,2320,-1,2320,2287,2285,-1,2320,2285,2321,-1,2321,2285,2283,-1,2321,2283,2322,-1,2322,2283,2281,-1,2322,2281,2323,-1,2323,2281,2279,-1,2323,2279,2324,-1,2324,2279,2277,-1,2324,2277,2325,-1,2325,2277,2275,-1,2325,2275,2326,-1,2326,2275,2273,-1,2326,2273,2327,-1,2327,2273,2271,-1,2327,2271,2265,-1,2265,2271,2269,-1,2265,2269,2263,-1,2263,2269,2267,-1,2264,2328,2265,-1,2265,2328,2329,-1,2265,2329,2327,-1,2327,2329,2330,-1,2327,2330,2326,-1,2326,2330,2331,-1,2326,2331,2325,-1,2325,2331,2332,-1,2325,2332,2324,-1,2324,2332,2333,-1,2324,2333,2323,-1,2323,2333,2334,-1,2323,2334,2322,-1,2322,2334,2335,-1,2322,2335,2321,-1,2321,2335,2336,-1,2321,2336,2320,-1,2320,2336,2337,-1,2320,2337,2319,-1,2319,2337,2338,-1,2319,2338,2318,-1,2318,2338,2339,-1,2318,2339,2317,-1,2317,2339,2340,-1,2317,2340,2316,-1,2316,2340,2341,-1,2316,2341,2315,-1,2315,2341,2342,-1,2315,2342,2314,-1,2314,2342,2343,-1,2314,2343,2313,-1,2313,2343,2344,-1,2313,2344,2312,-1,2312,2344,2345,-1,2312,2345,2311,-1,2311,2345,2346,-1,2311,2346,2310,-1,2310,2346,2347,-1,2310,2347,2309,-1,2309,2347,2247,-1,2309,2247,2308,-1,2308,2247,2246,-1,2348,2245,2349,-1,2349,2245,2247,-1,2349,2247,2350,-1,2350,2247,2347,-1,2350,2347,2351,-1,2351,2347,2346,-1,2351,2346,2352,-1,2352,2346,2345,-1,2352,2345,2353,-1,2353,2345,2344,-1,2353,2344,2354,-1,2354,2344,2343,-1,2354,2343,2355,-1,2355,2343,2342,-1,2355,2342,2356,-1,2356,2342,2341,-1,2356,2341,2357,-1,2357,2341,2340,-1,2357,2340,2358,-1,2358,2340,2339,-1,2358,2339,2359,-1,2359,2339,2338,-1,2359,2338,2360,-1,2360,2338,2337,-1,2360,2337,2361,-1,2361,2337,2336,-1,2361,2336,2362,-1,2362,2336,2335,-1,2362,2335,2363,-1,2363,2335,2334,-1,2363,2334,2364,-1,2364,2334,2333,-1,2364,2333,2365,-1,2365,2333,2332,-1,2365,2332,2366,-1,2366,2332,2331,-1,2366,2331,2367,-1,2367,2331,2330,-1,2367,2330,2262,-1,2262,2330,2329,-1,2262,2329,2260,-1,2260,2329,2328,-1,2261,2368,2262,-1,2262,2368,2369,-1,2262,2369,2367,-1,2367,2369,2370,-1,2367,2370,2366,-1,2366,2370,2371,-1,2366,2371,2365,-1,2365,2371,2372,-1,2365,2372,2364,-1,2364,2372,2373,-1,2364,2373,2363,-1,2363,2373,2374,-1,2363,2374,2362,-1,2362,2374,2375,-1,2362,2375,2361,-1,2361,2375,2376,-1,2361,2376,2360,-1,2360,2376,2377,-1,2360,2377,2359,-1,2359,2377,2378,-1,2359,2378,2358,-1,2358,2378,2379,-1,2358,2379,2357,-1,2357,2379,2380,-1,2357,2380,2356,-1,2356,2380,2381,-1,2356,2381,2355,-1,2355,2381,2382,-1,2355,2382,2354,-1,2354,2382,2383,-1,2354,2383,2353,-1,2353,2383,2384,-1,2353,2384,2352,-1,2352,2384,2385,-1,2352,2385,2351,-1,2351,2385,2386,-1,2351,2386,2350,-1,2350,2386,2387,-1,2350,2387,2349,-1,2349,2387,2244,-1,2349,2244,2348,-1,2348,2244,2243,-1,2388,2242,2389,-1,2389,2242,2244,-1,2389,2244,2390,-1,2390,2244,2387,-1,2390,2387,2391,-1,2391,2387,2386,-1,2391,2386,2392,-1,2392,2386,2385,-1,2392,2385,2393,-1,2393,2385,2384,-1,2393,2384,2394,-1,2394,2384,2383,-1,2394,2383,2395,-1,2395,2383,2382,-1,2395,2382,2396,-1,2396,2382,2381,-1,2396,2381,2397,-1,2397,2381,2380,-1,2397,2380,2398,-1,2398,2380,2379,-1,2398,2379,2399,-1,2399,2379,2378,-1,2399,2378,2400,-1,2400,2378,2377,-1,2400,2377,2401,-1,2401,2377,2376,-1,2401,2376,2402,-1,2402,2376,2375,-1,2402,2375,2403,-1,2403,2375,2374,-1,2403,2374,2404,-1,2404,2374,2373,-1,2404,2373,2405,-1,2405,2373,2372,-1,2405,2372,2406,-1,2406,2372,2371,-1,2406,2371,2407,-1,2407,2371,2370,-1,2407,2370,2259,-1,2259,2370,2369,-1,2259,2369,2257,-1,2257,2369,2368,-1,2258,2408,2259,-1,2259,2408,2409,-1,2259,2409,2407,-1,2407,2409,2410,-1,2407,2410,2406,-1,2406,2410,2411,-1,2406,2411,2405,-1,2405,2411,2412,-1,2405,2412,2404,-1,2404,2412,2413,-1,2404,2413,2403,-1,2403,2413,2414,-1,2403,2414,2402,-1,2402,2414,2415,-1,2402,2415,2401,-1,2401,2415,2416,-1,2401,2416,2400,-1,2400,2416,2417,-1,2400,2417,2399,-1,2399,2417,2418,-1,2399,2418,2398,-1,2398,2418,2419,-1,2398,2419,2397,-1,2397,2419,2420,-1,2397,2420,2396,-1,2396,2420,2421,-1,2396,2421,2395,-1,2395,2421,2422,-1,2395,2422,2394,-1,2394,2422,2423,-1,2394,2423,2393,-1,2393,2423,2424,-1,2393,2424,2392,-1,2392,2424,2425,-1,2392,2425,2391,-1,2391,2425,2426,-1,2391,2426,2390,-1,2390,2426,2427,-1,2390,2427,2389,-1,2389,2427,2241,-1,2389,2241,2388,-1,2388,2241,2240,-1,2428,2239,2429,-1,2429,2239,2241,-1,2429,2241,2430,-1,2430,2241,2427,-1,2430,2427,2431,-1,2431,2427,2426,-1,2431,2426,2432,-1,2432,2426,2425,-1,2432,2425,2433,-1,2433,2425,2424,-1,2433,2424,2434,-1,2434,2424,2423,-1,2434,2423,2435,-1,2435,2423,2422,-1,2435,2422,2436,-1,2436,2422,2421,-1,2436,2421,2437,-1,2437,2421,2420,-1,2437,2420,2438,-1,2438,2420,2419,-1,2438,2419,2439,-1,2439,2419,2418,-1,2439,2418,2440,-1,2440,2418,2417,-1,2440,2417,2441,-1,2441,2417,2416,-1,2441,2416,2442,-1,2442,2416,2415,-1,2442,2415,2443,-1,2443,2415,2414,-1,2443,2414,2444,-1,2444,2414,2413,-1,2444,2413,2445,-1,2445,2413,2412,-1,2445,2412,2446,-1,2446,2412,2411,-1,2446,2411,2447,-1,2447,2411,2410,-1,2447,2410,2256,-1,2256,2410,2409,-1,2256,2409,2254,-1,2254,2409,2408,-1,2255,2448,2256,-1,2256,2448,2449,-1,2256,2449,2447,-1,2447,2449,2450,-1,2447,2450,2446,-1,2446,2450,2451,-1,2446,2451,2445,-1,2445,2451,2452,-1,2445,2452,2444,-1,2444,2452,2453,-1,2444,2453,2443,-1,2443,2453,2454,-1,2443,2454,2442,-1,2442,2454,2455,-1,2442,2455,2441,-1,2441,2455,2456,-1,2441,2456,2440,-1,2440,2456,2457,-1,2440,2457,2439,-1,2439,2457,2458,-1,2439,2458,2438,-1,2438,2458,2459,-1,2438,2459,2437,-1,2437,2459,2460,-1,2437,2460,2436,-1,2436,2460,2461,-1,2436,2461,2435,-1,2435,2461,2462,-1,2435,2462,2434,-1,2434,2462,2463,-1,2434,2463,2433,-1,2433,2463,2464,-1,2433,2464,2432,-1,2432,2464,2465,-1,2432,2465,2431,-1,2431,2465,2466,-1,2431,2466,2430,-1,2430,2466,2467,-1,2430,2467,2429,-1,2429,2467,2238,-1,2429,2238,2428,-1,2428,2238,2237,-1,2468,2236,2469,-1,2469,2236,2238,-1,2469,2238,2470,-1,2470,2238,2467,-1,2470,2467,2471,-1,2471,2467,2466,-1,2471,2466,2472,-1,2472,2466,2465,-1,2472,2465,2473,-1,2473,2465,2464,-1,2473,2464,2474,-1,2474,2464,2463,-1,2474,2463,2475,-1,2475,2463,2462,-1,2475,2462,2476,-1,2476,2462,2461,-1,2476,2461,2477,-1,2477,2461,2460,-1,2477,2460,2478,-1,2478,2460,2459,-1,2478,2459,2479,-1,2479,2459,2458,-1,2479,2458,2480,-1,2480,2458,2457,-1,2480,2457,2481,-1,2481,2457,2456,-1,2481,2456,2482,-1,2482,2456,2455,-1,2482,2455,2483,-1,2483,2455,2454,-1,2483,2454,2484,-1,2484,2454,2453,-1,2484,2453,2485,-1,2485,2453,2452,-1,2485,2452,2486,-1,2486,2452,2451,-1,2486,2451,2487,-1,2487,2451,2450,-1,2487,2450,2253,-1,2253,2450,2449,-1,2253,2449,2251,-1,2251,2449,2448,-1,2252,2234,2253,-1,2253,2234,2232,-1,2253,2232,2487,-1,2487,2232,2230,-1,2487,2230,2486,-1,2486,2230,2228,-1,2486,2228,2485,-1,2485,2228,2226,-1,2485,2226,2484,-1,2484,2226,2224,-1,2484,2224,2483,-1,2483,2224,2222,-1,2483,2222,2482,-1,2482,2222,2220,-1,2482,2220,2481,-1,2481,2220,2218,-1,2481,2218,2480,-1,2480,2218,2216,-1,2480,2216,2479,-1,2479,2216,2214,-1,2479,2214,2478,-1,2478,2214,2212,-1,2478,2212,2477,-1,2477,2212,2210,-1,2477,2210,2476,-1,2476,2210,2208,-1,2476,2208,2475,-1,2475,2208,2206,-1,2475,2206,2474,-1,2474,2206,2204,-1,2474,2204,2473,-1,2473,2204,2202,-1,2473,2202,2472,-1,2472,2202,2200,-1,2472,2200,2471,-1,2471,2200,2198,-1,2471,2198,2470,-1,2470,2198,2196,-1,2470,2196,2469,-1,2469,2196,2194,-1,2469,2194,2468,-1,2468,2194,2193,-1,2307,2488,2489,-1,2307,2489,2306,-1,2306,2489,2490,-1,2306,2490,2304,-1,2304,2490,2491,-1,2304,2491,2302,-1,2302,2491,2492,-1,2302,2492,2300,-1,2300,2492,2493,-1,2300,2493,2298,-1,2298,2493,2494,-1,2298,2494,2296,-1,2296,2494,2495,-1,2296,2495,2294,-1,2294,2495,2496,-1,2294,2496,2292,-1,2292,2496,2497,-1,2292,2497,2290,-1,2290,2497,2498,-1,2290,2498,2288,-1,2288,2498,2499,-1,2288,2499,2286,-1,2286,2499,2500,-1,2286,2500,2284,-1,2284,2500,2501,-1,2284,2501,2282,-1,2282,2501,2502,-1,2282,2502,2280,-1,2280,2502,2503,-1,2280,2503,2278,-1,2278,2503,2504,-1,2278,2504,2276,-1,2276,2504,2505,-1,2276,2505,2274,-1,2274,2505,2506,-1,2274,2506,2272,-1,2272,2506,2507,-1,2272,2507,2270,-1,2270,2507,2508,-1,2270,2508,2268,-1,2268,2508,2509,-1,2268,2509,2266,-1,2510,2511,2512,-1,2513,2514,2515,-1,2516,2517,2518,-1,2519,2520,2521,-1,2522,2523,2524,-1,2525,2526,2527,-1,2528,2529,2530,-1,2531,2532,2533,-1,2534,2535,2536,-1,2537,2538,2539,-1,2540,2541,2542,-1,2542,2541,2543,-1,2542,2543,2544,-1,2544,2543,2545,-1,2544,2545,2546,-1,2546,2545,2547,-1,2546,2547,2548,-1,2548,2547,2549,-1,2548,2549,2550,-1,2550,2549,2551,-1,2550,2551,2552,-1,2552,2551,2553,-1,2552,2553,2554,-1,2554,2553,2555,-1,2554,2555,2556,-1,2556,2555,2557,-1,2556,2557,2558,-1,2558,2557,2559,-1,2558,2559,2560,-1,2560,2559,2561,-1,2560,2561,2562,-1,2562,2561,2563,-1,2562,2563,2564,-1,2564,2563,2565,-1,2564,2565,2566,-1,2566,2565,2567,-1,2566,2567,2568,-1,2568,2567,2569,-1,2568,2569,2570,-1,2570,2569,2571,-1,2570,2571,2572,-1,2572,2571,2573,-1,2572,2573,2574,-1,2574,2573,2575,-1,2574,2575,2576,-1,2576,2575,2577,-1,2576,2577,2578,-1,2578,2577,2579,-1,2578,2579,2580,-1,2580,2579,2524,-1,2580,2524,2581,-1,2581,2524,2523,-1,2582,2522,2583,-1,2583,2522,2524,-1,2583,2524,2584,-1,2584,2524,2579,-1,2584,2579,2585,-1,2585,2579,2577,-1,2585,2577,2586,-1,2586,2577,2575,-1,2586,2575,2587,-1,2587,2575,2573,-1,2587,2573,2588,-1,2588,2573,2571,-1,2588,2571,2589,-1,2589,2571,2569,-1,2589,2569,2590,-1,2590,2569,2567,-1,2590,2567,2591,-1,2591,2567,2565,-1,2591,2565,2592,-1,2592,2565,2563,-1,2592,2563,2593,-1,2593,2563,2561,-1,2593,2561,2594,-1,2594,2561,2559,-1,2594,2559,2595,-1,2595,2559,2557,-1,2595,2557,2596,-1,2596,2557,2555,-1,2596,2555,2597,-1,2597,2555,2553,-1,2597,2553,2598,-1,2598,2553,2551,-1,2598,2551,2599,-1,2599,2551,2549,-1,2599,2549,2600,-1,2600,2549,2547,-1,2600,2547,2601,-1,2601,2547,2545,-1,2601,2545,2539,-1,2539,2545,2543,-1,2539,2543,2537,-1,2537,2543,2541,-1,2538,2602,2539,-1,2539,2602,2603,-1,2539,2603,2601,-1,2601,2603,2604,-1,2601,2604,2600,-1,2600,2604,2605,-1,2600,2605,2599,-1,2599,2605,2606,-1,2599,2606,2598,-1,2598,2606,2607,-1,2598,2607,2597,-1,2597,2607,2608,-1,2597,2608,2596,-1,2596,2608,2609,-1,2596,2609,2595,-1,2595,2609,2610,-1,2595,2610,2594,-1,2594,2610,2611,-1,2594,2611,2593,-1,2593,2611,2612,-1,2593,2612,2592,-1,2592,2612,2613,-1,2592,2613,2591,-1,2591,2613,2614,-1,2591,2614,2590,-1,2590,2614,2615,-1,2590,2615,2589,-1,2589,2615,2616,-1,2589,2616,2588,-1,2588,2616,2617,-1,2588,2617,2587,-1,2587,2617,2618,-1,2587,2618,2586,-1,2586,2618,2619,-1,2586,2619,2585,-1,2585,2619,2620,-1,2585,2620,2584,-1,2584,2620,2621,-1,2584,2621,2583,-1,2583,2621,2521,-1,2583,2521,2582,-1,2582,2521,2520,-1,2622,2519,2623,-1,2623,2519,2521,-1,2623,2521,2624,-1,2624,2521,2621,-1,2624,2621,2625,-1,2625,2621,2620,-1,2625,2620,2626,-1,2626,2620,2619,-1,2626,2619,2627,-1,2627,2619,2618,-1,2627,2618,2628,-1,2628,2618,2617,-1,2628,2617,2629,-1,2629,2617,2616,-1,2629,2616,2630,-1,2630,2616,2615,-1,2630,2615,2631,-1,2631,2615,2614,-1,2631,2614,2632,-1,2632,2614,2613,-1,2632,2613,2633,-1,2633,2613,2612,-1,2633,2612,2634,-1,2634,2612,2611,-1,2634,2611,2635,-1,2635,2611,2610,-1,2635,2610,2636,-1,2636,2610,2609,-1,2636,2609,2637,-1,2637,2609,2608,-1,2637,2608,2638,-1,2638,2608,2607,-1,2638,2607,2639,-1,2639,2607,2606,-1,2639,2606,2640,-1,2640,2606,2605,-1,2640,2605,2641,-1,2641,2605,2604,-1,2641,2604,2536,-1,2536,2604,2603,-1,2536,2603,2534,-1,2534,2603,2602,-1,2535,2642,2536,-1,2536,2642,2643,-1,2536,2643,2641,-1,2641,2643,2644,-1,2641,2644,2640,-1,2640,2644,2645,-1,2640,2645,2639,-1,2639,2645,2646,-1,2639,2646,2638,-1,2638,2646,2647,-1,2638,2647,2637,-1,2637,2647,2648,-1,2637,2648,2636,-1,2636,2648,2649,-1,2636,2649,2635,-1,2635,2649,2650,-1,2635,2650,2634,-1,2634,2650,2651,-1,2634,2651,2633,-1,2633,2651,2652,-1,2633,2652,2632,-1,2632,2652,2653,-1,2632,2653,2631,-1,2631,2653,2654,-1,2631,2654,2630,-1,2630,2654,2655,-1,2630,2655,2629,-1,2629,2655,2656,-1,2629,2656,2628,-1,2628,2656,2657,-1,2628,2657,2627,-1,2627,2657,2658,-1,2627,2658,2626,-1,2626,2658,2659,-1,2626,2659,2625,-1,2625,2659,2660,-1,2625,2660,2624,-1,2624,2660,2661,-1,2624,2661,2623,-1,2623,2661,2518,-1,2623,2518,2622,-1,2622,2518,2517,-1,2662,2516,2663,-1,2663,2516,2518,-1,2663,2518,2664,-1,2664,2518,2661,-1,2664,2661,2665,-1,2665,2661,2660,-1,2665,2660,2666,-1,2666,2660,2659,-1,2666,2659,2667,-1,2667,2659,2658,-1,2667,2658,2668,-1,2668,2658,2657,-1,2668,2657,2669,-1,2669,2657,2656,-1,2669,2656,2670,-1,2670,2656,2655,-1,2670,2655,2671,-1,2671,2655,2654,-1,2671,2654,2672,-1,2672,2654,2653,-1,2672,2653,2673,-1,2673,2653,2652,-1,2673,2652,2674,-1,2674,2652,2651,-1,2674,2651,2675,-1,2675,2651,2650,-1,2675,2650,2676,-1,2676,2650,2649,-1,2676,2649,2677,-1,2677,2649,2648,-1,2677,2648,2678,-1,2678,2648,2647,-1,2678,2647,2679,-1,2679,2647,2646,-1,2679,2646,2680,-1,2680,2646,2645,-1,2680,2645,2681,-1,2681,2645,2644,-1,2681,2644,2533,-1,2533,2644,2643,-1,2533,2643,2531,-1,2531,2643,2642,-1,2532,2682,2533,-1,2533,2682,2683,-1,2533,2683,2681,-1,2681,2683,2684,-1,2681,2684,2680,-1,2680,2684,2685,-1,2680,2685,2679,-1,2679,2685,2686,-1,2679,2686,2678,-1,2678,2686,2687,-1,2678,2687,2677,-1,2677,2687,2688,-1,2677,2688,2676,-1,2676,2688,2689,-1,2676,2689,2675,-1,2675,2689,2690,-1,2675,2690,2674,-1,2674,2690,2691,-1,2674,2691,2673,-1,2673,2691,2692,-1,2673,2692,2672,-1,2672,2692,2693,-1,2672,2693,2671,-1,2671,2693,2694,-1,2671,2694,2670,-1,2670,2694,2695,-1,2670,2695,2669,-1,2669,2695,2696,-1,2669,2696,2668,-1,2668,2696,2697,-1,2668,2697,2667,-1,2667,2697,2698,-1,2667,2698,2666,-1,2666,2698,2699,-1,2666,2699,2665,-1,2665,2699,2700,-1,2665,2700,2664,-1,2664,2700,2701,-1,2664,2701,2663,-1,2663,2701,2515,-1,2663,2515,2662,-1,2662,2515,2514,-1,2702,2513,2703,-1,2703,2513,2515,-1,2703,2515,2704,-1,2704,2515,2701,-1,2704,2701,2705,-1,2705,2701,2700,-1,2705,2700,2706,-1,2706,2700,2699,-1,2706,2699,2707,-1,2707,2699,2698,-1,2707,2698,2708,-1,2708,2698,2697,-1,2708,2697,2709,-1,2709,2697,2696,-1,2709,2696,2710,-1,2710,2696,2695,-1,2710,2695,2711,-1,2711,2695,2694,-1,2711,2694,2712,-1,2712,2694,2693,-1,2712,2693,2713,-1,2713,2693,2692,-1,2713,2692,2714,-1,2714,2692,2691,-1,2714,2691,2715,-1,2715,2691,2690,-1,2715,2690,2716,-1,2716,2690,2689,-1,2716,2689,2717,-1,2717,2689,2688,-1,2717,2688,2718,-1,2718,2688,2687,-1,2718,2687,2719,-1,2719,2687,2686,-1,2719,2686,2720,-1,2720,2686,2685,-1,2720,2685,2721,-1,2721,2685,2684,-1,2721,2684,2530,-1,2530,2684,2683,-1,2530,2683,2528,-1,2528,2683,2682,-1,2529,2722,2530,-1,2530,2722,2723,-1,2530,2723,2721,-1,2721,2723,2724,-1,2721,2724,2720,-1,2720,2724,2725,-1,2720,2725,2719,-1,2719,2725,2726,-1,2719,2726,2718,-1,2718,2726,2727,-1,2718,2727,2717,-1,2717,2727,2728,-1,2717,2728,2716,-1,2716,2728,2729,-1,2716,2729,2715,-1,2715,2729,2730,-1,2715,2730,2714,-1,2714,2730,2731,-1,2714,2731,2713,-1,2713,2731,2732,-1,2713,2732,2712,-1,2712,2732,2733,-1,2712,2733,2711,-1,2711,2733,2734,-1,2711,2734,2710,-1,2710,2734,2735,-1,2710,2735,2709,-1,2709,2735,2736,-1,2709,2736,2708,-1,2708,2736,2737,-1,2708,2737,2707,-1,2707,2737,2738,-1,2707,2738,2706,-1,2706,2738,2739,-1,2706,2739,2705,-1,2705,2739,2740,-1,2705,2740,2704,-1,2704,2740,2741,-1,2704,2741,2703,-1,2703,2741,2512,-1,2703,2512,2702,-1,2702,2512,2511,-1,2742,2510,2743,-1,2743,2510,2512,-1,2743,2512,2744,-1,2744,2512,2741,-1,2744,2741,2745,-1,2745,2741,2740,-1,2745,2740,2746,-1,2746,2740,2739,-1,2746,2739,2747,-1,2747,2739,2738,-1,2747,2738,2748,-1,2748,2738,2737,-1,2748,2737,2749,-1,2749,2737,2736,-1,2749,2736,2750,-1,2750,2736,2735,-1,2750,2735,2751,-1,2751,2735,2734,-1,2751,2734,2752,-1,2752,2734,2733,-1,2752,2733,2753,-1,2753,2733,2732,-1,2753,2732,2754,-1,2754,2732,2731,-1,2754,2731,2755,-1,2755,2731,2730,-1,2755,2730,2756,-1,2756,2730,2729,-1,2756,2729,2757,-1,2757,2729,2728,-1,2757,2728,2758,-1,2758,2728,2727,-1,2758,2727,2759,-1,2759,2727,2726,-1,2759,2726,2760,-1,2760,2726,2725,-1,2760,2725,2761,-1,2761,2725,2724,-1,2761,2724,2527,-1,2527,2724,2723,-1,2527,2723,2525,-1,2525,2723,2722,-1,2526,2509,2527,-1,2527,2509,2508,-1,2527,2508,2761,-1,2761,2508,2507,-1,2761,2507,2760,-1,2760,2507,2506,-1,2760,2506,2759,-1,2759,2506,2505,-1,2759,2505,2758,-1,2758,2505,2504,-1,2758,2504,2757,-1,2757,2504,2503,-1,2757,2503,2756,-1,2756,2503,2502,-1,2756,2502,2755,-1,2755,2502,2501,-1,2755,2501,2754,-1,2754,2501,2500,-1,2754,2500,2753,-1,2753,2500,2499,-1,2753,2499,2752,-1,2752,2499,2498,-1,2752,2498,2751,-1,2751,2498,2497,-1,2751,2497,2750,-1,2750,2497,2496,-1,2750,2496,2749,-1,2749,2496,2495,-1,2749,2495,2748,-1,2748,2495,2494,-1,2748,2494,2747,-1,2747,2494,2493,-1,2747,2493,2746,-1,2746,2493,2492,-1,2746,2492,2745,-1,2745,2492,2491,-1,2745,2491,2744,-1,2744,2491,2490,-1,2744,2490,2743,-1,2743,2490,2489,-1,2743,2489,2742,-1,2742,2489,2488,-1,2581,2762,2763,-1,2581,2763,2580,-1,2580,2763,2764,-1,2580,2764,2578,-1,2578,2764,2765,-1,2578,2765,2576,-1,2576,2765,2766,-1,2576,2766,2574,-1,2574,2766,2767,-1,2574,2767,2572,-1,2572,2767,2768,-1,2572,2768,2570,-1,2570,2768,2769,-1,2570,2769,2568,-1,2568,2769,2770,-1,2568,2770,2566,-1,2566,2770,2771,-1,2566,2771,2564,-1,2564,2771,2772,-1,2564,2772,2562,-1,2562,2772,2773,-1,2562,2773,2560,-1,2560,2773,2774,-1,2560,2774,2558,-1,2558,2774,2775,-1,2558,2775,2556,-1,2556,2775,2776,-1,2556,2776,2554,-1,2554,2776,2777,-1,2554,2777,2552,-1,2552,2777,2778,-1,2552,2778,2550,-1,2550,2778,2779,-1,2550,2779,2548,-1,2548,2779,2780,-1,2548,2780,2546,-1,2546,2780,2781,-1,2546,2781,2544,-1,2544,2781,2782,-1,2544,2782,2542,-1,2542,2782,2783,-1,2542,2783,2540,-1,2784,2785,2786,-1,2787,2788,2789,-1,2790,2791,2792,-1,2793,2794,2795,-1,2796,2797,2798,-1,2799,2800,2801,-1,2802,2803,2804,-1,2805,2806,2807,-1,2808,2809,2810,-1,2811,2812,2813,-1,2814,2815,2816,-1,2816,2815,2817,-1,2816,2817,2818,-1,2818,2817,2819,-1,2818,2819,2820,-1,2820,2819,2821,-1,2820,2821,2822,-1,2822,2821,2823,-1,2822,2823,2824,-1,2824,2823,2825,-1,2824,2825,2826,-1,2826,2825,2827,-1,2826,2827,2828,-1,2828,2827,2829,-1,2828,2829,2830,-1,2830,2829,2831,-1,2830,2831,2832,-1,2832,2831,2833,-1,2832,2833,2834,-1,2834,2833,2835,-1,2834,2835,2836,-1,2836,2835,2837,-1,2836,2837,2838,-1,2838,2837,2839,-1,2838,2839,2840,-1,2840,2839,2841,-1,2840,2841,2842,-1,2842,2841,2843,-1,2842,2843,2844,-1,2844,2843,2845,-1,2844,2845,2846,-1,2846,2845,2847,-1,2846,2847,2848,-1,2848,2847,2849,-1,2848,2849,2850,-1,2850,2849,2851,-1,2850,2851,2852,-1,2852,2851,2853,-1,2852,2853,2854,-1,2854,2853,2798,-1,2854,2798,2855,-1,2855,2798,2797,-1,2856,2796,2857,-1,2857,2796,2798,-1,2857,2798,2858,-1,2858,2798,2853,-1,2858,2853,2859,-1,2859,2853,2851,-1,2859,2851,2860,-1,2860,2851,2849,-1,2860,2849,2861,-1,2861,2849,2847,-1,2861,2847,2862,-1,2862,2847,2845,-1,2862,2845,2863,-1,2863,2845,2843,-1,2863,2843,2864,-1,2864,2843,2841,-1,2864,2841,2865,-1,2865,2841,2839,-1,2865,2839,2866,-1,2866,2839,2837,-1,2866,2837,2867,-1,2867,2837,2835,-1,2867,2835,2868,-1,2868,2835,2833,-1,2868,2833,2869,-1,2869,2833,2831,-1,2869,2831,2870,-1,2870,2831,2829,-1,2870,2829,2871,-1,2871,2829,2827,-1,2871,2827,2872,-1,2872,2827,2825,-1,2872,2825,2873,-1,2873,2825,2823,-1,2873,2823,2874,-1,2874,2823,2821,-1,2874,2821,2875,-1,2875,2821,2819,-1,2875,2819,2813,-1,2813,2819,2817,-1,2813,2817,2811,-1,2811,2817,2815,-1,2812,2876,2813,-1,2813,2876,2877,-1,2813,2877,2875,-1,2875,2877,2878,-1,2875,2878,2874,-1,2874,2878,2879,-1,2874,2879,2873,-1,2873,2879,2880,-1,2873,2880,2872,-1,2872,2880,2881,-1,2872,2881,2871,-1,2871,2881,2882,-1,2871,2882,2870,-1,2870,2882,2883,-1,2870,2883,2869,-1,2869,2883,2884,-1,2869,2884,2868,-1,2868,2884,2885,-1,2868,2885,2867,-1,2867,2885,2886,-1,2867,2886,2866,-1,2866,2886,2887,-1,2866,2887,2865,-1,2865,2887,2888,-1,2865,2888,2864,-1,2864,2888,2889,-1,2864,2889,2863,-1,2863,2889,2890,-1,2863,2890,2862,-1,2862,2890,2891,-1,2862,2891,2861,-1,2861,2891,2892,-1,2861,2892,2860,-1,2860,2892,2893,-1,2860,2893,2859,-1,2859,2893,2894,-1,2859,2894,2858,-1,2858,2894,2895,-1,2858,2895,2857,-1,2857,2895,2795,-1,2857,2795,2856,-1,2856,2795,2794,-1,2896,2793,2897,-1,2897,2793,2795,-1,2897,2795,2898,-1,2898,2795,2895,-1,2898,2895,2899,-1,2899,2895,2894,-1,2899,2894,2900,-1,2900,2894,2893,-1,2900,2893,2901,-1,2901,2893,2892,-1,2901,2892,2902,-1,2902,2892,2891,-1,2902,2891,2903,-1,2903,2891,2890,-1,2903,2890,2904,-1,2904,2890,2889,-1,2904,2889,2905,-1,2905,2889,2888,-1,2905,2888,2906,-1,2906,2888,2887,-1,2906,2887,2907,-1,2907,2887,2886,-1,2907,2886,2908,-1,2908,2886,2885,-1,2908,2885,2909,-1,2909,2885,2884,-1,2909,2884,2910,-1,2910,2884,2883,-1,2910,2883,2911,-1,2911,2883,2882,-1,2911,2882,2912,-1,2912,2882,2881,-1,2912,2881,2913,-1,2913,2881,2880,-1,2913,2880,2914,-1,2914,2880,2879,-1,2914,2879,2915,-1,2915,2879,2878,-1,2915,2878,2810,-1,2810,2878,2877,-1,2810,2877,2808,-1,2808,2877,2876,-1,2809,2916,2810,-1,2810,2916,2917,-1,2810,2917,2915,-1,2915,2917,2918,-1,2915,2918,2914,-1,2914,2918,2919,-1,2914,2919,2913,-1,2913,2919,2920,-1,2913,2920,2912,-1,2912,2920,2921,-1,2912,2921,2911,-1,2911,2921,2922,-1,2911,2922,2910,-1,2910,2922,2923,-1,2910,2923,2909,-1,2909,2923,2924,-1,2909,2924,2908,-1,2908,2924,2925,-1,2908,2925,2907,-1,2907,2925,2926,-1,2907,2926,2906,-1,2906,2926,2927,-1,2906,2927,2905,-1,2905,2927,2928,-1,2905,2928,2904,-1,2904,2928,2929,-1,2904,2929,2903,-1,2903,2929,2930,-1,2903,2930,2902,-1,2902,2930,2931,-1,2902,2931,2901,-1,2901,2931,2932,-1,2901,2932,2900,-1,2900,2932,2933,-1,2900,2933,2899,-1,2899,2933,2934,-1,2899,2934,2898,-1,2898,2934,2935,-1,2898,2935,2897,-1,2897,2935,2792,-1,2897,2792,2896,-1,2896,2792,2791,-1,2936,2790,2937,-1,2937,2790,2792,-1,2937,2792,2938,-1,2938,2792,2935,-1,2938,2935,2939,-1,2939,2935,2934,-1,2939,2934,2940,-1,2940,2934,2933,-1,2940,2933,2941,-1,2941,2933,2932,-1,2941,2932,2942,-1,2942,2932,2931,-1,2942,2931,2943,-1,2943,2931,2930,-1,2943,2930,2944,-1,2944,2930,2929,-1,2944,2929,2945,-1,2945,2929,2928,-1,2945,2928,2946,-1,2946,2928,2927,-1,2946,2927,2947,-1,2947,2927,2926,-1,2947,2926,2948,-1,2948,2926,2925,-1,2948,2925,2949,-1,2949,2925,2924,-1,2949,2924,2950,-1,2950,2924,2923,-1,2950,2923,2951,-1,2951,2923,2922,-1,2951,2922,2952,-1,2952,2922,2921,-1,2952,2921,2953,-1,2953,2921,2920,-1,2953,2920,2954,-1,2954,2920,2919,-1,2954,2919,2955,-1,2955,2919,2918,-1,2955,2918,2807,-1,2807,2918,2917,-1,2807,2917,2805,-1,2805,2917,2916,-1,2806,2956,2807,-1,2807,2956,2957,-1,2807,2957,2955,-1,2955,2957,2958,-1,2955,2958,2954,-1,2954,2958,2959,-1,2954,2959,2953,-1,2953,2959,2960,-1,2953,2960,2952,-1,2952,2960,2961,-1,2952,2961,2951,-1,2951,2961,2962,-1,2951,2962,2950,-1,2950,2962,2963,-1,2950,2963,2949,-1,2949,2963,2964,-1,2949,2964,2948,-1,2948,2964,2965,-1,2948,2965,2947,-1,2947,2965,2966,-1,2947,2966,2946,-1,2946,2966,2967,-1,2946,2967,2945,-1,2945,2967,2968,-1,2945,2968,2944,-1,2944,2968,2969,-1,2944,2969,2943,-1,2943,2969,2970,-1,2943,2970,2942,-1,2942,2970,2971,-1,2942,2971,2941,-1,2941,2971,2972,-1,2941,2972,2940,-1,2940,2972,2973,-1,2940,2973,2939,-1,2939,2973,2974,-1,2939,2974,2938,-1,2938,2974,2975,-1,2938,2975,2937,-1,2937,2975,2789,-1,2937,2789,2936,-1,2936,2789,2788,-1,2976,2787,2977,-1,2977,2787,2789,-1,2977,2789,2978,-1,2978,2789,2975,-1,2978,2975,2979,-1,2979,2975,2974,-1,2979,2974,2980,-1,2980,2974,2973,-1,2980,2973,2981,-1,2981,2973,2972,-1,2981,2972,2982,-1,2982,2972,2971,-1,2982,2971,2983,-1,2983,2971,2970,-1,2983,2970,2984,-1,2984,2970,2969,-1,2984,2969,2985,-1,2985,2969,2968,-1,2985,2968,2986,-1,2986,2968,2967,-1,2986,2967,2987,-1,2987,2967,2966,-1,2987,2966,2988,-1,2988,2966,2965,-1,2988,2965,2989,-1,2989,2965,2964,-1,2989,2964,2990,-1,2990,2964,2963,-1,2990,2963,2991,-1,2991,2963,2962,-1,2991,2962,2992,-1,2992,2962,2961,-1,2992,2961,2993,-1,2993,2961,2960,-1,2993,2960,2994,-1,2994,2960,2959,-1,2994,2959,2995,-1,2995,2959,2958,-1,2995,2958,2804,-1,2804,2958,2957,-1,2804,2957,2802,-1,2802,2957,2956,-1,2803,2996,2804,-1,2804,2996,2997,-1,2804,2997,2995,-1,2995,2997,2998,-1,2995,2998,2994,-1,2994,2998,2999,-1,2994,2999,2993,-1,2993,2999,3000,-1,2993,3000,2992,-1,2992,3000,3001,-1,2992,3001,2991,-1,2991,3001,3002,-1,2991,3002,2990,-1,2990,3002,3003,-1,2990,3003,2989,-1,2989,3003,3004,-1,2989,3004,2988,-1,2988,3004,3005,-1,2988,3005,2987,-1,2987,3005,3006,-1,2987,3006,2986,-1,2986,3006,3007,-1,2986,3007,2985,-1,2985,3007,3008,-1,2985,3008,2984,-1,2984,3008,3009,-1,2984,3009,2983,-1,2983,3009,3010,-1,2983,3010,2982,-1,2982,3010,3011,-1,2982,3011,2981,-1,2981,3011,3012,-1,2981,3012,2980,-1,2980,3012,3013,-1,2980,3013,2979,-1,2979,3013,3014,-1,2979,3014,2978,-1,2978,3014,3015,-1,2978,3015,2977,-1,2977,3015,2786,-1,2977,2786,2976,-1,2976,2786,2785,-1,3016,2784,3017,-1,3017,2784,2786,-1,3017,2786,3018,-1,3018,2786,3015,-1,3018,3015,3019,-1,3019,3015,3014,-1,3019,3014,3020,-1,3020,3014,3013,-1,3020,3013,3021,-1,3021,3013,3012,-1,3021,3012,3022,-1,3022,3012,3011,-1,3022,3011,3023,-1,3023,3011,3010,-1,3023,3010,3024,-1,3024,3010,3009,-1,3024,3009,3025,-1,3025,3009,3008,-1,3025,3008,3026,-1,3026,3008,3007,-1,3026,3007,3027,-1,3027,3007,3006,-1,3027,3006,3028,-1,3028,3006,3005,-1,3028,3005,3029,-1,3029,3005,3004,-1,3029,3004,3030,-1,3030,3004,3003,-1,3030,3003,3031,-1,3031,3003,3002,-1,3031,3002,3032,-1,3032,3002,3001,-1,3032,3001,3033,-1,3033,3001,3000,-1,3033,3000,3034,-1,3034,3000,2999,-1,3034,2999,3035,-1,3035,2999,2998,-1,3035,2998,2801,-1,2801,2998,2997,-1,2801,2997,2799,-1,2799,2997,2996,-1,2800,2783,2801,-1,2801,2783,2782,-1,2801,2782,3035,-1,3035,2782,2781,-1,3035,2781,3034,-1,3034,2781,2780,-1,3034,2780,3033,-1,3033,2780,2779,-1,3033,2779,3032,-1,3032,2779,2778,-1,3032,2778,3031,-1,3031,2778,2777,-1,3031,2777,3030,-1,3030,2777,2776,-1,3030,2776,3029,-1,3029,2776,2775,-1,3029,2775,3028,-1,3028,2775,2774,-1,3028,2774,3027,-1,3027,2774,2773,-1,3027,2773,3026,-1,3026,2773,2772,-1,3026,2772,3025,-1,3025,2772,2771,-1,3025,2771,3024,-1,3024,2771,2770,-1,3024,2770,3023,-1,3023,2770,2769,-1,3023,2769,3022,-1,3022,2769,2768,-1,3022,2768,3021,-1,3021,2768,2767,-1,3021,2767,3020,-1,3020,2767,2766,-1,3020,2766,3019,-1,3019,2766,2765,-1,3019,2765,3018,-1,3018,2765,2764,-1,3018,2764,3017,-1,3017,2764,2763,-1,3017,2763,3016,-1,3016,2763,2762,-1,2855,3036,3037,-1,2855,3037,2854,-1,2854,3037,3038,-1,2854,3038,2852,-1,2852,3038,3039,-1,2852,3039,2850,-1,2850,3039,3040,-1,2850,3040,2848,-1,2848,3040,3041,-1,2848,3041,2846,-1,2846,3041,3042,-1,2846,3042,2844,-1,2844,3042,3043,-1,2844,3043,2842,-1,2842,3043,3044,-1,2842,3044,2840,-1,2840,3044,3045,-1,2840,3045,2838,-1,2838,3045,3046,-1,2838,3046,2836,-1,2836,3046,3047,-1,2836,3047,2834,-1,2834,3047,3048,-1,2834,3048,2832,-1,2832,3048,3049,-1,2832,3049,2830,-1,2830,3049,3050,-1,2830,3050,2828,-1,2828,3050,3051,-1,2828,3051,2826,-1,2826,3051,3052,-1,2826,3052,2824,-1,2824,3052,3053,-1,2824,3053,2822,-1,2822,3053,3054,-1,2822,3054,2820,-1,2820,3054,3055,-1,2820,3055,2818,-1,2818,3055,3056,-1,2818,3056,2816,-1,2816,3056,3057,-1,2816,3057,2814,-1,3058,3059,3060,-1,3061,3062,3063,-1,3064,3065,3066,-1,3067,3068,3069,-1,3070,3071,3072,-1,3073,3074,3075,-1,3076,3077,3078,-1,3079,3080,3081,-1,3082,3083,3084,-1,3085,3086,3087,-1,2235,3088,2233,-1,2233,3088,3089,-1,2233,3089,2231,-1,2231,3089,3090,-1,2231,3090,2229,-1,2229,3090,3091,-1,2229,3091,2227,-1,2227,3091,3092,-1,2227,3092,2225,-1,2225,3092,3093,-1,2225,3093,2223,-1,2223,3093,3094,-1,2223,3094,2221,-1,2221,3094,3095,-1,2221,3095,2219,-1,2219,3095,3096,-1,2219,3096,2217,-1,2217,3096,3097,-1,2217,3097,2215,-1,2215,3097,3098,-1,2215,3098,2213,-1,2213,3098,3099,-1,2213,3099,2211,-1,2211,3099,3100,-1,2211,3100,2209,-1,2209,3100,3101,-1,2209,3101,2207,-1,2207,3101,3102,-1,2207,3102,2205,-1,2205,3102,3103,-1,2205,3103,2203,-1,2203,3103,3104,-1,2203,3104,2201,-1,2201,3104,3105,-1,2201,3105,2199,-1,2199,3105,3106,-1,2199,3106,2197,-1,2197,3106,3107,-1,2197,3107,2195,-1,2195,3107,3072,-1,2195,3072,2192,-1,2192,3072,3071,-1,3108,3070,3109,-1,3109,3070,3072,-1,3109,3072,3110,-1,3110,3072,3107,-1,3110,3107,3111,-1,3111,3107,3106,-1,3111,3106,3112,-1,3112,3106,3105,-1,3112,3105,3113,-1,3113,3105,3104,-1,3113,3104,3114,-1,3114,3104,3103,-1,3114,3103,3115,-1,3115,3103,3102,-1,3115,3102,3116,-1,3116,3102,3101,-1,3116,3101,3117,-1,3117,3101,3100,-1,3117,3100,3118,-1,3118,3100,3099,-1,3118,3099,3119,-1,3119,3099,3098,-1,3119,3098,3120,-1,3120,3098,3097,-1,3120,3097,3121,-1,3121,3097,3096,-1,3121,3096,3122,-1,3122,3096,3095,-1,3122,3095,3123,-1,3123,3095,3094,-1,3123,3094,3124,-1,3124,3094,3093,-1,3124,3093,3125,-1,3125,3093,3092,-1,3125,3092,3126,-1,3126,3092,3091,-1,3126,3091,3127,-1,3127,3091,3090,-1,3127,3090,3087,-1,3087,3090,3089,-1,3087,3089,3085,-1,3085,3089,3088,-1,3086,3128,3087,-1,3087,3128,3129,-1,3087,3129,3127,-1,3127,3129,3130,-1,3127,3130,3126,-1,3126,3130,3131,-1,3126,3131,3125,-1,3125,3131,3132,-1,3125,3132,3124,-1,3124,3132,3133,-1,3124,3133,3123,-1,3123,3133,3134,-1,3123,3134,3122,-1,3122,3134,3135,-1,3122,3135,3121,-1,3121,3135,3136,-1,3121,3136,3120,-1,3120,3136,3137,-1,3120,3137,3119,-1,3119,3137,3138,-1,3119,3138,3118,-1,3118,3138,3139,-1,3118,3139,3117,-1,3117,3139,3140,-1,3117,3140,3116,-1,3116,3140,3141,-1,3116,3141,3115,-1,3115,3141,3142,-1,3115,3142,3114,-1,3114,3142,3143,-1,3114,3143,3113,-1,3113,3143,3144,-1,3113,3144,3112,-1,3112,3144,3145,-1,3112,3145,3111,-1,3111,3145,3146,-1,3111,3146,3110,-1,3110,3146,3147,-1,3110,3147,3109,-1,3109,3147,3069,-1,3109,3069,3108,-1,3108,3069,3068,-1,3148,3067,3149,-1,3149,3067,3069,-1,3149,3069,3150,-1,3150,3069,3147,-1,3150,3147,3151,-1,3151,3147,3146,-1,3151,3146,3152,-1,3152,3146,3145,-1,3152,3145,3153,-1,3153,3145,3144,-1,3153,3144,3154,-1,3154,3144,3143,-1,3154,3143,3155,-1,3155,3143,3142,-1,3155,3142,3156,-1,3156,3142,3141,-1,3156,3141,3157,-1,3157,3141,3140,-1,3157,3140,3158,-1,3158,3140,3139,-1,3158,3139,3159,-1,3159,3139,3138,-1,3159,3138,3160,-1,3160,3138,3137,-1,3160,3137,3161,-1,3161,3137,3136,-1,3161,3136,3162,-1,3162,3136,3135,-1,3162,3135,3163,-1,3163,3135,3134,-1,3163,3134,3164,-1,3164,3134,3133,-1,3164,3133,3165,-1,3165,3133,3132,-1,3165,3132,3166,-1,3166,3132,3131,-1,3166,3131,3167,-1,3167,3131,3130,-1,3167,3130,3084,-1,3084,3130,3129,-1,3084,3129,3082,-1,3082,3129,3128,-1,3083,3168,3084,-1,3084,3168,3169,-1,3084,3169,3167,-1,3167,3169,3170,-1,3167,3170,3166,-1,3166,3170,3171,-1,3166,3171,3165,-1,3165,3171,3172,-1,3165,3172,3164,-1,3164,3172,3173,-1,3164,3173,3163,-1,3163,3173,3174,-1,3163,3174,3162,-1,3162,3174,3175,-1,3162,3175,3161,-1,3161,3175,3176,-1,3161,3176,3160,-1,3160,3176,3177,-1,3160,3177,3159,-1,3159,3177,3178,-1,3159,3178,3158,-1,3158,3178,3179,-1,3158,3179,3157,-1,3157,3179,3180,-1,3157,3180,3156,-1,3156,3180,3181,-1,3156,3181,3155,-1,3155,3181,3182,-1,3155,3182,3154,-1,3154,3182,3183,-1,3154,3183,3153,-1,3153,3183,3184,-1,3153,3184,3152,-1,3152,3184,3185,-1,3152,3185,3151,-1,3151,3185,3186,-1,3151,3186,3150,-1,3150,3186,3187,-1,3150,3187,3149,-1,3149,3187,3066,-1,3149,3066,3148,-1,3148,3066,3065,-1,3188,3064,3189,-1,3189,3064,3066,-1,3189,3066,3190,-1,3190,3066,3187,-1,3190,3187,3191,-1,3191,3187,3186,-1,3191,3186,3192,-1,3192,3186,3185,-1,3192,3185,3193,-1,3193,3185,3184,-1,3193,3184,3194,-1,3194,3184,3183,-1,3194,3183,3195,-1,3195,3183,3182,-1,3195,3182,3196,-1,3196,3182,3181,-1,3196,3181,3197,-1,3197,3181,3180,-1,3197,3180,3198,-1,3198,3180,3179,-1,3198,3179,3199,-1,3199,3179,3178,-1,3199,3178,3200,-1,3200,3178,3177,-1,3200,3177,3201,-1,3201,3177,3176,-1,3201,3176,3202,-1,3202,3176,3175,-1,3202,3175,3203,-1,3203,3175,3174,-1,3203,3174,3204,-1,3204,3174,3173,-1,3204,3173,3205,-1,3205,3173,3172,-1,3205,3172,3206,-1,3206,3172,3171,-1,3206,3171,3207,-1,3207,3171,3170,-1,3207,3170,3081,-1,3081,3170,3169,-1,3081,3169,3079,-1,3079,3169,3168,-1,3080,3208,3081,-1,3081,3208,3209,-1,3081,3209,3207,-1,3207,3209,3210,-1,3207,3210,3206,-1,3206,3210,3211,-1,3206,3211,3205,-1,3205,3211,3212,-1,3205,3212,3204,-1,3204,3212,3213,-1,3204,3213,3203,-1,3203,3213,3214,-1,3203,3214,3202,-1,3202,3214,3215,-1,3202,3215,3201,-1,3201,3215,3216,-1,3201,3216,3200,-1,3200,3216,3217,-1,3200,3217,3199,-1,3199,3217,3218,-1,3199,3218,3198,-1,3198,3218,3219,-1,3198,3219,3197,-1,3197,3219,3220,-1,3197,3220,3196,-1,3196,3220,3221,-1,3196,3221,3195,-1,3195,3221,3222,-1,3195,3222,3194,-1,3194,3222,3223,-1,3194,3223,3193,-1,3193,3223,3224,-1,3193,3224,3192,-1,3192,3224,3225,-1,3192,3225,3191,-1,3191,3225,3226,-1,3191,3226,3190,-1,3190,3226,3227,-1,3190,3227,3189,-1,3189,3227,3063,-1,3189,3063,3188,-1,3188,3063,3062,-1,3228,3061,3229,-1,3229,3061,3063,-1,3229,3063,3230,-1,3230,3063,3227,-1,3230,3227,3231,-1,3231,3227,3226,-1,3231,3226,3232,-1,3232,3226,3225,-1,3232,3225,3233,-1,3233,3225,3224,-1,3233,3224,3234,-1,3234,3224,3223,-1,3234,3223,3235,-1,3235,3223,3222,-1,3235,3222,3236,-1,3236,3222,3221,-1,3236,3221,3237,-1,3237,3221,3220,-1,3237,3220,3238,-1,3238,3220,3219,-1,3238,3219,3239,-1,3239,3219,3218,-1,3239,3218,3240,-1,3240,3218,3217,-1,3240,3217,3241,-1,3241,3217,3216,-1,3241,3216,3242,-1,3242,3216,3215,-1,3242,3215,3243,-1,3243,3215,3214,-1,3243,3214,3244,-1,3244,3214,3213,-1,3244,3213,3245,-1,3245,3213,3212,-1,3245,3212,3246,-1,3246,3212,3211,-1,3246,3211,3247,-1,3247,3211,3210,-1,3247,3210,3078,-1,3078,3210,3209,-1,3078,3209,3076,-1,3076,3209,3208,-1,3077,3248,3078,-1,3078,3248,3249,-1,3078,3249,3247,-1,3247,3249,3250,-1,3247,3250,3246,-1,3246,3250,3251,-1,3246,3251,3245,-1,3245,3251,3252,-1,3245,3252,3244,-1,3244,3252,3253,-1,3244,3253,3243,-1,3243,3253,3254,-1,3243,3254,3242,-1,3242,3254,3255,-1,3242,3255,3241,-1,3241,3255,3256,-1,3241,3256,3240,-1,3240,3256,3257,-1,3240,3257,3239,-1,3239,3257,3258,-1,3239,3258,3238,-1,3238,3258,3259,-1,3238,3259,3237,-1,3237,3259,3260,-1,3237,3260,3236,-1,3236,3260,3261,-1,3236,3261,3235,-1,3235,3261,3262,-1,3235,3262,3234,-1,3234,3262,3263,-1,3234,3263,3233,-1,3233,3263,3264,-1,3233,3264,3232,-1,3232,3264,3265,-1,3232,3265,3231,-1,3231,3265,3266,-1,3231,3266,3230,-1,3230,3266,3267,-1,3230,3267,3229,-1,3229,3267,3060,-1,3229,3060,3228,-1,3228,3060,3059,-1,3268,3058,3269,-1,3269,3058,3060,-1,3269,3060,3270,-1,3270,3060,3267,-1,3270,3267,3271,-1,3271,3267,3266,-1,3271,3266,3272,-1,3272,3266,3265,-1,3272,3265,3273,-1,3273,3265,3264,-1,3273,3264,3274,-1,3274,3264,3263,-1,3274,3263,3275,-1,3275,3263,3262,-1,3275,3262,3276,-1,3276,3262,3261,-1,3276,3261,3277,-1,3277,3261,3260,-1,3277,3260,3278,-1,3278,3260,3259,-1,3278,3259,3279,-1,3279,3259,3258,-1,3279,3258,3280,-1,3280,3258,3257,-1,3280,3257,3281,-1,3281,3257,3256,-1,3281,3256,3282,-1,3282,3256,3255,-1,3282,3255,3283,-1,3283,3255,3254,-1,3283,3254,3284,-1,3284,3254,3253,-1,3284,3253,3285,-1,3285,3253,3252,-1,3285,3252,3286,-1,3286,3252,3251,-1,3286,3251,3287,-1,3287,3251,3250,-1,3287,3250,3075,-1,3075,3250,3249,-1,3075,3249,3073,-1,3073,3249,3248,-1,3074,3057,3075,-1,3075,3057,3056,-1,3075,3056,3287,-1,3287,3056,3055,-1,3287,3055,3286,-1,3286,3055,3054,-1,3286,3054,3285,-1,3285,3054,3053,-1,3285,3053,3284,-1,3284,3053,3052,-1,3284,3052,3283,-1,3283,3052,3051,-1,3283,3051,3282,-1,3282,3051,3050,-1,3282,3050,3281,-1,3281,3050,3049,-1,3281,3049,3280,-1,3280,3049,3048,-1,3280,3048,3279,-1,3279,3048,3047,-1,3279,3047,3278,-1,3278,3047,3046,-1,3278,3046,3277,-1,3277,3046,3045,-1,3277,3045,3276,-1,3276,3045,3044,-1,3276,3044,3275,-1,3275,3044,3043,-1,3275,3043,3274,-1,3274,3043,3042,-1,3274,3042,3273,-1,3273,3042,3041,-1,3273,3041,3272,-1,3272,3041,3040,-1,3272,3040,3271,-1,3271,3040,3039,-1,3271,3039,3270,-1,3270,3039,3038,-1,3270,3038,3269,-1,3269,3038,3037,-1,3269,3037,3268,-1,3268,3037,3036,-1,3288,3289,3290,-1,3291,3292,3293,-1,3294,3295,3296,-1,3297,3298,3299,-1,3300,3301,3302,-1,3303,3304,3305,-1,3306,3307,3308,-1,3309,3310,3311,-1,3312,3313,3314,-1,3315,3316,3317,-1,3318,3319,3320,-1,3320,3319,3321,-1,3320,3321,3322,-1,3322,3321,3323,-1,3322,3323,3324,-1,3324,3323,3325,-1,3324,3325,3326,-1,3326,3325,3327,-1,3326,3327,3328,-1,3328,3327,3329,-1,3328,3329,3330,-1,3330,3329,3331,-1,3330,3331,3332,-1,3332,3331,3333,-1,3332,3333,3334,-1,3334,3333,3335,-1,3334,3335,3336,-1,3336,3335,3337,-1,3336,3337,3338,-1,3338,3337,3339,-1,3338,3339,3340,-1,3340,3339,3341,-1,3340,3341,3342,-1,3342,3341,3343,-1,3342,3343,3344,-1,3344,3343,3345,-1,3344,3345,3346,-1,3346,3345,3347,-1,3346,3347,3348,-1,3348,3347,3349,-1,3348,3349,3350,-1,3350,3349,3351,-1,3350,3351,3352,-1,3352,3351,3353,-1,3352,3353,3354,-1,3354,3353,3355,-1,3354,3355,3356,-1,3356,3355,3357,-1,3356,3357,3358,-1,3358,3357,3302,-1,3358,3302,3359,-1,3359,3302,3301,-1,3360,3300,3361,-1,3361,3300,3302,-1,3361,3302,3362,-1,3362,3302,3357,-1,3362,3357,3363,-1,3363,3357,3355,-1,3363,3355,3364,-1,3364,3355,3353,-1,3364,3353,3365,-1,3365,3353,3351,-1,3365,3351,3366,-1,3366,3351,3349,-1,3366,3349,3367,-1,3367,3349,3347,-1,3367,3347,3368,-1,3368,3347,3345,-1,3368,3345,3369,-1,3369,3345,3343,-1,3369,3343,3370,-1,3370,3343,3341,-1,3370,3341,3371,-1,3371,3341,3339,-1,3371,3339,3372,-1,3372,3339,3337,-1,3372,3337,3373,-1,3373,3337,3335,-1,3373,3335,3374,-1,3374,3335,3333,-1,3374,3333,3375,-1,3375,3333,3331,-1,3375,3331,3376,-1,3376,3331,3329,-1,3376,3329,3377,-1,3377,3329,3327,-1,3377,3327,3378,-1,3378,3327,3325,-1,3378,3325,3379,-1,3379,3325,3323,-1,3379,3323,3317,-1,3317,3323,3321,-1,3317,3321,3315,-1,3315,3321,3319,-1,3316,3380,3317,-1,3317,3380,3381,-1,3317,3381,3379,-1,3379,3381,3382,-1,3379,3382,3378,-1,3378,3382,3383,-1,3378,3383,3377,-1,3377,3383,3384,-1,3377,3384,3376,-1,3376,3384,3385,-1,3376,3385,3375,-1,3375,3385,3386,-1,3375,3386,3374,-1,3374,3386,3387,-1,3374,3387,3373,-1,3373,3387,3388,-1,3373,3388,3372,-1,3372,3388,3389,-1,3372,3389,3371,-1,3371,3389,3390,-1,3371,3390,3370,-1,3370,3390,3391,-1,3370,3391,3369,-1,3369,3391,3392,-1,3369,3392,3368,-1,3368,3392,3393,-1,3368,3393,3367,-1,3367,3393,3394,-1,3367,3394,3366,-1,3366,3394,3395,-1,3366,3395,3365,-1,3365,3395,3396,-1,3365,3396,3364,-1,3364,3396,3397,-1,3364,3397,3363,-1,3363,3397,3398,-1,3363,3398,3362,-1,3362,3398,3399,-1,3362,3399,3361,-1,3361,3399,3299,-1,3361,3299,3360,-1,3360,3299,3298,-1,3400,3297,3401,-1,3401,3297,3299,-1,3401,3299,3402,-1,3402,3299,3399,-1,3402,3399,3403,-1,3403,3399,3398,-1,3403,3398,3404,-1,3404,3398,3397,-1,3404,3397,3405,-1,3405,3397,3396,-1,3405,3396,3406,-1,3406,3396,3395,-1,3406,3395,3407,-1,3407,3395,3394,-1,3407,3394,3408,-1,3408,3394,3393,-1,3408,3393,3409,-1,3409,3393,3392,-1,3409,3392,3410,-1,3410,3392,3391,-1,3410,3391,3411,-1,3411,3391,3390,-1,3411,3390,3412,-1,3412,3390,3389,-1,3412,3389,3413,-1,3413,3389,3388,-1,3413,3388,3414,-1,3414,3388,3387,-1,3414,3387,3415,-1,3415,3387,3386,-1,3415,3386,3416,-1,3416,3386,3385,-1,3416,3385,3417,-1,3417,3385,3384,-1,3417,3384,3418,-1,3418,3384,3383,-1,3418,3383,3419,-1,3419,3383,3382,-1,3419,3382,3314,-1,3314,3382,3381,-1,3314,3381,3312,-1,3312,3381,3380,-1,3313,3420,3314,-1,3314,3420,3421,-1,3314,3421,3419,-1,3419,3421,3422,-1,3419,3422,3418,-1,3418,3422,3423,-1,3418,3423,3417,-1,3417,3423,3424,-1,3417,3424,3416,-1,3416,3424,3425,-1,3416,3425,3415,-1,3415,3425,3426,-1,3415,3426,3414,-1,3414,3426,3427,-1,3414,3427,3413,-1,3413,3427,3428,-1,3413,3428,3412,-1,3412,3428,3429,-1,3412,3429,3411,-1,3411,3429,3430,-1,3411,3430,3410,-1,3410,3430,3431,-1,3410,3431,3409,-1,3409,3431,3432,-1,3409,3432,3408,-1,3408,3432,3433,-1,3408,3433,3407,-1,3407,3433,3434,-1,3407,3434,3406,-1,3406,3434,3435,-1,3406,3435,3405,-1,3405,3435,3436,-1,3405,3436,3404,-1,3404,3436,3437,-1,3404,3437,3403,-1,3403,3437,3438,-1,3403,3438,3402,-1,3402,3438,3439,-1,3402,3439,3401,-1,3401,3439,3296,-1,3401,3296,3400,-1,3400,3296,3295,-1,3440,3294,3441,-1,3441,3294,3296,-1,3441,3296,3442,-1,3442,3296,3439,-1,3442,3439,3443,-1,3443,3439,3438,-1,3443,3438,3444,-1,3444,3438,3437,-1,3444,3437,3445,-1,3445,3437,3436,-1,3445,3436,3446,-1,3446,3436,3435,-1,3446,3435,3447,-1,3447,3435,3434,-1,3447,3434,3448,-1,3448,3434,3433,-1,3448,3433,3449,-1,3449,3433,3432,-1,3449,3432,3450,-1,3450,3432,3431,-1,3450,3431,3451,-1,3451,3431,3430,-1,3451,3430,3452,-1,3452,3430,3429,-1,3452,3429,3453,-1,3453,3429,3428,-1,3453,3428,3454,-1,3454,3428,3427,-1,3454,3427,3455,-1,3455,3427,3426,-1,3455,3426,3456,-1,3456,3426,3425,-1,3456,3425,3457,-1,3457,3425,3424,-1,3457,3424,3458,-1,3458,3424,3423,-1,3458,3423,3459,-1,3459,3423,3422,-1,3459,3422,3311,-1,3311,3422,3421,-1,3311,3421,3309,-1,3309,3421,3420,-1,3310,3460,3311,-1,3311,3460,3461,-1,3311,3461,3459,-1,3459,3461,3462,-1,3459,3462,3458,-1,3458,3462,3463,-1,3458,3463,3457,-1,3457,3463,3464,-1,3457,3464,3456,-1,3456,3464,3465,-1,3456,3465,3455,-1,3455,3465,3466,-1,3455,3466,3454,-1,3454,3466,3467,-1,3454,3467,3453,-1,3453,3467,3468,-1,3453,3468,3452,-1,3452,3468,3469,-1,3452,3469,3451,-1,3451,3469,3470,-1,3451,3470,3450,-1,3450,3470,3471,-1,3450,3471,3449,-1,3449,3471,3472,-1,3449,3472,3448,-1,3448,3472,3473,-1,3448,3473,3447,-1,3447,3473,3474,-1,3447,3474,3446,-1,3446,3474,3475,-1,3446,3475,3445,-1,3445,3475,3476,-1,3445,3476,3444,-1,3444,3476,3477,-1,3444,3477,3443,-1,3443,3477,3478,-1,3443,3478,3442,-1,3442,3478,3479,-1,3442,3479,3441,-1,3441,3479,3293,-1,3441,3293,3440,-1,3440,3293,3292,-1,3480,3291,3481,-1,3481,3291,3293,-1,3481,3293,3482,-1,3482,3293,3479,-1,3482,3479,3483,-1,3483,3479,3478,-1,3483,3478,3484,-1,3484,3478,3477,-1,3484,3477,3485,-1,3485,3477,3476,-1,3485,3476,3486,-1,3486,3476,3475,-1,3486,3475,3487,-1,3487,3475,3474,-1,3487,3474,3488,-1,3488,3474,3473,-1,3488,3473,3489,-1,3489,3473,3472,-1,3489,3472,3490,-1,3490,3472,3471,-1,3490,3471,3491,-1,3491,3471,3470,-1,3491,3470,3492,-1,3492,3470,3469,-1,3492,3469,3493,-1,3493,3469,3468,-1,3493,3468,3494,-1,3494,3468,3467,-1,3494,3467,3495,-1,3495,3467,3466,-1,3495,3466,3496,-1,3496,3466,3465,-1,3496,3465,3497,-1,3497,3465,3464,-1,3497,3464,3498,-1,3498,3464,3463,-1,3498,3463,3499,-1,3499,3463,3462,-1,3499,3462,3308,-1,3308,3462,3461,-1,3308,3461,3306,-1,3306,3461,3460,-1,3307,3500,3308,-1,3308,3500,3501,-1,3308,3501,3499,-1,3499,3501,3502,-1,3499,3502,3498,-1,3498,3502,3503,-1,3498,3503,3497,-1,3497,3503,3504,-1,3497,3504,3496,-1,3496,3504,3505,-1,3496,3505,3495,-1,3495,3505,3506,-1,3495,3506,3494,-1,3494,3506,3507,-1,3494,3507,3493,-1,3493,3507,3508,-1,3493,3508,3492,-1,3492,3508,3509,-1,3492,3509,3491,-1,3491,3509,3510,-1,3491,3510,3490,-1,3490,3510,3511,-1,3490,3511,3489,-1,3489,3511,3512,-1,3489,3512,3488,-1,3488,3512,3513,-1,3488,3513,3487,-1,3487,3513,3514,-1,3487,3514,3486,-1,3486,3514,3515,-1,3486,3515,3485,-1,3485,3515,3516,-1,3485,3516,3484,-1,3484,3516,3517,-1,3484,3517,3483,-1,3483,3517,3518,-1,3483,3518,3482,-1,3482,3518,3519,-1,3482,3519,3481,-1,3481,3519,3290,-1,3481,3290,3480,-1,3480,3290,3289,-1,3520,3288,3521,-1,3521,3288,3290,-1,3521,3290,3522,-1,3522,3290,3519,-1,3522,3519,3523,-1,3523,3519,3518,-1,3523,3518,3524,-1,3524,3518,3517,-1,3524,3517,3525,-1,3525,3517,3516,-1,3525,3516,3526,-1,3526,3516,3515,-1,3526,3515,3527,-1,3527,3515,3514,-1,3527,3514,3528,-1,3528,3514,3513,-1,3528,3513,3529,-1,3529,3513,3512,-1,3529,3512,3530,-1,3530,3512,3511,-1,3530,3511,3531,-1,3531,3511,3510,-1,3531,3510,3532,-1,3532,3510,3509,-1,3532,3509,3533,-1,3533,3509,3508,-1,3533,3508,3534,-1,3534,3508,3507,-1,3534,3507,3535,-1,3535,3507,3506,-1,3535,3506,3536,-1,3536,3506,3505,-1,3536,3505,3537,-1,3537,3505,3504,-1,3537,3504,3538,-1,3538,3504,3503,-1,3538,3503,3539,-1,3539,3503,3502,-1,3539,3502,3305,-1,3305,3502,3501,-1,3305,3501,3303,-1,3303,3501,3500,-1,3304,3540,3305,-1,3305,3540,3541,-1,3305,3541,3539,-1,3539,3541,3542,-1,3539,3542,3538,-1,3538,3542,3543,-1,3538,3543,3537,-1,3537,3543,3544,-1,3537,3544,3536,-1,3536,3544,3545,-1,3536,3545,3535,-1,3535,3545,3546,-1,3535,3546,3534,-1,3534,3546,3547,-1,3534,3547,3533,-1,3533,3547,3548,-1,3533,3548,3532,-1,3532,3548,3549,-1,3532,3549,3531,-1,3531,3549,3550,-1,3531,3550,3530,-1,3530,3550,3551,-1,3530,3551,3529,-1,3529,3551,3552,-1,3529,3552,3528,-1,3528,3552,3553,-1,3528,3553,3527,-1,3527,3553,3554,-1,3527,3554,3526,-1,3526,3554,3555,-1,3526,3555,3525,-1,3525,3555,3556,-1,3525,3556,3524,-1,3524,3556,3557,-1,3524,3557,3523,-1,3523,3557,3558,-1,3523,3558,3522,-1,3522,3558,3559,-1,3522,3559,3521,-1,3521,3559,3560,-1,3521,3560,3520,-1,3520,3560,3561,-1,3562,3561,3560,-1,3562,3560,3563,-1,3563,3560,3559,-1,3563,3559,3564,-1,3564,3559,3558,-1,3564,3558,3565,-1,3565,3558,3557,-1,3565,3557,3566,-1,3566,3557,3556,-1,3566,3556,3567,-1,3567,3556,3555,-1,3567,3555,3568,-1,3568,3555,3554,-1,3568,3554,3569,-1,3569,3554,3553,-1,3569,3553,3570,-1,3570,3553,3552,-1,3570,3552,3571,-1,3571,3552,3551,-1,3571,3551,3572,-1,3572,3551,3550,-1,3572,3550,3573,-1,3573,3550,3549,-1,3573,3549,3574,-1,3574,3549,3548,-1,3574,3548,3575,-1,3575,3548,3547,-1,3575,3547,3576,-1,3576,3547,3546,-1,3576,3546,3577,-1,3577,3546,3545,-1,3577,3545,3578,-1,3578,3545,3544,-1,3578,3544,3579,-1,3579,3544,3543,-1,3579,3543,3580,-1,3580,3543,3542,-1,3580,3542,3581,-1,3581,3542,3541,-1,3581,3541,3582,-1,3582,3541,3540,-1,3582,3540,3583,-1,3584,3585,3586,-1,3587,3588,3589,-1,3590,3591,3592,-1,3593,3594,3595,-1,3596,3597,3598,-1,3599,3600,3601,-1,3602,3603,3604,-1,3605,3606,3607,-1,3608,3609,3610,-1,3611,3612,3613,-1,3583,3614,3582,-1,3582,3614,3615,-1,3582,3615,3581,-1,3581,3615,3616,-1,3581,3616,3580,-1,3580,3616,3617,-1,3580,3617,3579,-1,3579,3617,3618,-1,3579,3618,3578,-1,3578,3618,3619,-1,3578,3619,3577,-1,3577,3619,3620,-1,3577,3620,3576,-1,3576,3620,3621,-1,3576,3621,3575,-1,3575,3621,3622,-1,3575,3622,3574,-1,3574,3622,3623,-1,3574,3623,3573,-1,3573,3623,3624,-1,3573,3624,3572,-1,3572,3624,3625,-1,3572,3625,3571,-1,3571,3625,3626,-1,3571,3626,3570,-1,3570,3626,3627,-1,3570,3627,3569,-1,3569,3627,3628,-1,3569,3628,3568,-1,3568,3628,3629,-1,3568,3629,3567,-1,3567,3629,3630,-1,3567,3630,3566,-1,3566,3630,3631,-1,3566,3631,3565,-1,3565,3631,3632,-1,3565,3632,3564,-1,3564,3632,3633,-1,3564,3633,3563,-1,3563,3633,3598,-1,3563,3598,3562,-1,3562,3598,3597,-1,3634,3596,3635,-1,3635,3596,3598,-1,3635,3598,3636,-1,3636,3598,3633,-1,3636,3633,3637,-1,3637,3633,3632,-1,3637,3632,3638,-1,3638,3632,3631,-1,3638,3631,3639,-1,3639,3631,3630,-1,3639,3630,3640,-1,3640,3630,3629,-1,3640,3629,3641,-1,3641,3629,3628,-1,3641,3628,3642,-1,3642,3628,3627,-1,3642,3627,3643,-1,3643,3627,3626,-1,3643,3626,3644,-1,3644,3626,3625,-1,3644,3625,3645,-1,3645,3625,3624,-1,3645,3624,3646,-1,3646,3624,3623,-1,3646,3623,3647,-1,3647,3623,3622,-1,3647,3622,3648,-1,3648,3622,3621,-1,3648,3621,3649,-1,3649,3621,3620,-1,3649,3620,3650,-1,3650,3620,3619,-1,3650,3619,3651,-1,3651,3619,3618,-1,3651,3618,3652,-1,3652,3618,3617,-1,3652,3617,3653,-1,3653,3617,3616,-1,3653,3616,3613,-1,3613,3616,3615,-1,3613,3615,3611,-1,3611,3615,3614,-1,3612,3654,3613,-1,3613,3654,3655,-1,3613,3655,3653,-1,3653,3655,3656,-1,3653,3656,3652,-1,3652,3656,3657,-1,3652,3657,3651,-1,3651,3657,3658,-1,3651,3658,3650,-1,3650,3658,3659,-1,3650,3659,3649,-1,3649,3659,3660,-1,3649,3660,3648,-1,3648,3660,3661,-1,3648,3661,3647,-1,3647,3661,3662,-1,3647,3662,3646,-1,3646,3662,3663,-1,3646,3663,3645,-1,3645,3663,3664,-1,3645,3664,3644,-1,3644,3664,3665,-1,3644,3665,3643,-1,3643,3665,3666,-1,3643,3666,3642,-1,3642,3666,3667,-1,3642,3667,3641,-1,3641,3667,3668,-1,3641,3668,3640,-1,3640,3668,3669,-1,3640,3669,3639,-1,3639,3669,3670,-1,3639,3670,3638,-1,3638,3670,3671,-1,3638,3671,3637,-1,3637,3671,3672,-1,3637,3672,3636,-1,3636,3672,3673,-1,3636,3673,3635,-1,3635,3673,3595,-1,3635,3595,3634,-1,3634,3595,3594,-1,3674,3593,3675,-1,3675,3593,3595,-1,3675,3595,3676,-1,3676,3595,3673,-1,3676,3673,3677,-1,3677,3673,3672,-1,3677,3672,3678,-1,3678,3672,3671,-1,3678,3671,3679,-1,3679,3671,3670,-1,3679,3670,3680,-1,3680,3670,3669,-1,3680,3669,3681,-1,3681,3669,3668,-1,3681,3668,3682,-1,3682,3668,3667,-1,3682,3667,3683,-1,3683,3667,3666,-1,3683,3666,3684,-1,3684,3666,3665,-1,3684,3665,3685,-1,3685,3665,3664,-1,3685,3664,3686,-1,3686,3664,3663,-1,3686,3663,3687,-1,3687,3663,3662,-1,3687,3662,3688,-1,3688,3662,3661,-1,3688,3661,3689,-1,3689,3661,3660,-1,3689,3660,3690,-1,3690,3660,3659,-1,3690,3659,3691,-1,3691,3659,3658,-1,3691,3658,3692,-1,3692,3658,3657,-1,3692,3657,3693,-1,3693,3657,3656,-1,3693,3656,3610,-1,3610,3656,3655,-1,3610,3655,3608,-1,3608,3655,3654,-1,3609,3694,3610,-1,3610,3694,3695,-1,3610,3695,3693,-1,3693,3695,3696,-1,3693,3696,3692,-1,3692,3696,3697,-1,3692,3697,3691,-1,3691,3697,3698,-1,3691,3698,3690,-1,3690,3698,3699,-1,3690,3699,3689,-1,3689,3699,3700,-1,3689,3700,3688,-1,3688,3700,3701,-1,3688,3701,3687,-1,3687,3701,3702,-1,3687,3702,3686,-1,3686,3702,3703,-1,3686,3703,3685,-1,3685,3703,3704,-1,3685,3704,3684,-1,3684,3704,3705,-1,3684,3705,3683,-1,3683,3705,3706,-1,3683,3706,3682,-1,3682,3706,3707,-1,3682,3707,3681,-1,3681,3707,3708,-1,3681,3708,3680,-1,3680,3708,3709,-1,3680,3709,3679,-1,3679,3709,3710,-1,3679,3710,3678,-1,3678,3710,3711,-1,3678,3711,3677,-1,3677,3711,3712,-1,3677,3712,3676,-1,3676,3712,3713,-1,3676,3713,3675,-1,3675,3713,3592,-1,3675,3592,3674,-1,3674,3592,3591,-1,3714,3590,3715,-1,3715,3590,3592,-1,3715,3592,3716,-1,3716,3592,3713,-1,3716,3713,3717,-1,3717,3713,3712,-1,3717,3712,3718,-1,3718,3712,3711,-1,3718,3711,3719,-1,3719,3711,3710,-1,3719,3710,3720,-1,3720,3710,3709,-1,3720,3709,3721,-1,3721,3709,3708,-1,3721,3708,3722,-1,3722,3708,3707,-1,3722,3707,3723,-1,3723,3707,3706,-1,3723,3706,3724,-1,3724,3706,3705,-1,3724,3705,3725,-1,3725,3705,3704,-1,3725,3704,3726,-1,3726,3704,3703,-1,3726,3703,3727,-1,3727,3703,3702,-1,3727,3702,3728,-1,3728,3702,3701,-1,3728,3701,3729,-1,3729,3701,3700,-1,3729,3700,3730,-1,3730,3700,3699,-1,3730,3699,3731,-1,3731,3699,3698,-1,3731,3698,3732,-1,3732,3698,3697,-1,3732,3697,3733,-1,3733,3697,3696,-1,3733,3696,3607,-1,3607,3696,3695,-1,3607,3695,3605,-1,3605,3695,3694,-1,3606,3734,3607,-1,3607,3734,3735,-1,3607,3735,3733,-1,3733,3735,3736,-1,3733,3736,3732,-1,3732,3736,3737,-1,3732,3737,3731,-1,3731,3737,3738,-1,3731,3738,3730,-1,3730,3738,3739,-1,3730,3739,3729,-1,3729,3739,3740,-1,3729,3740,3728,-1,3728,3740,3741,-1,3728,3741,3727,-1,3727,3741,3742,-1,3727,3742,3726,-1,3726,3742,3743,-1,3726,3743,3725,-1,3725,3743,3744,-1,3725,3744,3724,-1,3724,3744,3745,-1,3724,3745,3723,-1,3723,3745,3746,-1,3723,3746,3722,-1,3722,3746,3747,-1,3722,3747,3721,-1,3721,3747,3748,-1,3721,3748,3720,-1,3720,3748,3749,-1,3720,3749,3719,-1,3719,3749,3750,-1,3719,3750,3718,-1,3718,3750,3751,-1,3718,3751,3717,-1,3717,3751,3752,-1,3717,3752,3716,-1,3716,3752,3753,-1,3716,3753,3715,-1,3715,3753,3589,-1,3715,3589,3714,-1,3714,3589,3588,-1,3754,3587,3755,-1,3755,3587,3589,-1,3755,3589,3756,-1,3756,3589,3753,-1,3756,3753,3757,-1,3757,3753,3752,-1,3757,3752,3758,-1,3758,3752,3751,-1,3758,3751,3759,-1,3759,3751,3750,-1,3759,3750,3760,-1,3760,3750,3749,-1,3760,3749,3761,-1,3761,3749,3748,-1,3761,3748,3762,-1,3762,3748,3747,-1,3762,3747,3763,-1,3763,3747,3746,-1,3763,3746,3764,-1,3764,3746,3745,-1,3764,3745,3765,-1,3765,3745,3744,-1,3765,3744,3766,-1,3766,3744,3743,-1,3766,3743,3767,-1,3767,3743,3742,-1,3767,3742,3768,-1,3768,3742,3741,-1,3768,3741,3769,-1,3769,3741,3740,-1,3769,3740,3770,-1,3770,3740,3739,-1,3770,3739,3771,-1,3771,3739,3738,-1,3771,3738,3772,-1,3772,3738,3737,-1,3772,3737,3773,-1,3773,3737,3736,-1,3773,3736,3604,-1,3604,3736,3735,-1,3604,3735,3602,-1,3602,3735,3734,-1,3603,3774,3604,-1,3604,3774,3775,-1,3604,3775,3773,-1,3773,3775,3776,-1,3773,3776,3772,-1,3772,3776,3777,-1,3772,3777,3771,-1,3771,3777,3778,-1,3771,3778,3770,-1,3770,3778,3779,-1,3770,3779,3769,-1,3769,3779,3780,-1,3769,3780,3768,-1,3768,3780,3781,-1,3768,3781,3767,-1,3767,3781,3782,-1,3767,3782,3766,-1,3766,3782,3783,-1,3766,3783,3765,-1,3765,3783,3784,-1,3765,3784,3764,-1,3764,3784,3785,-1,3764,3785,3763,-1,3763,3785,3786,-1,3763,3786,3762,-1,3762,3786,3787,-1,3762,3787,3761,-1,3761,3787,3788,-1,3761,3788,3760,-1,3760,3788,3789,-1,3760,3789,3759,-1,3759,3789,3790,-1,3759,3790,3758,-1,3758,3790,3791,-1,3758,3791,3757,-1,3757,3791,3792,-1,3757,3792,3756,-1,3756,3792,3793,-1,3756,3793,3755,-1,3755,3793,3586,-1,3755,3586,3754,-1,3754,3586,3585,-1,3794,3584,3795,-1,3795,3584,3586,-1,3795,3586,3796,-1,3796,3586,3793,-1,3796,3793,3797,-1,3797,3793,3792,-1,3797,3792,3798,-1,3798,3792,3791,-1,3798,3791,3799,-1,3799,3791,3790,-1,3799,3790,3800,-1,3800,3790,3789,-1,3800,3789,3801,-1,3801,3789,3788,-1,3801,3788,3802,-1,3802,3788,3787,-1,3802,3787,3803,-1,3803,3787,3786,-1,3803,3786,3804,-1,3804,3786,3785,-1,3804,3785,3805,-1,3805,3785,3784,-1,3805,3784,3806,-1,3806,3784,3783,-1,3806,3783,3807,-1,3807,3783,3782,-1,3807,3782,3808,-1,3808,3782,3781,-1,3808,3781,3809,-1,3809,3781,3780,-1,3809,3780,3810,-1,3810,3780,3779,-1,3810,3779,3811,-1,3811,3779,3778,-1,3811,3778,3812,-1,3812,3778,3777,-1,3812,3777,3813,-1,3813,3777,3776,-1,3813,3776,3601,-1,3601,3776,3775,-1,3601,3775,3599,-1,3599,3775,3774,-1,3600,3814,3601,-1,3601,3814,3815,-1,3601,3815,3813,-1,3813,3815,3816,-1,3813,3816,3812,-1,3812,3816,3817,-1,3812,3817,3811,-1,3811,3817,3818,-1,3811,3818,3810,-1,3810,3818,3819,-1,3810,3819,3809,-1,3809,3819,3820,-1,3809,3820,3808,-1,3808,3820,3821,-1,3808,3821,3807,-1,3807,3821,3822,-1,3807,3822,3806,-1,3806,3822,3823,-1,3806,3823,3805,-1,3805,3823,3824,-1,3805,3824,3804,-1,3804,3824,3825,-1,3804,3825,3803,-1,3803,3825,3826,-1,3803,3826,3802,-1,3802,3826,3827,-1,3802,3827,3801,-1,3801,3827,3828,-1,3801,3828,3800,-1,3800,3828,3829,-1,3800,3829,3799,-1,3799,3829,3830,-1,3799,3830,3798,-1,3798,3830,3831,-1,3798,3831,3797,-1,3797,3831,3832,-1,3797,3832,3796,-1,3796,3832,3833,-1,3796,3833,3795,-1,3795,3833,3834,-1,3795,3834,3794,-1,3794,3834,3835,-1,3359,3836,3837,-1,3359,3837,3358,-1,3358,3837,3838,-1,3358,3838,3356,-1,3356,3838,3839,-1,3356,3839,3354,-1,3354,3839,3840,-1,3354,3840,3352,-1,3352,3840,3841,-1,3352,3841,3350,-1,3350,3841,3842,-1,3350,3842,3348,-1,3348,3842,3843,-1,3348,3843,3346,-1,3346,3843,3844,-1,3346,3844,3344,-1,3344,3844,3845,-1,3344,3845,3342,-1,3342,3845,3846,-1,3342,3846,3340,-1,3340,3846,3847,-1,3340,3847,3338,-1,3338,3847,3848,-1,3338,3848,3336,-1,3336,3848,3849,-1,3336,3849,3334,-1,3334,3849,3850,-1,3334,3850,3332,-1,3332,3850,3851,-1,3332,3851,3330,-1,3330,3851,3852,-1,3330,3852,3328,-1,3328,3852,3853,-1,3328,3853,3326,-1,3326,3853,3854,-1,3326,3854,3324,-1,3324,3854,3855,-1,3324,3855,3322,-1,3322,3855,3856,-1,3322,3856,3320,-1,3320,3856,3857,-1,3320,3857,3318,-1,3858,3835,3834,-1,3858,3834,3859,-1,3859,3834,3833,-1,3859,3833,3860,-1,3860,3833,3832,-1,3860,3832,3861,-1,3861,3832,3831,-1,3861,3831,3862,-1,3862,3831,3830,-1,3862,3830,3863,-1,3863,3830,3829,-1,3863,3829,3864,-1,3864,3829,3828,-1,3864,3828,3865,-1,3865,3828,3827,-1,3865,3827,3866,-1,3866,3827,3826,-1,3866,3826,3867,-1,3867,3826,3825,-1,3867,3825,3868,-1,3868,3825,3824,-1,3868,3824,3869,-1,3869,3824,3823,-1,3869,3823,3870,-1,3870,3823,3822,-1,3870,3822,3871,-1,3871,3822,3821,-1,3871,3821,3872,-1,3872,3821,3820,-1,3872,3820,3873,-1,3873,3820,3819,-1,3873,3819,3874,-1,3874,3819,3818,-1,3874,3818,3875,-1,3875,3818,3817,-1,3875,3817,3876,-1,3876,3817,3816,-1,3876,3816,3877,-1,3877,3816,3815,-1,3877,3815,3878,-1,3878,3815,3814,-1,3878,3814,3879,-1,3880,3881,3882,-1,3883,3884,3885,-1,3886,3887,3888,-1,3889,3890,3891,-1,3892,3893,3894,-1,3895,3896,3897,-1,3898,3899,3900,-1,3901,3902,3903,-1,3904,3905,3906,-1,3907,3908,3909,-1,3910,3911,3912,-1,3912,3911,3913,-1,3912,3913,3914,-1,3914,3913,3915,-1,3914,3915,3916,-1,3916,3915,3917,-1,3916,3917,3918,-1,3918,3917,3919,-1,3918,3919,3920,-1,3920,3919,3921,-1,3920,3921,3922,-1,3922,3921,3923,-1,3922,3923,3924,-1,3924,3923,3925,-1,3924,3925,3926,-1,3926,3925,3927,-1,3926,3927,3928,-1,3928,3927,3929,-1,3928,3929,3930,-1,3930,3929,3931,-1,3930,3931,3932,-1,3932,3931,3933,-1,3932,3933,3934,-1,3934,3933,3935,-1,3934,3935,3936,-1,3936,3935,3937,-1,3936,3937,3938,-1,3938,3937,3939,-1,3938,3939,3940,-1,3940,3939,3941,-1,3940,3941,3942,-1,3942,3941,3943,-1,3942,3943,3944,-1,3944,3943,3945,-1,3944,3945,3946,-1,3946,3945,3947,-1,3946,3947,3948,-1,3948,3947,3949,-1,3948,3949,3950,-1,3950,3949,3894,-1,3950,3894,3951,-1,3951,3894,3893,-1,3952,3892,3953,-1,3953,3892,3894,-1,3953,3894,3954,-1,3954,3894,3949,-1,3954,3949,3955,-1,3955,3949,3947,-1,3955,3947,3956,-1,3956,3947,3945,-1,3956,3945,3957,-1,3957,3945,3943,-1,3957,3943,3958,-1,3958,3943,3941,-1,3958,3941,3959,-1,3959,3941,3939,-1,3959,3939,3960,-1,3960,3939,3937,-1,3960,3937,3961,-1,3961,3937,3935,-1,3961,3935,3962,-1,3962,3935,3933,-1,3962,3933,3963,-1,3963,3933,3931,-1,3963,3931,3964,-1,3964,3931,3929,-1,3964,3929,3965,-1,3965,3929,3927,-1,3965,3927,3966,-1,3966,3927,3925,-1,3966,3925,3967,-1,3967,3925,3923,-1,3967,3923,3968,-1,3968,3923,3921,-1,3968,3921,3969,-1,3969,3921,3919,-1,3969,3919,3970,-1,3970,3919,3917,-1,3970,3917,3971,-1,3971,3917,3915,-1,3971,3915,3909,-1,3909,3915,3913,-1,3909,3913,3907,-1,3907,3913,3911,-1,3908,3972,3909,-1,3909,3972,3973,-1,3909,3973,3971,-1,3971,3973,3974,-1,3971,3974,3970,-1,3970,3974,3975,-1,3970,3975,3969,-1,3969,3975,3976,-1,3969,3976,3968,-1,3968,3976,3977,-1,3968,3977,3967,-1,3967,3977,3978,-1,3967,3978,3966,-1,3966,3978,3979,-1,3966,3979,3965,-1,3965,3979,3980,-1,3965,3980,3964,-1,3964,3980,3981,-1,3964,3981,3963,-1,3963,3981,3982,-1,3963,3982,3962,-1,3962,3982,3983,-1,3962,3983,3961,-1,3961,3983,3984,-1,3961,3984,3960,-1,3960,3984,3985,-1,3960,3985,3959,-1,3959,3985,3986,-1,3959,3986,3958,-1,3958,3986,3987,-1,3958,3987,3957,-1,3957,3987,3988,-1,3957,3988,3956,-1,3956,3988,3989,-1,3956,3989,3955,-1,3955,3989,3990,-1,3955,3990,3954,-1,3954,3990,3991,-1,3954,3991,3953,-1,3953,3991,3891,-1,3953,3891,3952,-1,3952,3891,3890,-1,3992,3889,3993,-1,3993,3889,3891,-1,3993,3891,3994,-1,3994,3891,3991,-1,3994,3991,3995,-1,3995,3991,3990,-1,3995,3990,3996,-1,3996,3990,3989,-1,3996,3989,3997,-1,3997,3989,3988,-1,3997,3988,3998,-1,3998,3988,3987,-1,3998,3987,3999,-1,3999,3987,3986,-1,3999,3986,4000,-1,4000,3986,3985,-1,4000,3985,4001,-1,4001,3985,3984,-1,4001,3984,4002,-1,4002,3984,3983,-1,4002,3983,4003,-1,4003,3983,3982,-1,4003,3982,4004,-1,4004,3982,3981,-1,4004,3981,4005,-1,4005,3981,3980,-1,4005,3980,4006,-1,4006,3980,3979,-1,4006,3979,4007,-1,4007,3979,3978,-1,4007,3978,4008,-1,4008,3978,3977,-1,4008,3977,4009,-1,4009,3977,3976,-1,4009,3976,4010,-1,4010,3976,3975,-1,4010,3975,4011,-1,4011,3975,3974,-1,4011,3974,3906,-1,3906,3974,3973,-1,3906,3973,3904,-1,3904,3973,3972,-1,3905,4012,3906,-1,3906,4012,4013,-1,3906,4013,4011,-1,4011,4013,4014,-1,4011,4014,4010,-1,4010,4014,4015,-1,4010,4015,4009,-1,4009,4015,4016,-1,4009,4016,4008,-1,4008,4016,4017,-1,4008,4017,4007,-1,4007,4017,4018,-1,4007,4018,4006,-1,4006,4018,4019,-1,4006,4019,4005,-1,4005,4019,4020,-1,4005,4020,4004,-1,4004,4020,4021,-1,4004,4021,4003,-1,4003,4021,4022,-1,4003,4022,4002,-1,4002,4022,4023,-1,4002,4023,4001,-1,4001,4023,4024,-1,4001,4024,4000,-1,4000,4024,4025,-1,4000,4025,3999,-1,3999,4025,4026,-1,3999,4026,3998,-1,3998,4026,4027,-1,3998,4027,3997,-1,3997,4027,4028,-1,3997,4028,3996,-1,3996,4028,4029,-1,3996,4029,3995,-1,3995,4029,4030,-1,3995,4030,3994,-1,3994,4030,4031,-1,3994,4031,3993,-1,3993,4031,3888,-1,3993,3888,3992,-1,3992,3888,3887,-1,4032,3886,4033,-1,4033,3886,3888,-1,4033,3888,4034,-1,4034,3888,4031,-1,4034,4031,4035,-1,4035,4031,4030,-1,4035,4030,4036,-1,4036,4030,4029,-1,4036,4029,4037,-1,4037,4029,4028,-1,4037,4028,4038,-1,4038,4028,4027,-1,4038,4027,4039,-1,4039,4027,4026,-1,4039,4026,4040,-1,4040,4026,4025,-1,4040,4025,4041,-1,4041,4025,4024,-1,4041,4024,4042,-1,4042,4024,4023,-1,4042,4023,4043,-1,4043,4023,4022,-1,4043,4022,4044,-1,4044,4022,4021,-1,4044,4021,4045,-1,4045,4021,4020,-1,4045,4020,4046,-1,4046,4020,4019,-1,4046,4019,4047,-1,4047,4019,4018,-1,4047,4018,4048,-1,4048,4018,4017,-1,4048,4017,4049,-1,4049,4017,4016,-1,4049,4016,4050,-1,4050,4016,4015,-1,4050,4015,4051,-1,4051,4015,4014,-1,4051,4014,3903,-1,3903,4014,4013,-1,3903,4013,3901,-1,3901,4013,4012,-1,3902,4052,3903,-1,3903,4052,4053,-1,3903,4053,4051,-1,4051,4053,4054,-1,4051,4054,4050,-1,4050,4054,4055,-1,4050,4055,4049,-1,4049,4055,4056,-1,4049,4056,4048,-1,4048,4056,4057,-1,4048,4057,4047,-1,4047,4057,4058,-1,4047,4058,4046,-1,4046,4058,4059,-1,4046,4059,4045,-1,4045,4059,4060,-1,4045,4060,4044,-1,4044,4060,4061,-1,4044,4061,4043,-1,4043,4061,4062,-1,4043,4062,4042,-1,4042,4062,4063,-1,4042,4063,4041,-1,4041,4063,4064,-1,4041,4064,4040,-1,4040,4064,4065,-1,4040,4065,4039,-1,4039,4065,4066,-1,4039,4066,4038,-1,4038,4066,4067,-1,4038,4067,4037,-1,4037,4067,4068,-1,4037,4068,4036,-1,4036,4068,4069,-1,4036,4069,4035,-1,4035,4069,4070,-1,4035,4070,4034,-1,4034,4070,4071,-1,4034,4071,4033,-1,4033,4071,3885,-1,4033,3885,4032,-1,4032,3885,3884,-1,4072,3883,4073,-1,4073,3883,3885,-1,4073,3885,4074,-1,4074,3885,4071,-1,4074,4071,4075,-1,4075,4071,4070,-1,4075,4070,4076,-1,4076,4070,4069,-1,4076,4069,4077,-1,4077,4069,4068,-1,4077,4068,4078,-1,4078,4068,4067,-1,4078,4067,4079,-1,4079,4067,4066,-1,4079,4066,4080,-1,4080,4066,4065,-1,4080,4065,4081,-1,4081,4065,4064,-1,4081,4064,4082,-1,4082,4064,4063,-1,4082,4063,4083,-1,4083,4063,4062,-1,4083,4062,4084,-1,4084,4062,4061,-1,4084,4061,4085,-1,4085,4061,4060,-1,4085,4060,4086,-1,4086,4060,4059,-1,4086,4059,4087,-1,4087,4059,4058,-1,4087,4058,4088,-1,4088,4058,4057,-1,4088,4057,4089,-1,4089,4057,4056,-1,4089,4056,4090,-1,4090,4056,4055,-1,4090,4055,4091,-1,4091,4055,4054,-1,4091,4054,3900,-1,3900,4054,4053,-1,3900,4053,3898,-1,3898,4053,4052,-1,3899,4092,3900,-1,3900,4092,4093,-1,3900,4093,4091,-1,4091,4093,4094,-1,4091,4094,4090,-1,4090,4094,4095,-1,4090,4095,4089,-1,4089,4095,4096,-1,4089,4096,4088,-1,4088,4096,4097,-1,4088,4097,4087,-1,4087,4097,4098,-1,4087,4098,4086,-1,4086,4098,4099,-1,4086,4099,4085,-1,4085,4099,4100,-1,4085,4100,4084,-1,4084,4100,4101,-1,4084,4101,4083,-1,4083,4101,4102,-1,4083,4102,4082,-1,4082,4102,4103,-1,4082,4103,4081,-1,4081,4103,4104,-1,4081,4104,4080,-1,4080,4104,4105,-1,4080,4105,4079,-1,4079,4105,4106,-1,4079,4106,4078,-1,4078,4106,4107,-1,4078,4107,4077,-1,4077,4107,4108,-1,4077,4108,4076,-1,4076,4108,4109,-1,4076,4109,4075,-1,4075,4109,4110,-1,4075,4110,4074,-1,4074,4110,4111,-1,4074,4111,4073,-1,4073,4111,3882,-1,4073,3882,4072,-1,4072,3882,3881,-1,4112,3880,4113,-1,4113,3880,3882,-1,4113,3882,4114,-1,4114,3882,4111,-1,4114,4111,4115,-1,4115,4111,4110,-1,4115,4110,4116,-1,4116,4110,4109,-1,4116,4109,4117,-1,4117,4109,4108,-1,4117,4108,4118,-1,4118,4108,4107,-1,4118,4107,4119,-1,4119,4107,4106,-1,4119,4106,4120,-1,4120,4106,4105,-1,4120,4105,4121,-1,4121,4105,4104,-1,4121,4104,4122,-1,4122,4104,4103,-1,4122,4103,4123,-1,4123,4103,4102,-1,4123,4102,4124,-1,4124,4102,4101,-1,4124,4101,4125,-1,4125,4101,4100,-1,4125,4100,4126,-1,4126,4100,4099,-1,4126,4099,4127,-1,4127,4099,4098,-1,4127,4098,4128,-1,4128,4098,4097,-1,4128,4097,4129,-1,4129,4097,4096,-1,4129,4096,4130,-1,4130,4096,4095,-1,4130,4095,4131,-1,4131,4095,4094,-1,4131,4094,3897,-1,3897,4094,4093,-1,3897,4093,3895,-1,3895,4093,4092,-1,3896,3857,3897,-1,3897,3857,3856,-1,3897,3856,4131,-1,4131,3856,3855,-1,4131,3855,4130,-1,4130,3855,3854,-1,4130,3854,4129,-1,4129,3854,3853,-1,4129,3853,4128,-1,4128,3853,3852,-1,4128,3852,4127,-1,4127,3852,3851,-1,4127,3851,4126,-1,4126,3851,3850,-1,4126,3850,4125,-1,4125,3850,3849,-1,4125,3849,4124,-1,4124,3849,3848,-1,4124,3848,4123,-1,4123,3848,3847,-1,4123,3847,4122,-1,4122,3847,3846,-1,4122,3846,4121,-1,4121,3846,3845,-1,4121,3845,4120,-1,4120,3845,3844,-1,4120,3844,4119,-1,4119,3844,3843,-1,4119,3843,4118,-1,4118,3843,3842,-1,4118,3842,4117,-1,4117,3842,3841,-1,4117,3841,4116,-1,4116,3841,3840,-1,4116,3840,4115,-1,4115,3840,3839,-1,4115,3839,4114,-1,4114,3839,3838,-1,4114,3838,4113,-1,4113,3838,3837,-1,4113,3837,4112,-1,4112,3837,3836,-1,3951,4132,4133,-1,3951,4133,3950,-1,3950,4133,4134,-1,3950,4134,3948,-1,3948,4134,4135,-1,3948,4135,3946,-1,3946,4135,4136,-1,3946,4136,3944,-1,3944,4136,4137,-1,3944,4137,3942,-1,3942,4137,4138,-1,3942,4138,3940,-1,3940,4138,4139,-1,3940,4139,3938,-1,3938,4139,4140,-1,3938,4140,3936,-1,3936,4140,4141,-1,3936,4141,3934,-1,3934,4141,4142,-1,3934,4142,3932,-1,3932,4142,4143,-1,3932,4143,3930,-1,3930,4143,4144,-1,3930,4144,3928,-1,3928,4144,4145,-1,3928,4145,3926,-1,3926,4145,4146,-1,3926,4146,3924,-1,3924,4146,4147,-1,3924,4147,3922,-1,3922,4147,4148,-1,3922,4148,3920,-1,3920,4148,4149,-1,3920,4149,3918,-1,3918,4149,4150,-1,3918,4150,3916,-1,3916,4150,4151,-1,3916,4151,3914,-1,3914,4151,4152,-1,3914,4152,3912,-1,3912,4152,4153,-1,3912,4153,3910,-1,4154,4155,4156,-1,4157,4158,4159,-1,4160,4161,4162,-1,4163,4164,4165,-1,4166,4167,4168,-1,4169,4170,4171,-1,4172,4173,4174,-1,4175,4176,4177,-1,4178,4179,4180,-1,4181,4182,4183,-1,3879,4184,3878,-1,3878,4184,4185,-1,3878,4185,3877,-1,3877,4185,4186,-1,3877,4186,3876,-1,3876,4186,4187,-1,3876,4187,3875,-1,3875,4187,4188,-1,3875,4188,3874,-1,3874,4188,4189,-1,3874,4189,3873,-1,3873,4189,4190,-1,3873,4190,3872,-1,3872,4190,4191,-1,3872,4191,3871,-1,3871,4191,4192,-1,3871,4192,3870,-1,3870,4192,4193,-1,3870,4193,3869,-1,3869,4193,4194,-1,3869,4194,3868,-1,3868,4194,4195,-1,3868,4195,3867,-1,3867,4195,4196,-1,3867,4196,3866,-1,3866,4196,4197,-1,3866,4197,3865,-1,3865,4197,4198,-1,3865,4198,3864,-1,3864,4198,4199,-1,3864,4199,3863,-1,3863,4199,4200,-1,3863,4200,3862,-1,3862,4200,4201,-1,3862,4201,3861,-1,3861,4201,4202,-1,3861,4202,3860,-1,3860,4202,4203,-1,3860,4203,3859,-1,3859,4203,4168,-1,3859,4168,3858,-1,3858,4168,4167,-1,4204,4166,4205,-1,4205,4166,4168,-1,4205,4168,4206,-1,4206,4168,4203,-1,4206,4203,4207,-1,4207,4203,4202,-1,4207,4202,4208,-1,4208,4202,4201,-1,4208,4201,4209,-1,4209,4201,4200,-1,4209,4200,4210,-1,4210,4200,4199,-1,4210,4199,4211,-1,4211,4199,4198,-1,4211,4198,4212,-1,4212,4198,4197,-1,4212,4197,4213,-1,4213,4197,4196,-1,4213,4196,4214,-1,4214,4196,4195,-1,4214,4195,4215,-1,4215,4195,4194,-1,4215,4194,4216,-1,4216,4194,4193,-1,4216,4193,4217,-1,4217,4193,4192,-1,4217,4192,4218,-1,4218,4192,4191,-1,4218,4191,4219,-1,4219,4191,4190,-1,4219,4190,4220,-1,4220,4190,4189,-1,4220,4189,4221,-1,4221,4189,4188,-1,4221,4188,4222,-1,4222,4188,4187,-1,4222,4187,4223,-1,4223,4187,4186,-1,4223,4186,4183,-1,4183,4186,4185,-1,4183,4185,4181,-1,4181,4185,4184,-1,4182,4224,4183,-1,4183,4224,4225,-1,4183,4225,4223,-1,4223,4225,4226,-1,4223,4226,4222,-1,4222,4226,4227,-1,4222,4227,4221,-1,4221,4227,4228,-1,4221,4228,4220,-1,4220,4228,4229,-1,4220,4229,4219,-1,4219,4229,4230,-1,4219,4230,4218,-1,4218,4230,4231,-1,4218,4231,4217,-1,4217,4231,4232,-1,4217,4232,4216,-1,4216,4232,4233,-1,4216,4233,4215,-1,4215,4233,4234,-1,4215,4234,4214,-1,4214,4234,4235,-1,4214,4235,4213,-1,4213,4235,4236,-1,4213,4236,4212,-1,4212,4236,4237,-1,4212,4237,4211,-1,4211,4237,4238,-1,4211,4238,4210,-1,4210,4238,4239,-1,4210,4239,4209,-1,4209,4239,4240,-1,4209,4240,4208,-1,4208,4240,4241,-1,4208,4241,4207,-1,4207,4241,4242,-1,4207,4242,4206,-1,4206,4242,4243,-1,4206,4243,4205,-1,4205,4243,4165,-1,4205,4165,4204,-1,4204,4165,4164,-1,4244,4163,4245,-1,4245,4163,4165,-1,4245,4165,4246,-1,4246,4165,4243,-1,4246,4243,4247,-1,4247,4243,4242,-1,4247,4242,4248,-1,4248,4242,4241,-1,4248,4241,4249,-1,4249,4241,4240,-1,4249,4240,4250,-1,4250,4240,4239,-1,4250,4239,4251,-1,4251,4239,4238,-1,4251,4238,4252,-1,4252,4238,4237,-1,4252,4237,4253,-1,4253,4237,4236,-1,4253,4236,4254,-1,4254,4236,4235,-1,4254,4235,4255,-1,4255,4235,4234,-1,4255,4234,4256,-1,4256,4234,4233,-1,4256,4233,4257,-1,4257,4233,4232,-1,4257,4232,4258,-1,4258,4232,4231,-1,4258,4231,4259,-1,4259,4231,4230,-1,4259,4230,4260,-1,4260,4230,4229,-1,4260,4229,4261,-1,4261,4229,4228,-1,4261,4228,4262,-1,4262,4228,4227,-1,4262,4227,4263,-1,4263,4227,4226,-1,4263,4226,4180,-1,4180,4226,4225,-1,4180,4225,4178,-1,4178,4225,4224,-1,4179,4264,4180,-1,4180,4264,4265,-1,4180,4265,4263,-1,4263,4265,4266,-1,4263,4266,4262,-1,4262,4266,4267,-1,4262,4267,4261,-1,4261,4267,4268,-1,4261,4268,4260,-1,4260,4268,4269,-1,4260,4269,4259,-1,4259,4269,4270,-1,4259,4270,4258,-1,4258,4270,4271,-1,4258,4271,4257,-1,4257,4271,4272,-1,4257,4272,4256,-1,4256,4272,4273,-1,4256,4273,4255,-1,4255,4273,4274,-1,4255,4274,4254,-1,4254,4274,4275,-1,4254,4275,4253,-1,4253,4275,4276,-1,4253,4276,4252,-1,4252,4276,4277,-1,4252,4277,4251,-1,4251,4277,4278,-1,4251,4278,4250,-1,4250,4278,4279,-1,4250,4279,4249,-1,4249,4279,4280,-1,4249,4280,4248,-1,4248,4280,4281,-1,4248,4281,4247,-1,4247,4281,4282,-1,4247,4282,4246,-1,4246,4282,4283,-1,4246,4283,4245,-1,4245,4283,4162,-1,4245,4162,4244,-1,4244,4162,4161,-1,4284,4160,4285,-1,4285,4160,4162,-1,4285,4162,4286,-1,4286,4162,4283,-1,4286,4283,4287,-1,4287,4283,4282,-1,4287,4282,4288,-1,4288,4282,4281,-1,4288,4281,4289,-1,4289,4281,4280,-1,4289,4280,4290,-1,4290,4280,4279,-1,4290,4279,4291,-1,4291,4279,4278,-1,4291,4278,4292,-1,4292,4278,4277,-1,4292,4277,4293,-1,4293,4277,4276,-1,4293,4276,4294,-1,4294,4276,4275,-1,4294,4275,4295,-1,4295,4275,4274,-1,4295,4274,4296,-1,4296,4274,4273,-1,4296,4273,4297,-1,4297,4273,4272,-1,4297,4272,4298,-1,4298,4272,4271,-1,4298,4271,4299,-1,4299,4271,4270,-1,4299,4270,4300,-1,4300,4270,4269,-1,4300,4269,4301,-1,4301,4269,4268,-1,4301,4268,4302,-1,4302,4268,4267,-1,4302,4267,4303,-1,4303,4267,4266,-1,4303,4266,4177,-1,4177,4266,4265,-1,4177,4265,4175,-1,4175,4265,4264,-1,4176,4304,4177,-1,4177,4304,4305,-1,4177,4305,4303,-1,4303,4305,4306,-1,4303,4306,4302,-1,4302,4306,4307,-1,4302,4307,4301,-1,4301,4307,4308,-1,4301,4308,4300,-1,4300,4308,4309,-1,4300,4309,4299,-1,4299,4309,4310,-1,4299,4310,4298,-1,4298,4310,4311,-1,4298,4311,4297,-1,4297,4311,4312,-1,4297,4312,4296,-1,4296,4312,4313,-1,4296,4313,4295,-1,4295,4313,4314,-1,4295,4314,4294,-1,4294,4314,4315,-1,4294,4315,4293,-1,4293,4315,4316,-1,4293,4316,4292,-1,4292,4316,4317,-1,4292,4317,4291,-1,4291,4317,4318,-1,4291,4318,4290,-1,4290,4318,4319,-1,4290,4319,4289,-1,4289,4319,4320,-1,4289,4320,4288,-1,4288,4320,4321,-1,4288,4321,4287,-1,4287,4321,4322,-1,4287,4322,4286,-1,4286,4322,4323,-1,4286,4323,4285,-1,4285,4323,4159,-1,4285,4159,4284,-1,4284,4159,4158,-1,4324,4157,4325,-1,4325,4157,4159,-1,4325,4159,4326,-1,4326,4159,4323,-1,4326,4323,4327,-1,4327,4323,4322,-1,4327,4322,4328,-1,4328,4322,4321,-1,4328,4321,4329,-1,4329,4321,4320,-1,4329,4320,4330,-1,4330,4320,4319,-1,4330,4319,4331,-1,4331,4319,4318,-1,4331,4318,4332,-1,4332,4318,4317,-1,4332,4317,4333,-1,4333,4317,4316,-1,4333,4316,4334,-1,4334,4316,4315,-1,4334,4315,4335,-1,4335,4315,4314,-1,4335,4314,4336,-1,4336,4314,4313,-1,4336,4313,4337,-1,4337,4313,4312,-1,4337,4312,4338,-1,4338,4312,4311,-1,4338,4311,4339,-1,4339,4311,4310,-1,4339,4310,4340,-1,4340,4310,4309,-1,4340,4309,4341,-1,4341,4309,4308,-1,4341,4308,4342,-1,4342,4308,4307,-1,4342,4307,4343,-1,4343,4307,4306,-1,4343,4306,4174,-1,4174,4306,4305,-1,4174,4305,4172,-1,4172,4305,4304,-1,4173,4344,4174,-1,4174,4344,4345,-1,4174,4345,4343,-1,4343,4345,4346,-1,4343,4346,4342,-1,4342,4346,4347,-1,4342,4347,4341,-1,4341,4347,4348,-1,4341,4348,4340,-1,4340,4348,4349,-1,4340,4349,4339,-1,4339,4349,4350,-1,4339,4350,4338,-1,4338,4350,4351,-1,4338,4351,4337,-1,4337,4351,4352,-1,4337,4352,4336,-1,4336,4352,4353,-1,4336,4353,4335,-1,4335,4353,4354,-1,4335,4354,4334,-1,4334,4354,4355,-1,4334,4355,4333,-1,4333,4355,4356,-1,4333,4356,4332,-1,4332,4356,4357,-1,4332,4357,4331,-1,4331,4357,4358,-1,4331,4358,4330,-1,4330,4358,4359,-1,4330,4359,4329,-1,4329,4359,4360,-1,4329,4360,4328,-1,4328,4360,4361,-1,4328,4361,4327,-1,4327,4361,4362,-1,4327,4362,4326,-1,4326,4362,4363,-1,4326,4363,4325,-1,4325,4363,4156,-1,4325,4156,4324,-1,4324,4156,4155,-1,4364,4154,4365,-1,4365,4154,4156,-1,4365,4156,4366,-1,4366,4156,4363,-1,4366,4363,4367,-1,4367,4363,4362,-1,4367,4362,4368,-1,4368,4362,4361,-1,4368,4361,4369,-1,4369,4361,4360,-1,4369,4360,4370,-1,4370,4360,4359,-1,4370,4359,4371,-1,4371,4359,4358,-1,4371,4358,4372,-1,4372,4358,4357,-1,4372,4357,4373,-1,4373,4357,4356,-1,4373,4356,4374,-1,4374,4356,4355,-1,4374,4355,4375,-1,4375,4355,4354,-1,4375,4354,4376,-1,4376,4354,4353,-1,4376,4353,4377,-1,4377,4353,4352,-1,4377,4352,4378,-1,4378,4352,4351,-1,4378,4351,4379,-1,4379,4351,4350,-1,4379,4350,4380,-1,4380,4350,4349,-1,4380,4349,4381,-1,4381,4349,4348,-1,4381,4348,4382,-1,4382,4348,4347,-1,4382,4347,4383,-1,4383,4347,4346,-1,4383,4346,4171,-1,4171,4346,4345,-1,4171,4345,4169,-1,4169,4345,4344,-1,4170,4153,4171,-1,4171,4153,4152,-1,4171,4152,4383,-1,4383,4152,4151,-1,4383,4151,4382,-1,4382,4151,4150,-1,4382,4150,4381,-1,4381,4150,4149,-1,4381,4149,4380,-1,4380,4149,4148,-1,4380,4148,4379,-1,4379,4148,4147,-1,4379,4147,4378,-1,4378,4147,4146,-1,4378,4146,4377,-1,4377,4146,4145,-1,4377,4145,4376,-1,4376,4145,4144,-1,4376,4144,4375,-1,4375,4144,4143,-1,4375,4143,4374,-1,4374,4143,4142,-1,4374,4142,4373,-1,4373,4142,4141,-1,4373,4141,4372,-1,4372,4141,4140,-1,4372,4140,4371,-1,4371,4140,4139,-1,4371,4139,4370,-1,4370,4139,4138,-1,4370,4138,4369,-1,4369,4138,4137,-1,4369,4137,4368,-1,4368,4137,4136,-1,4368,4136,4367,-1,4367,4136,4135,-1,4367,4135,4366,-1,4366,4135,4134,-1,4366,4134,4365,-1,4365,4134,4133,-1,4365,4133,4364,-1,4364,4133,4132,-1,
        ]
    }
}
Shape{
    appearance Appearance {
        material  Material 	{
            diffuseColor 0.7529411764705882 0.7529411764705882 0.7529411764705882
            specularColor 0.3764705882352941 0.3764705882352941 0.3764705882352941
            ambientIntensity 0.7529
            transparency 0.0
            shininess 0.5
        }
    }
    geometry IndexedFaceSet {
        ccw TRUE
        solid FALSE
        coord DEF co Coordinate {
            point [
                -0.315 -0.1575 0.0394, -0.315 -0.1575 0.2756, -0.315 0.1574 0.0394, -0.315 0.1574 0.2756, -0.1969 -0.1575 0.2756, -0.1969 0.1574 0.2756, -0.1969 0.1574 0.0394, -0.1969 -0.1575 0.0394, -0.1969 0.081 0.2349, -0.1969 0.0905 0.2309, -0.1969 0.0987 0.2247, -0.1969 0.1049 0.2165, -0.1969 0.1088 0.207, -0.1969 0.1102 0.1969, -0.1969 0.1102 0.1181, -0.1969 0.1088 0.1079, -0.1969 0.1049 0.0984, -0.1969 0.0987 0.0903, -0.1969 0.0905 0.084, -0.1969 -0.0811 0.0801, -0.1969 -0.0906 0.084, -0.1969 -0.0988 0.0903, -0.1969 -0.105 0.0984, -0.1969 -0.1089 0.207, -0.1969 -0.105 0.2165, -0.1969 -0.0988 0.2247, -0.1969 -0.0906 0.2309, -0.1969 0.081 0.0801, -0.1969 0.0708 0.0787, -0.1969 -0.0709 0.0787, -0.1969 -0.0811 0.2349, -0.1969 -0.0709 0.2362, -0.1969 0.0708 0.2362, -0.1969 -0.1089 0.1079, -0.1969 -0.1103 0.1181, -0.1969 -0.1103 0.1969, -0.1508 0.1102 0.1181, -0.1508 0.1102 0.1969, -0.1508 0.0708 0.0787, -0.1508 0.0764 0.0791, -0.1508 0.081 0.0801, -0.1508 0.0819 0.0803, -0.1508 0.0872 0.0823, -0.1508 0.0986 0.0903, -0.1508 0.0966 0.0884, -0.1508 0.0921 0.085, -0.1508 0.0905 0.0841, -0.1508 0.1006 0.0923, -0.1508 0.1039 0.0968, -0.1508 0.1088 0.1079, -0.1508 0.1086 0.107, -0.1508 0.1066 0.1018, -0.1508 0.1048 0.0985, -0.1508 0.1098 0.1125, -0.1508 0.1098 0.2025, -0.1508 0.1088 0.207, -0.1508 0.1086 0.2079, -0.1508 0.1066 0.2132, -0.1508 0.0986 0.2246, -0.1508 0.1006 0.2226, -0.1508 0.1039 0.2181, -0.1508 0.1048 0.2165, -0.1508 0.0966 0.2266, -0.1508 0.0921 0.23, -0.1508 0.081 0.2348, -0.1508 0.0819 0.2346, -0.1508 0.0872 0.2327, -0.1508 0.0905 0.2309, -0.1508 0.0764 0.2358, -0.1508 0.0708 0.2362, -0.1508 -0.0709 0.0787, -0.1508 -0.1103 0.1181, -0.1508 -0.1099 0.1125, -0.1508 -0.1089 0.1079, -0.1508 -0.1087 0.107, -0.1508 -0.1067 0.1018, -0.1508 -0.0987 0.0903, -0.1508 -0.1007 0.0923, -0.1508 -0.104 0.0968, -0.1508 -0.1049 0.0985, -0.1508 -0.0967 0.0884, -0.1508 -0.0922 0.085, -0.1508 -0.0811 0.0801, -0.1508 -0.082 0.0803, -0.1508 -0.0873 0.0823, -0.1508 -0.0906 0.0841, -0.1508 -0.0765 0.0791, -0.1508 -0.1103 0.1969, -0.1508 -0.0709 0.2362, -0.1508 -0.0765 0.2358, -0.1508 -0.0811 0.2348, -0.1508 -0.082 0.2346, -0.1508 -0.0873 0.2327, -0.1508 -0.0987 0.2246, -0.1508 -0.0967 0.2266, -0.1508 -0.0922 0.23, -0.1508 -0.0906 0.2309, -0.1508 -0.1007 0.2226, -0.1508 -0.104 0.2181, -0.1508 -0.1089 0.207, -0.1508 -0.1087 0.2079, -0.1508 -0.1067 0.2132, -0.1508 -0.1049 0.2165, -0.1508 -0.1099 0.2025
            ]
        }
        coordIndex [
            0,1,2,-1,2,1,3,-1,4,5,1,-1,1,5,3,-1,2,3,6,-1,6,3,5,-1,7,0,6,-1,6,0,2,-1,7,4,0,-1,0,4,1,-1,8,9,5,-1,5,9,10,-1,5,10,11,-1,11,12,5,-1,5,12,13,-1,5,13,6,-1,6,13,14,-1,6,14,15,-1,15,16,6,-1,6,16,17,-1,6,17,18,-1,19,20,7,-1,7,20,21,-1,7,21,22,-1,23,24,4,-1,4,24,25,-1,4,25,26,-1,18,27,6,-1,6,27,28,-1,6,28,7,-1,7,28,29,-1,7,29,19,-1,26,30,4,-1,4,30,31,-1,4,31,5,-1,5,31,32,-1,5,32,8,-1,22,33,7,-1,7,33,34,-1,7,34,4,-1,4,34,35,-1,4,35,23,-1,14,13,36,-1,36,13,37,-1,38,28,39,-1,39,28,27,-1,39,27,40,-1,40,27,41,-1,41,27,18,-1,41,18,42,-1,43,44,17,-1,17,44,45,-1,17,45,18,-1,18,45,46,-1,18,46,42,-1,43,17,47,-1,47,17,16,-1,47,16,48,-1,49,50,15,-1,15,50,51,-1,15,51,16,-1,16,51,52,-1,16,52,48,-1,49,15,53,-1,53,15,14,-1,53,14,36,-1,37,13,54,-1,54,13,12,-1,54,12,55,-1,55,12,56,-1,56,12,11,-1,56,11,57,-1,58,59,10,-1,10,59,60,-1,10,60,11,-1,11,60,61,-1,11,61,57,-1,58,10,62,-1,62,10,9,-1,62,9,63,-1,64,65,8,-1,8,65,66,-1,8,66,9,-1,9,66,67,-1,9,67,63,-1,64,8,68,-1,68,8,32,-1,68,32,69,-1,29,28,70,-1,70,28,38,-1,71,34,72,-1,72,34,33,-1,72,33,73,-1,73,33,74,-1,74,33,22,-1,74,22,75,-1,76,77,21,-1,21,77,78,-1,21,78,22,-1,22,78,79,-1,22,79,75,-1,76,21,80,-1,80,21,20,-1,80,20,81,-1,82,83,19,-1,19,83,84,-1,19,84,20,-1,20,84,85,-1,20,85,81,-1,82,19,86,-1,86,19,29,-1,86,29,70,-1,35,34,87,-1,87,34,71,-1,88,31,89,-1,89,31,30,-1,89,30,90,-1,90,30,91,-1,91,30,26,-1,91,26,92,-1,93,94,25,-1,25,94,95,-1,25,95,26,-1,26,95,96,-1,26,96,92,-1,93,25,97,-1,97,25,24,-1,97,24,98,-1,99,100,23,-1,23,100,101,-1,23,101,24,-1,24,101,102,-1,24,102,98,-1,99,23,103,-1,103,23,35,-1,103,35,87,-1,32,31,69,-1,69,31,88,-1,
        ]
    }
}
Shape{
    appearance Appearance {
        material  Material 	{
            diffuseColor 0.9098039215686274 0.44313725490196076 0.03137254901960784
            specularColor 0.4549019607843137 0.2235294117647059 0.01568627450980392
            ambientIntensity 0.5357
            transparency 0.0
            shininess 0.5
        }
    }
    geometry IndexedFaceSet {
        ccw TRUE
        solid FALSE
        coord DEF co Coordinate {
            point [
                0.0563 0.1102 0.1969, 0.0563 0.1102 0.1181, 0.061 0.1131 0.1181, 0.061 0.1131 0.1969, 0.0648 0.1172 0.1181, 0.0648 0.1172 0.1969, 0.0675 0.1221 0.1181, 0.0675 0.1221 0.1969, 0.0688 0.1275 0.1181, 0.0688 0.1275 0.1969, 0.0687 0.1331 0.1181, 0.0687 0.1331 0.1969, 0.0671 0.1385 0.1181, 0.0671 0.1385 0.1969, 0.0643 0.1433 0.1181, 0.0643 0.1433 0.1969, 0.0603 0.1472 0.1181, 0.0603 0.1472 0.1969, 0.0554 0.1499 0.1181, 0.0554 0.1499 0.1969, 0.05 0.1513 0.1181, 0.05 0.1513 0.1969, 0.0445 0.1513 0.1181, 0.0445 0.1513 0.1969, 0.0391 0.1499 0.1181, 0.0391 0.1499 0.1969, 0.0342 0.1472 0.1181, 0.0342 0.1472 0.1969, 0.0302 0.1433 0.1181, 0.0302 0.1433 0.1969, 0.0274 0.1385 0.1181, 0.0274 0.1385 0.1969, 0.0258 0.1331 0.1181, 0.0258 0.1331 0.1969, 0.0257 0.1275 0.1181, 0.0257 0.1275 0.1969, 0.027 0.1221 0.1181, 0.027 0.1221 0.1969, 0.0297 0.1172 0.1181, 0.0297 0.1172 0.1969, 0.0335 0.1131 0.1181, 0.0335 0.1131 0.1969, 0.0382 0.1102 0.1181, 0.0382 0.1102 0.1969, 0.0563 0.1088 0.1079, 0.0563 0.1086 0.107, 0.061 0.1114 0.1062, 0.0563 0.1048 0.0985, 0.0563 0.1039 0.0968, 0.061 0.1064 0.0952, 0.0563 0.0986 0.0903, 0.0563 0.0966 0.0884, 0.061 0.0985 0.0861, 0.0563 0.0905 0.0841, 0.0563 0.0872 0.0823, 0.061 0.0884 0.0796, 0.0563 0.081 0.0801, 0.0563 0.0764 0.0791, 0.061 0.0768 0.0762, 0.0382 0.1088 0.1079, 0.0382 0.1098 0.1125, 0.0335 0.1127 0.1121, 0.0382 0.1048 0.0985, 0.0382 0.1066 0.1018, 0.0335 0.1093 0.1005, 0.0382 0.0986 0.0903, 0.0382 0.1006 0.0923, 0.0335 0.1028 0.0904, 0.0382 0.0905 0.0841, 0.0382 0.0921 0.085, 0.0335 0.0937 0.0825, 0.0382 0.081 0.0801, 0.0382 0.0819 0.0803, 0.0335 0.0827 0.0775, 0.0382 0.0708 0.0787, 0.0382 0.0764 0.0791, 0.0335 0.0708 0.0758, 0.0335 0.0768 0.0762, 0.0297 0.0708 0.0717, 0.0297 0.0774 0.0722, 0.027 0.0708 0.0668, 0.027 0.0781 0.0673, 0.0257 0.0708 0.0614, 0.0257 0.0789 0.062, 0.0258 0.0708 0.0558, 0.0258 0.0797 0.0564, 0.0274 0.0708 0.0505, 0.0274 0.0804 0.0511, 0.0302 0.0708 0.0457, 0.0302 0.0811 0.0464, 0.0342 0.0708 0.0418, 0.0342 0.0817 0.0425, 0.0391 0.0708 0.039, 0.0391 0.0821 0.0398, 0.0445 0.0708 0.0376, 0.0445 0.0823 0.0384, 0.05 0.0708 0.0376, 0.05 0.0823 0.0384, 0.0554 0.0708 0.039, 0.0554 0.0821 0.0398, 0.0603 0.0708 0.0418, 0.0603 0.0817 0.0425, 0.0643 0.0708 0.0457, 0.0643 0.0811 0.0464, 0.0671 0.0708 0.0505, 0.0671 0.0804 0.0511, 0.0687 0.0708 0.0558, 0.0687 0.0797 0.0564, 0.0688 0.0708 0.0614, 0.0688 0.0789 0.062, 0.0675 0.0708 0.0668, 0.0675 0.0781 0.0673, 0.0648 0.0708 0.0717, 0.0648 0.0774 0.0722, 0.061 0.0708 0.0758, 0.0563 0.0708 0.0787, 0.0563 0.0819 0.0803, 0.061 0.0827 0.0775, 0.0648 0.0839 0.0736, 0.0675 0.0853 0.0689, 0.0688 0.0868 0.0637, 0.0687 0.0884 0.0583, 0.0671 0.0899 0.0532, 0.0643 0.0912 0.0486, 0.0603 0.0923 0.0449, 0.0554 0.0931 0.0422, 0.05 0.0935 0.0408, 0.0445 0.0935 0.0408, 0.0391 0.0931 0.0422, 0.0342 0.0923 0.0449, 0.0302 0.0912 0.0486, 0.0274 0.0899 0.0532, 0.0258 0.0884 0.0583, 0.0257 0.0868 0.0637, 0.027 0.0853 0.0689, 0.0297 0.0839 0.0736, 0.0382 0.0872 0.0823, 0.0335 0.0884 0.0796, 0.0297 0.0901 0.0759, 0.027 0.0921 0.0714, 0.0257 0.0944 0.0665, 0.0258 0.0967 0.0614, 0.0274 0.0989 0.0566, 0.0302 0.1009 0.0522, 0.0342 0.1025 0.0487, 0.0391 0.1037 0.0462, 0.0445 0.1043 0.0449, 0.05 0.1043 0.0449, 0.0554 0.1037 0.0462, 0.0603 0.1025 0.0487, 0.0643 0.1009 0.0522, 0.0671 0.0989 0.0566, 0.0687 0.0967 0.0614, 0.0688 0.0944 0.0665, 0.0675 0.0921 0.0714, 0.0648 0.0901 0.0759, 0.0563 0.0921 0.085, 0.061 0.0937 0.0825, 0.0648 0.0959 0.0791, 0.0675 0.0986 0.075, 0.0688 0.1015 0.0704, 0.0687 0.1045 0.0657, 0.0671 0.1074 0.0612, 0.0643 0.11 0.0572, 0.0603 0.1121 0.0539, 0.0554 0.1136 0.0516, 0.05 0.1144 0.0504, 0.0445 0.1144 0.0504, 0.0391 0.1136 0.0516, 0.0342 0.1121 0.0539, 0.0302 0.11 0.0572, 0.0274 0.1074 0.0612, 0.0258 0.1045 0.0657, 0.0257 0.1015 0.0704, 0.027 0.0986 0.075, 0.0297 0.0959 0.0791, 0.0382 0.0966 0.0884, 0.0335 0.0985 0.0861, 0.0297 0.1012 0.083, 0.027 0.1044 0.0793, 0.0257 0.108 0.0752, 0.0258 0.1116 0.071, 0.0274 0.1151 0.067, 0.0302 0.1183 0.0634, 0.0342 0.1208 0.0604, 0.0391 0.1226 0.0583, 0.0445 0.1236 0.0573, 0.05 0.1236 0.0573, 0.0554 0.1226 0.0583, 0.0603 0.1208 0.0604, 0.0643 0.1183 0.0634, 0.0671 0.1151 0.067, 0.0687 0.1116 0.071, 0.0688 0.108 0.0752, 0.0675 0.1044 0.0793, 0.0648 0.1012 0.083, 0.0563 0.1006 0.0923, 0.061 0.1028 0.0904, 0.0648 0.1059 0.0877, 0.0675 0.1096 0.0845, 0.0688 0.1137 0.081, 0.0687 0.1179 0.0773, 0.0671 0.1219 0.0738, 0.0643 0.1256 0.0707, 0.0603 0.1285 0.0681, 0.0554 0.1306 0.0663, 0.05 0.1317 0.0654, 0.0445 0.1317 0.0654, 0.0391 0.1306 0.0663, 0.0342 0.1285 0.0681, 0.0302 0.1256 0.0707, 0.0274 0.1219 0.0738, 0.0258 0.1179 0.0773, 0.0257 0.1137 0.081, 0.027 0.1096 0.0845, 0.0297 0.1059 0.0877, 0.0382 0.1039 0.0968, 0.0335 0.1064 0.0952, 0.0297 0.1098 0.093, 0.027 0.114 0.0904, 0.0257 0.1185 0.0874, 0.0258 0.1232 0.0844, 0.0274 0.1277 0.0815, 0.0302 0.1318 0.0789, 0.0342 0.135 0.0768, 0.0391 0.1374 0.0753, 0.0445 0.1386 0.0746, 0.05 0.1386 0.0746, 0.0554 0.1374 0.0753, 0.0603 0.135 0.0768, 0.0643 0.1318 0.0789, 0.0671 0.1277 0.0815, 0.0687 0.1232 0.0844, 0.0688 0.1185 0.0874, 0.0675 0.114 0.0904, 0.0648 0.1098 0.093, 0.0563 0.1066 0.1018, 0.061 0.1093 0.1005, 0.0648 0.113 0.0988, 0.0675 0.1175 0.0968, 0.0688 0.1224 0.0945, 0.0687 0.1275 0.0922, 0.0671 0.1324 0.09, 0.0643 0.1367 0.088, 0.0603 0.1403 0.0864, 0.0554 0.1428 0.0852, 0.05 0.1441 0.0847, 0.0445 0.1441 0.0847, 0.0391 0.1428 0.0852, 0.0342 0.1403 0.0864, 0.0302 0.1367 0.088, 0.0274 0.1324 0.09, 0.0258 0.1275 0.0922, 0.0257 0.1224 0.0945, 0.027 0.1175 0.0968, 0.0297 0.113 0.0988, 0.0382 0.1086 0.107, 0.0335 0.1114 0.1062, 0.0297 0.1153 0.105, 0.027 0.12 0.1037, 0.0257 0.1252 0.1021, 0.0258 0.1306 0.1006, 0.0274 0.1357 0.099, 0.0302 0.1403 0.0977, 0.0342 0.1441 0.0966, 0.0391 0.1467 0.0958, 0.0445 0.1481 0.0954, 0.05 0.1481 0.0954, 0.0554 0.1467 0.0958, 0.0603 0.1441 0.0966, 0.0643 0.1403 0.0977, 0.0671 0.1357 0.099, 0.0687 0.1306 0.1006, 0.0688 0.1252 0.1021, 0.0675 0.12 0.1037, 0.0648 0.1153 0.105, 0.0563 0.1098 0.1125, 0.061 0.1127 0.1121, 0.0648 0.1167 0.1115, 0.0675 0.1216 0.1108, 0.0688 0.127 0.11, 0.0687 0.1325 0.1092, 0.0671 0.1378 0.1085, 0.0643 0.1425 0.1078, 0.0603 0.1464 0.1072, 0.0554 0.1491 0.1069, 0.05 0.1505 0.1066, 0.0445 0.1505 0.1066, 0.0391 0.1491 0.1069, 0.0342 0.1464 0.1072, 0.0302 0.1425 0.1078, 0.0274 0.1378 0.1085, 0.0258 0.1325 0.1092, 0.0257 0.127 0.11, 0.027 0.1216 0.1108, 0.0297 0.1167 0.1115, 0.0563 -0.0709 0.0787, 0.061 -0.0709 0.0758, 0.0648 -0.0709 0.0717, 0.0675 -0.0709 0.0668, 0.0688 -0.0709 0.0614, 0.0687 -0.0709 0.0558, 0.0671 -0.0709 0.0505, 0.0643 -0.0709 0.0457, 0.0603 -0.0709 0.0418, 0.0554 -0.0709 0.039, 0.05 -0.0709 0.0376, 0.0445 -0.0709 0.0376, 0.0391 -0.0709 0.039, 0.0342 -0.0709 0.0418, 0.0302 -0.0709 0.0457, 0.0274 -0.0709 0.0505, 0.0258 -0.0709 0.0558, 0.0257 -0.0709 0.0614, 0.027 -0.0709 0.0668, 0.0297 -0.0709 0.0717, 0.0335 -0.0709 0.0758, 0.0382 -0.0709 0.0787, 0.0563 -0.0811 0.0801, 0.0563 -0.082 0.0803, 0.061 -0.0828 0.0775, 0.0563 -0.0906 0.0841, 0.0563 -0.0922 0.085, 0.061 -0.0938 0.0825, 0.0563 -0.0987 0.0903, 0.0563 -0.1007 0.0923, 0.061 -0.1029 0.0904, 0.0563 -0.1049 0.0985, 0.0563 -0.1067 0.1018, 0.061 -0.1094 0.1005, 0.0563 -0.1089 0.1079, 0.0563 -0.1099 0.1125, 0.061 -0.1128 0.1121, 0.0382 -0.0811 0.0801, 0.0382 -0.0765 0.0791, 0.0335 -0.0769 0.0762, 0.0382 -0.0906 0.0841, 0.0382 -0.0873 0.0823, 0.0335 -0.0885 0.0796, 0.0382 -0.0987 0.0903, 0.0382 -0.0967 0.0884, 0.0335 -0.0986 0.0861, 0.0382 -0.1049 0.0985, 0.0382 -0.104 0.0968, 0.0335 -0.1065 0.0952, 0.0382 -0.1089 0.1079, 0.0382 -0.1087 0.107, 0.0335 -0.1115 0.1062, 0.0382 -0.1103 0.1181, 0.0382 -0.1099 0.1125, 0.0335 -0.1132 0.1181, 0.0335 -0.1128 0.1121, 0.0297 -0.1173 0.1181, 0.0297 -0.1168 0.1115, 0.027 -0.1222 0.1181, 0.027 -0.1217 0.1108, 0.0257 -0.1276 0.1181, 0.0257 -0.1271 0.11, 0.0258 -0.1332 0.1181, 0.0258 -0.1326 0.1092, 0.0274 -0.1386 0.1181, 0.0274 -0.1379 0.1085, 0.0302 -0.1434 0.1181, 0.0302 -0.1426 0.1078, 0.0342 -0.1473 0.1181, 0.0342 -0.1465 0.1072, 0.0391 -0.15 0.1181, 0.0391 -0.1492 0.1069, 0.0445 -0.1514 0.1181, 0.0445 -0.1506 0.1066, 0.05 -0.1514 0.1181, 0.05 -0.1506 0.1066, 0.0554 -0.15 0.1181, 0.0554 -0.1492 0.1069, 0.0603 -0.1473 0.1181, 0.0603 -0.1465 0.1072, 0.0643 -0.1434 0.1181, 0.0643 -0.1426 0.1078, 0.0671 -0.1386 0.1181, 0.0671 -0.1379 0.1085, 0.0687 -0.1332 0.1181, 0.0687 -0.1326 0.1092, 0.0688 -0.1276 0.1181, 0.0688 -0.1271 0.11, 0.0675 -0.1222 0.1181, 0.0675 -0.1217 0.1108, 0.0648 -0.1173 0.1181, 0.0648 -0.1168 0.1115, 0.061 -0.1132 0.1181, 0.0563 -0.1103 0.1181, 0.0563 -0.1087 0.107, 0.061 -0.1115 0.1062, 0.0648 -0.1154 0.105, 0.0675 -0.1201 0.1037, 0.0688 -0.1253 0.1021, 0.0687 -0.1307 0.1006, 0.0671 -0.1358 0.099, 0.0643 -0.1404 0.0977, 0.0603 -0.1442 0.0966, 0.0554 -0.1468 0.0958, 0.05 -0.1482 0.0954, 0.0445 -0.1482 0.0954, 0.0391 -0.1468 0.0958, 0.0342 -0.1442 0.0966, 0.0302 -0.1404 0.0977, 0.0274 -0.1358 0.099, 0.0258 -0.1307 0.1006, 0.0257 -0.1253 0.1021, 0.027 -0.1201 0.1037, 0.0297 -0.1154 0.105, 0.0382 -0.1067 0.1018, 0.0335 -0.1094 0.1005, 0.0297 -0.1131 0.0988, 0.027 -0.1176 0.0968, 0.0257 -0.1225 0.0945, 0.0258 -0.1276 0.0922, 0.0274 -0.1325 0.09, 0.0302 -0.1368 0.088, 0.0342 -0.1404 0.0864, 0.0391 -0.1429 0.0852, 0.0445 -0.1442 0.0847, 0.05 -0.1442 0.0847, 0.0554 -0.1429 0.0852, 0.0603 -0.1404 0.0864, 0.0643 -0.1368 0.088, 0.0671 -0.1325 0.09, 0.0687 -0.1276 0.0922, 0.0688 -0.1225 0.0945, 0.0675 -0.1176 0.0968, 0.0648 -0.1131 0.0988, 0.0563 -0.104 0.0968, 0.061 -0.1065 0.0952, 0.0648 -0.1099 0.093, 0.0675 -0.1141 0.0904, 0.0688 -0.1186 0.0874, 0.0687 -0.1233 0.0844, 0.0671 -0.1278 0.0815, 0.0643 -0.1319 0.0789, 0.0603 -0.1351 0.0768, 0.0554 -0.1375 0.0753, 0.05 -0.1387 0.0746, 0.0445 -0.1387 0.0746, 0.0391 -0.1375 0.0753, 0.0342 -0.1351 0.0768, 0.0302 -0.1319 0.0789, 0.0274 -0.1278 0.0815, 0.0258 -0.1233 0.0844, 0.0257 -0.1186 0.0874, 0.027 -0.1141 0.0904, 0.0297 -0.1099 0.093, 0.0382 -0.1007 0.0923, 0.0335 -0.1029 0.0904, 0.0297 -0.106 0.0877, 0.027 -0.1097 0.0845, 0.0257 -0.1138 0.081, 0.0258 -0.118 0.0773, 0.0274 -0.122 0.0738, 0.0302 -0.1257 0.0707, 0.0342 -0.1286 0.0681, 0.0391 -0.1307 0.0663, 0.0445 -0.1318 0.0654, 0.05 -0.1318 0.0654, 0.0554 -0.1307 0.0663, 0.0603 -0.1286 0.0681, 0.0643 -0.1257 0.0707, 0.0671 -0.122 0.0738, 0.0687 -0.118 0.0773, 0.0688 -0.1138 0.081, 0.0675 -0.1097 0.0845, 0.0648 -0.106 0.0877, 0.0563 -0.0967 0.0884, 0.061 -0.0986 0.0861, 0.0648 -0.1013 0.083, 0.0675 -0.1045 0.0793, 0.0688 -0.1081 0.0752, 0.0687 -0.1117 0.071, 0.0671 -0.1152 0.067, 0.0643 -0.1184 0.0634, 0.0603 -0.1209 0.0604, 0.0554 -0.1227 0.0583, 0.05 -0.1237 0.0573, 0.0445 -0.1237 0.0573, 0.0391 -0.1227 0.0583, 0.0342 -0.1209 0.0604, 0.0302 -0.1184 0.0634, 0.0274 -0.1152 0.067, 0.0258 -0.1117 0.071, 0.0257 -0.1081 0.0752, 0.027 -0.1045 0.0793, 0.0297 -0.1013 0.083, 0.0382 -0.0922 0.085, 0.0335 -0.0938 0.0825, 0.0297 -0.096 0.0791, 0.027 -0.0987 0.075, 0.0257 -0.1016 0.0704, 0.0258 -0.1046 0.0657, 0.0274 -0.1075 0.0612, 0.0302 -0.1101 0.0572, 0.0342 -0.1122 0.0539, 0.0391 -0.1137 0.0516, 0.0445 -0.1145 0.0504, 0.05 -0.1145 0.0504, 0.0554 -0.1137 0.0516, 0.0603 -0.1122 0.0539, 0.0643 -0.1101 0.0572, 0.0671 -0.1075 0.0612, 0.0687 -0.1046 0.0657, 0.0688 -0.1016 0.0704, 0.0675 -0.0987 0.075, 0.0648 -0.096 0.0791, 0.0563 -0.0873 0.0823, 0.061 -0.0885 0.0796, 0.0648 -0.0902 0.0759, 0.0675 -0.0922 0.0714, 0.0688 -0.0945 0.0665, 0.0687 -0.0968 0.0614, 0.0671 -0.099 0.0566, 0.0643 -0.101 0.0522, 0.0603 -0.1026 0.0487, 0.0554 -0.1038 0.0462, 0.05 -0.1044 0.0449, 0.0445 -0.1044 0.0449, 0.0391 -0.1038 0.0462, 0.0342 -0.1026 0.0487, 0.0302 -0.101 0.0522, 0.0274 -0.099 0.0566, 0.0258 -0.0968 0.0614, 0.0257 -0.0945 0.0665, 0.027 -0.0922 0.0714, 0.0297 -0.0902 0.0759, 0.0382 -0.082 0.0803, 0.0335 -0.0828 0.0775, 0.0297 -0.084 0.0736, 0.027 -0.0854 0.0689, 0.0257 -0.0869 0.0637, 0.0258 -0.0885 0.0583, 0.0274 -0.09 0.0532, 0.0302 -0.0913 0.0486, 0.0342 -0.0924 0.0449, 0.0391 -0.0932 0.0422, 0.0445 -0.0936 0.0408, 0.05 -0.0936 0.0408, 0.0554 -0.0932 0.0422, 0.0603 -0.0924 0.0449, 0.0643 -0.0913 0.0486, 0.0671 -0.09 0.0532, 0.0687 -0.0885 0.0583, 0.0688 -0.0869 0.0637, 0.0675 -0.0854 0.0689, 0.0648 -0.084 0.0736, 0.0563 -0.0765 0.0791, 0.061 -0.0769 0.0762, 0.0648 -0.0775 0.0722, 0.0675 -0.0782 0.0673, 0.0688 -0.079 0.062, 0.0687 -0.0798 0.0564, 0.0671 -0.0805 0.0511, 0.0643 -0.0812 0.0464, 0.0603 -0.0818 0.0425, 0.0554 -0.0822 0.0398, 0.05 -0.0824 0.0384, 0.0445 -0.0824 0.0384, 0.0391 -0.0822 0.0398, 0.0342 -0.0818 0.0425, 0.0302 -0.0812 0.0464, 0.0274 -0.0805 0.0511, 0.0258 -0.0798 0.0564, 0.0257 -0.079 0.062, 0.027 -0.0782 0.0673, 0.0297 -0.0775 0.0722, 0.0563 -0.1103 0.1969, 0.061 -0.1132 0.1969, 0.0648 -0.1173 0.1969, 0.0675 -0.1222 0.1969, 0.0688 -0.1276 0.1969, 0.0687 -0.1332 0.1969, 0.0671 -0.1386 0.1969, 0.0643 -0.1434 0.1969, 0.0603 -0.1473 0.1969, 0.0554 -0.15 0.1969, 0.05 -0.1514 0.1969, 0.0445 -0.1514 0.1969, 0.0391 -0.15 0.1969, 0.0342 -0.1473 0.1969, 0.0302 -0.1434 0.1969, 0.0274 -0.1386 0.1969, 0.0258 -0.1332 0.1969, 0.0257 -0.1276 0.1969, 0.027 -0.1222 0.1969, 0.0297 -0.1173 0.1969, 0.0335 -0.1132 0.1969, 0.0382 -0.1103 0.1969, 0.0563 -0.1089 0.207, 0.0563 -0.1087 0.2079, 0.061 -0.1115 0.2088, 0.0563 -0.1049 0.2165, 0.0563 -0.104 0.2181, 0.061 -0.1065 0.2197, 0.0563 -0.0987 0.2246, 0.0563 -0.0967 0.2266, 0.061 -0.0986 0.2288, 0.0563 -0.0906 0.2309, 0.0563 -0.0873 0.2327, 0.061 -0.0885 0.2354, 0.0563 -0.0811 0.2348, 0.0563 -0.0765 0.2358, 0.061 -0.0769 0.2387, 0.0382 -0.1089 0.207, 0.0382 -0.1099 0.2025, 0.0335 -0.1128 0.2029, 0.0382 -0.1049 0.2165, 0.0382 -0.1067 0.2132, 0.0335 -0.1094 0.2144, 0.0382 -0.0987 0.2246, 0.0382 -0.1007 0.2226, 0.0335 -0.1029 0.2246, 0.0382 -0.0906 0.2309, 0.0382 -0.0922 0.23, 0.0335 -0.0938 0.2325, 0.0382 -0.0811 0.2348, 0.0382 -0.082 0.2346, 0.0335 -0.0828 0.2375, 0.0382 -0.0709 0.2362, 0.0382 -0.0765 0.2358, 0.0335 -0.0709 0.2392, 0.0335 -0.0769 0.2387, 0.0297 -0.0709 0.2432, 0.0297 -0.0775 0.2428, 0.027 -0.0709 0.2482, 0.027 -0.0782 0.2476, 0.0257 -0.0709 0.2536, 0.0257 -0.079 0.253, 0.0258 -0.0709 0.2591, 0.0258 -0.0798 0.2585, 0.0274 -0.0709 0.2645, 0.0274 -0.0805 0.2638, 0.0302 -0.0709 0.2693, 0.0302 -0.0812 0.2686, 0.0342 -0.0709 0.2732, 0.0342 -0.0818 0.2724, 0.0391 -0.0709 0.276, 0.0391 -0.0822 0.2751, 0.0445 -0.0709 0.2774, 0.0445 -0.0824 0.2766, 0.05 -0.0709 0.2774, 0.05 -0.0824 0.2766, 0.0554 -0.0709 0.276, 0.0554 -0.0822 0.2751, 0.0603 -0.0709 0.2732, 0.0603 -0.0818 0.2724, 0.0643 -0.0709 0.2693, 0.0643 -0.0812 0.2686, 0.0671 -0.0709 0.2645, 0.0671 -0.0805 0.2638, 0.0687 -0.0709 0.2591, 0.0687 -0.0798 0.2585, 0.0688 -0.0709 0.2536, 0.0688 -0.079 0.253, 0.0675 -0.0709 0.2482, 0.0675 -0.0782 0.2476, 0.0648 -0.0709 0.2432, 0.0648 -0.0775 0.2428, 0.061 -0.0709 0.2392, 0.0563 -0.0709 0.2362, 0.0563 -0.082 0.2346, 0.061 -0.0828 0.2375, 0.0648 -0.084 0.2414, 0.0675 -0.0854 0.2461, 0.0688 -0.0869 0.2513, 0.0687 -0.0885 0.2566, 0.0671 -0.09 0.2618, 0.0643 -0.0913 0.2664, 0.0603 -0.0924 0.2701, 0.0554 -0.0932 0.2727, 0.05 -0.0936 0.2741, 0.0445 -0.0936 0.2741, 0.0391 -0.0932 0.2727, 0.0342 -0.0924 0.2701, 0.0302 -0.0913 0.2664, 0.0274 -0.09 0.2618, 0.0258 -0.0885 0.2566, 0.0257 -0.0869 0.2513, 0.027 -0.0854 0.2461, 0.0297 -0.084 0.2414, 0.0382 -0.0873 0.2327, 0.0335 -0.0885 0.2354, 0.0297 -0.0902 0.2391, 0.027 -0.0922 0.2435, 0.0257 -0.0945 0.2484, 0.0258 -0.0968 0.2535, 0.0274 -0.099 0.2584, 0.0302 -0.101 0.2628, 0.0342 -0.1026 0.2663, 0.0391 -0.1038 0.2688, 0.0445 -0.1044 0.2701, 0.05 -0.1044 0.2701, 0.0554 -0.1038 0.2688, 0.0603 -0.1026 0.2663, 0.0643 -0.101 0.2628, 0.0671 -0.099 0.2584, 0.0687 -0.0968 0.2535, 0.0688 -0.0945 0.2484, 0.0675 -0.0922 0.2435, 0.0648 -0.0902 0.2391, 0.0563 -0.0922 0.23, 0.061 -0.0938 0.2325, 0.0648 -0.096 0.2359, 0.0675 -0.0987 0.24, 0.0688 -0.1016 0.2446, 0.0687 -0.1046 0.2493, 0.0671 -0.1075 0.2538, 0.0643 -0.1101 0.2578, 0.0603 -0.1122 0.2611, 0.0554 -0.1137 0.2634, 0.05 -0.1145 0.2646, 0.0445 -0.1145 0.2646, 0.0391 -0.1137 0.2634, 0.0342 -0.1122 0.2611, 0.0302 -0.1101 0.2578, 0.0274 -0.1075 0.2538, 0.0258 -0.1046 0.2493, 0.0257 -0.1016 0.2446, 0.027 -0.0987 0.24, 0.0297 -0.096 0.2359, 0.0382 -0.0967 0.2266, 0.0335 -0.0986 0.2288, 0.0297 -0.1013 0.2319, 0.027 -0.1045 0.2356, 0.0257 -0.1081 0.2397, 0.0258 -0.1117 0.2439, 0.0274 -0.1152 0.248, 0.0302 -0.1184 0.2516, 0.0342 -0.1209 0.2546, 0.0391 -0.1227 0.2566, 0.0445 -0.1237 0.2577, 0.05 -0.1237 0.2577, 0.0554 -0.1227 0.2566, 0.0603 -0.1209 0.2546, 0.0643 -0.1184 0.2516, 0.0671 -0.1152 0.248, 0.0687 -0.1117 0.2439, 0.0688 -0.1081 0.2397, 0.0675 -0.1045 0.2356, 0.0648 -0.1013 0.2319, 0.0563 -0.1007 0.2226, 0.061 -0.1029 0.2246, 0.0648 -0.106 0.2272, 0.0675 -0.1097 0.2304, 0.0688 -0.1138 0.234, 0.0687 -0.118 0.2376, 0.0671 -0.122 0.2412, 0.0643 -0.1257 0.2443, 0.0603 -0.1286 0.2468, 0.0554 -0.1307 0.2487, 0.05 -0.1318 0.2496, 0.0445 -0.1318 0.2496, 0.0391 -0.1307 0.2487, 0.0342 -0.1286 0.2468, 0.0302 -0.1257 0.2443, 0.0274 -0.122 0.2412, 0.0258 -0.118 0.2376, 0.0257 -0.1138 0.234, 0.027 -0.1097 0.2304, 0.0297 -0.106 0.2272, 0.0382 -0.104 0.2181, 0.0335 -0.1065 0.2197, 0.0297 -0.1099 0.2219, 0.027 -0.1141 0.2246, 0.0257 -0.1186 0.2275, 0.0258 -0.1233 0.2305, 0.0274 -0.1278 0.2334, 0.0302 -0.1319 0.236, 0.0342 -0.1351 0.2381, 0.0391 -0.1375 0.2396, 0.0445 -0.1387 0.2404, 0.05 -0.1387 0.2404, 0.0554 -0.1375 0.2396, 0.0603 -0.1351 0.2381, 0.0643 -0.1319 0.236, 0.0671 -0.1278 0.2334, 0.0687 -0.1233 0.2305, 0.0688 -0.1186 0.2275, 0.0675 -0.1141 0.2246, 0.0648 -0.1099 0.2219, 0.0563 -0.1067 0.2132, 0.061 -0.1094 0.2144, 0.0648 -0.1131 0.2161, 0.0675 -0.1176 0.2182, 0.0688 -0.1225 0.2204, 0.0687 -0.1276 0.2227, 0.0671 -0.1325 0.225, 0.0643 -0.1368 0.2269, 0.0603 -0.1404 0.2286, 0.0554 -0.1429 0.2297, 0.05 -0.1442 0.2303, 0.0445 -0.1442 0.2303, 0.0391 -0.1429 0.2297, 0.0342 -0.1404 0.2286, 0.0302 -0.1368 0.2269, 0.0274 -0.1325 0.225, 0.0258 -0.1276 0.2227, 0.0257 -0.1225 0.2204, 0.027 -0.1176 0.2182, 0.0297 -0.1131 0.2161, 0.0382 -0.1087 0.2079, 0.0335 -0.1115 0.2088, 0.0297 -0.1154 0.2099, 0.027 -0.1201 0.2113, 0.0257 -0.1253 0.2128, 0.0258 -0.1307 0.2144, 0.0274 -0.1358 0.2159, 0.0302 -0.1404 0.2173, 0.0342 -0.1442 0.2184, 0.0391 -0.1468 0.2191, 0.0445 -0.1482 0.2195, 0.05 -0.1482 0.2195, 0.0554 -0.1468 0.2191, 0.0603 -0.1442 0.2184, 0.0643 -0.1404 0.2173, 0.0671 -0.1358 0.2159, 0.0687 -0.1307 0.2144, 0.0688 -0.1253 0.2128, 0.0675 -0.1201 0.2113, 0.0648 -0.1154 0.2099, 0.0563 -0.1099 0.2025, 0.061 -0.1128 0.2029, 0.0648 -0.1168 0.2035, 0.0675 -0.1217 0.2042, 0.0688 -0.1271 0.2049, 0.0687 -0.1326 0.2057, 0.0671 -0.1379 0.2065, 0.0643 -0.1426 0.2072, 0.0603 -0.1465 0.2077, 0.0554 -0.1492 0.2081, 0.05 -0.1506 0.2083, 0.0445 -0.1506 0.2083, 0.0391 -0.1492 0.2081, 0.0342 -0.1465 0.2077, 0.0302 -0.1426 0.2072, 0.0274 -0.1379 0.2065, 0.0258 -0.1326 0.2057, 0.0257 -0.1271 0.2049, 0.027 -0.1217 0.2042, 0.0297 -0.1168 0.2035, 0.0563 0.0708 0.2362, 0.061 0.0708 0.2392, 0.0648 0.0708 0.2432, 0.0675 0.0708 0.2482, 0.0688 0.0708 0.2536, 0.0687 0.0708 0.2591, 0.0671 0.0708 0.2645, 0.0643 0.0708 0.2693, 0.0603 0.0708 0.2732, 0.0554 0.0708 0.276, 0.05 0.0708 0.2774, 0.0445 0.0708 0.2774, 0.0391 0.0708 0.276, 0.0342 0.0708 0.2732, 0.0302 0.0708 0.2693, 0.0274 0.0708 0.2645, 0.0258 0.0708 0.2591, 0.0257 0.0708 0.2536, 0.027 0.0708 0.2482, 0.0297 0.0708 0.2432, 0.0335 0.0708 0.2392, 0.0382 0.0708 0.2362, 0.0563 0.081 0.2348, 0.0563 0.0819 0.2346, 0.061 0.0827 0.2375, 0.0563 0.0905 0.2309, 0.0563 0.0921 0.23, 0.061 0.0937 0.2325, 0.0563 0.0986 0.2246, 0.0563 0.1006 0.2226, 0.061 0.1028 0.2246, 0.0563 0.1048 0.2165, 0.0563 0.1066 0.2132, 0.061 0.1093 0.2144, 0.0563 0.1088 0.207, 0.0563 0.1098 0.2025, 0.061 0.1127 0.2029, 0.0382 0.081 0.2348, 0.0382 0.0764 0.2358, 0.0335 0.0768 0.2387, 0.0382 0.0905 0.2309, 0.0382 0.0872 0.2327, 0.0335 0.0884 0.2354, 0.0382 0.0986 0.2246, 0.0382 0.0966 0.2266, 0.0335 0.0985 0.2288, 0.0382 0.1048 0.2165, 0.0382 0.1039 0.2181, 0.0335 0.1064 0.2197, 0.0382 0.1088 0.207, 0.0382 0.1086 0.2079, 0.0335 0.1114 0.2088, 0.0382 0.1098 0.2025, 0.0335 0.1127 0.2029, 0.0297 0.1167 0.2035, 0.027 0.1216 0.2042, 0.0257 0.127 0.2049, 0.0258 0.1325 0.2057, 0.0274 0.1378 0.2065, 0.0302 0.1425 0.2072, 0.0342 0.1464 0.2077, 0.0391 0.1491 0.2081, 0.0445 0.1505 0.2083, 0.05 0.1505 0.2083, 0.0554 0.1491 0.2081, 0.0603 0.1464 0.2077, 0.0643 0.1425 0.2072, 0.0671 0.1378 0.2065, 0.0687 0.1325 0.2057, 0.0688 0.127 0.2049, 0.0675 0.1216 0.2042, 0.0648 0.1167 0.2035, 0.0563 0.1086 0.2079, 0.061 0.1114 0.2088, 0.0648 0.1153 0.2099, 0.0675 0.12 0.2113, 0.0688 0.1252 0.2128, 0.0687 0.1306 0.2144, 0.0671 0.1357 0.2159, 0.0643 0.1403 0.2173, 0.0603 0.1441 0.2184, 0.0554 0.1467 0.2191, 0.05 0.1481 0.2195, 0.0445 0.1481 0.2195, 0.0391 0.1467 0.2191, 0.0342 0.1441 0.2184, 0.0302 0.1403 0.2173, 0.0274 0.1357 0.2159, 0.0258 0.1306 0.2144, 0.0257 0.1252 0.2128, 0.027 0.12 0.2113, 0.0297 0.1153 0.2099, 0.0382 0.1066 0.2132, 0.0335 0.1093 0.2144, 0.0297 0.113 0.2161, 0.027 0.1175 0.2182, 0.0257 0.1224 0.2204, 0.0258 0.1275 0.2227, 0.0274 0.1324 0.225, 0.0302 0.1367 0.2269, 0.0342 0.1403 0.2286, 0.0391 0.1428 0.2297, 0.0445 0.1441 0.2303, 0.05 0.1441 0.2303, 0.0554 0.1428 0.2297, 0.0603 0.1403 0.2286, 0.0643 0.1367 0.2269, 0.0671 0.1324 0.225, 0.0687 0.1275 0.2227, 0.0688 0.1224 0.2204, 0.0675 0.1175 0.2182, 0.0648 0.113 0.2161, 0.0563 0.1039 0.2181, 0.061 0.1064 0.2197, 0.0648 0.1098 0.2219, 0.0675 0.114 0.2246, 0.0688 0.1185 0.2275, 0.0687 0.1232 0.2305, 0.0671 0.1277 0.2334, 0.0643 0.1318 0.236, 0.0603 0.135 0.2381, 0.0554 0.1374 0.2396, 0.05 0.1386 0.2404, 0.0445 0.1386 0.2404, 0.0391 0.1374 0.2396, 0.0342 0.135 0.2381, 0.0302 0.1318 0.236, 0.0274 0.1277 0.2334, 0.0258 0.1232 0.2305, 0.0257 0.1185 0.2275, 0.027 0.114 0.2246, 0.0297 0.1098 0.2219, 0.0382 0.1006 0.2226, 0.0335 0.1028 0.2246, 0.0297 0.1059 0.2272, 0.027 0.1096 0.2304, 0.0257 0.1137 0.234, 0.0258 0.1179 0.2376, 0.0274 0.1219 0.2412, 0.0302 0.1256 0.2443, 0.0342 0.1285 0.2468, 0.0391 0.1306 0.2487, 0.0445 0.1317 0.2496, 0.05 0.1317 0.2496, 0.0554 0.1306 0.2487, 0.0603 0.1285 0.2468, 0.0643 0.1256 0.2443, 0.0671 0.1219 0.2412, 0.0687 0.1179 0.2376, 0.0688 0.1137 0.234, 0.0675 0.1096 0.2304, 0.0648 0.1059 0.2272, 0.0563 0.0966 0.2266, 0.061 0.0985 0.2288, 0.0648 0.1012 0.2319, 0.0675 0.1044 0.2356, 0.0688 0.108 0.2397, 0.0687 0.1116 0.2439, 0.0671 0.1151 0.248, 0.0643 0.1183 0.2516, 0.0603 0.1208 0.2546, 0.0554 0.1226 0.2566, 0.05 0.1236 0.2577, 0.0445 0.1236 0.2577, 0.0391 0.1226 0.2566, 0.0342 0.1208 0.2546, 0.0302 0.1183 0.2516, 0.0274 0.1151 0.248, 0.0258 0.1116 0.2439, 0.0257 0.108 0.2397, 0.027 0.1044 0.2356, 0.0297 0.1012 0.2319, 0.0382 0.0921 0.23, 0.0335 0.0937 0.2325, 0.0297 0.0959 0.2359, 0.027 0.0986 0.24, 0.0257 0.1015 0.2446, 0.0258 0.1045 0.2493, 0.0274 0.1074 0.2538, 0.0302 0.11 0.2578, 0.0342 0.1121 0.2611, 0.0391 0.1136 0.2634, 0.0445 0.1144 0.2646, 0.05 0.1144 0.2646, 0.0554 0.1136 0.2634, 0.0603 0.1121 0.2611, 0.0643 0.11 0.2578, 0.0671 0.1074 0.2538, 0.0687 0.1045 0.2493, 0.0688 0.1015 0.2446, 0.0675 0.0986 0.24, 0.0648 0.0959 0.2359, 0.0563 0.0872 0.2327, 0.061 0.0884 0.2354, 0.0648 0.0901 0.2391, 0.0675 0.0921 0.2435, 0.0688 0.0944 0.2484, 0.0687 0.0967 0.2535, 0.0671 0.0989 0.2584, 0.0643 0.1009 0.2628, 0.0603 0.1025 0.2663, 0.0554 0.1037 0.2688, 0.05 0.1043 0.2701, 0.0445 0.1043 0.2701, 0.0391 0.1037 0.2688, 0.0342 0.1025 0.2663, 0.0302 0.1009 0.2628, 0.0274 0.0989 0.2584, 0.0258 0.0967 0.2535, 0.0257 0.0944 0.2484, 0.027 0.0921 0.2435, 0.0297 0.0901 0.2391, 0.0382 0.0819 0.2346, 0.0335 0.0827 0.2375, 0.0297 0.0839 0.2414, 0.027 0.0853 0.2461, 0.0257 0.0868 0.2513, 0.0258 0.0884 0.2566, 0.0274 0.0899 0.2618, 0.0302 0.0912 0.2664, 0.0342 0.0923 0.2701, 0.0391 0.0931 0.2727, 0.0445 0.0935 0.2741, 0.05 0.0935 0.2741, 0.0554 0.0931 0.2727, 0.0603 0.0923 0.2701, 0.0643 0.0912 0.2664, 0.0671 0.0899 0.2618, 0.0687 0.0884 0.2566, 0.0688 0.0868 0.2513, 0.0675 0.0853 0.2461, 0.0648 0.0839 0.2414, 0.0563 0.0764 0.2358, 0.061 0.0768 0.2387, 0.0648 0.0774 0.2428, 0.0675 0.0781 0.2476, 0.0688 0.0789 0.253, 0.0687 0.0797 0.2585, 0.0671 0.0804 0.2638, 0.0643 0.0811 0.2686, 0.0603 0.0817 0.2724, 0.0554 0.0821 0.2751, 0.05 0.0823 0.2766, 0.0445 0.0823 0.2766, 0.0391 0.0821 0.2751, 0.0342 0.0817 0.2724, 0.0302 0.0811 0.2686, 0.0274 0.0804 0.2638, 0.0258 0.0797 0.2585, 0.0257 0.0789 0.253, 0.027 0.0781 0.2476, 0.0297 0.0774 0.2428, 0.1035 -0.1089 0.207, 0.1035 -0.1087 0.2079, 0.1082 -0.1115 0.2088, 0.1035 -0.1049 0.2165, 0.1035 -0.104 0.2181, 0.1082 -0.1065 0.2197, 0.1035 -0.0987 0.2246, 0.1035 -0.0967 0.2266, 0.1082 -0.0986 0.2288, 0.1035 -0.0906 0.2309, 0.1035 -0.0873 0.2327, 0.1082 -0.0885 0.2354, 0.1035 -0.0811 0.2348, 0.1035 -0.0765 0.2358, 0.1082 -0.0769 0.2387, 0.0855 -0.1089 0.207, 0.0855 -0.1099 0.2025, 0.0807 -0.1128 0.2029, 0.0855 -0.1049 0.2165, 0.0855 -0.1067 0.2132, 0.0807 -0.1094 0.2144, 0.0855 -0.0987 0.2246, 0.0855 -0.1007 0.2226, 0.0807 -0.1029 0.2246, 0.0855 -0.0906 0.2309, 0.0855 -0.0922 0.23, 0.0807 -0.0938 0.2325, 0.0855 -0.0811 0.2348, 0.0855 -0.082 0.2346, 0.0807 -0.0828 0.2375, 0.0855 -0.0709 0.2362, 0.0855 -0.0765 0.2358, 0.0807 -0.0709 0.2392, 0.0807 -0.0769 0.2387, 0.0769 -0.0709 0.2432, 0.0769 -0.0775 0.2428, 0.0743 -0.0709 0.2482, 0.0743 -0.0782 0.2476, 0.073 -0.0709 0.2536, 0.073 -0.079 0.253, 0.0731 -0.0709 0.2591, 0.0731 -0.0798 0.2585, 0.0746 -0.0709 0.2645, 0.0746 -0.0805 0.2638, 0.0775 -0.0709 0.2693, 0.0775 -0.0812 0.2686, 0.0815 -0.0709 0.2732, 0.0815 -0.0818 0.2724, 0.0863 -0.0709 0.276, 0.0863 -0.0822 0.2751, 0.0917 -0.0709 0.2774, 0.0917 -0.0824 0.2766, 0.0973 -0.0709 0.2774, 0.0973 -0.0824 0.2766, 0.1027 -0.0709 0.276, 0.1027 -0.0822 0.2751, 0.1075 -0.0709 0.2732, 0.1075 -0.0818 0.2724, 0.1115 -0.0709 0.2693, 0.1115 -0.0812 0.2686, 0.1144 -0.0709 0.2645, 0.1144 -0.0805 0.2638, 0.1159 -0.0709 0.2591, 0.1159 -0.0798 0.2585, 0.116 -0.0709 0.2536, 0.116 -0.079 0.253, 0.1147 -0.0709 0.2482, 0.1147 -0.0782 0.2476, 0.1121 -0.0709 0.2432, 0.1121 -0.0775 0.2428, 0.1082 -0.0709 0.2392, 0.1035 -0.0709 0.2362, 0.1035 -0.082 0.2346, 0.1082 -0.0828 0.2375, 0.1121 -0.084 0.2414, 0.1147 -0.0854 0.2461, 0.116 -0.0869 0.2513, 0.1159 -0.0885 0.2566, 0.1144 -0.09 0.2618, 0.1115 -0.0913 0.2664, 0.1075 -0.0924 0.2701, 0.1027 -0.0932 0.2727, 0.0973 -0.0936 0.2741, 0.0917 -0.0936 0.2741, 0.0863 -0.0932 0.2727, 0.0815 -0.0924 0.2701, 0.0775 -0.0913 0.2664, 0.0746 -0.09 0.2618, 0.0731 -0.0885 0.2566, 0.073 -0.0869 0.2513, 0.0743 -0.0854 0.2461, 0.0769 -0.084 0.2414, 0.0855 -0.0873 0.2327, 0.0807 -0.0885 0.2354, 0.0769 -0.0902 0.2391, 0.0743 -0.0922 0.2435, 0.073 -0.0945 0.2484, 0.0731 -0.0968 0.2535, 0.0746 -0.099 0.2584, 0.0775 -0.101 0.2628, 0.0815 -0.1026 0.2663, 0.0863 -0.1038 0.2688, 0.0917 -0.1044 0.2701, 0.0973 -0.1044 0.2701, 0.1027 -0.1038 0.2688, 0.1075 -0.1026 0.2663, 0.1115 -0.101 0.2628, 0.1144 -0.099 0.2584, 0.1159 -0.0968 0.2535, 0.116 -0.0945 0.2484, 0.1147 -0.0922 0.2435, 0.1121 -0.0902 0.2391, 0.1035 -0.0922 0.23, 0.1082 -0.0938 0.2325, 0.1121 -0.096 0.2359, 0.1147 -0.0987 0.24, 0.116 -0.1016 0.2446, 0.1159 -0.1046 0.2493, 0.1144 -0.1075 0.2538, 0.1115 -0.1101 0.2578, 0.1075 -0.1122 0.2611, 0.1027 -0.1137 0.2634, 0.0973 -0.1145 0.2646, 0.0917 -0.1145 0.2646, 0.0863 -0.1137 0.2634, 0.0815 -0.1122 0.2611, 0.0775 -0.1101 0.2578, 0.0746 -0.1075 0.2538, 0.0731 -0.1046 0.2493, 0.073 -0.1016 0.2446, 0.0743 -0.0987 0.24, 0.0769 -0.096 0.2359, 0.0855 -0.0967 0.2266, 0.0807 -0.0986 0.2288, 0.0769 -0.1013 0.2319, 0.0743 -0.1045 0.2356, 0.073 -0.1081 0.2397, 0.0731 -0.1117 0.2439, 0.0746 -0.1152 0.248, 0.0775 -0.1184 0.2516, 0.0815 -0.1209 0.2546, 0.0863 -0.1227 0.2566, 0.0917 -0.1237 0.2577, 0.0973 -0.1237 0.2577, 0.1027 -0.1227 0.2566, 0.1075 -0.1209 0.2546, 0.1115 -0.1184 0.2516, 0.1144 -0.1152 0.248, 0.1159 -0.1117 0.2439, 0.116 -0.1081 0.2397, 0.1147 -0.1045 0.2356, 0.1121 -0.1013 0.2319, 0.1035 -0.1007 0.2226, 0.1082 -0.1029 0.2246, 0.1121 -0.106 0.2272, 0.1147 -0.1097 0.2304, 0.116 -0.1138 0.234, 0.1159 -0.118 0.2376, 0.1144 -0.122 0.2412, 0.1115 -0.1257 0.2443, 0.1075 -0.1286 0.2468, 0.1027 -0.1307 0.2487, 0.0973 -0.1318 0.2496, 0.0917 -0.1318 0.2496, 0.0863 -0.1307 0.2487, 0.0815 -0.1286 0.2468, 0.0775 -0.1257 0.2443, 0.0746 -0.122 0.2412, 0.0731 -0.118 0.2376, 0.073 -0.1138 0.234, 0.0743 -0.1097 0.2304, 0.0769 -0.106 0.2272, 0.0855 -0.104 0.2181, 0.0807 -0.1065 0.2197, 0.0769 -0.1099 0.2219, 0.0743 -0.1141 0.2246, 0.073 -0.1186 0.2275, 0.0731 -0.1233 0.2305, 0.0746 -0.1278 0.2334, 0.0775 -0.1319 0.236, 0.0815 -0.1351 0.2381, 0.0863 -0.1375 0.2396, 0.0917 -0.1387 0.2404, 0.0973 -0.1387 0.2404, 0.1027 -0.1375 0.2396, 0.1075 -0.1351 0.2381, 0.1115 -0.1319 0.236, 0.1144 -0.1278 0.2334, 0.1159 -0.1233 0.2305, 0.116 -0.1186 0.2275, 0.1147 -0.1141 0.2246, 0.1121 -0.1099 0.2219, 0.1035 -0.1067 0.2132, 0.1082 -0.1094 0.2144, 0.1121 -0.1131 0.2161, 0.1147 -0.1176 0.2182, 0.116 -0.1225 0.2204, 0.1159 -0.1276 0.2227, 0.1144 -0.1325 0.225, 0.1115 -0.1368 0.2269, 0.1075 -0.1404 0.2286, 0.1027 -0.1429 0.2297, 0.0973 -0.1442 0.2303, 0.0917 -0.1442 0.2303, 0.0863 -0.1429 0.2297, 0.0815 -0.1404 0.2286, 0.0775 -0.1368 0.2269, 0.0746 -0.1325 0.225, 0.0731 -0.1276 0.2227, 0.073 -0.1225 0.2204, 0.0743 -0.1176 0.2182, 0.0769 -0.1131 0.2161, 0.0855 -0.1087 0.2079, 0.0807 -0.1115 0.2088, 0.0769 -0.1154 0.2099, 0.0743 -0.1201 0.2113, 0.073 -0.1253 0.2128, 0.0731 -0.1307 0.2144, 0.0746 -0.1358 0.2159, 0.0775 -0.1404 0.2173, 0.0815 -0.1442 0.2184, 0.0863 -0.1468 0.2191, 0.0917 -0.1482 0.2195, 0.0973 -0.1482 0.2195, 0.1027 -0.1468 0.2191, 0.1075 -0.1442 0.2184, 0.1115 -0.1404 0.2173, 0.1144 -0.1358 0.2159, 0.1159 -0.1307 0.2144, 0.116 -0.1253 0.2128, 0.1147 -0.1201 0.2113, 0.1121 -0.1154 0.2099, 0.1035 -0.1099 0.2025, 0.1082 -0.1128 0.2029, 0.1121 -0.1168 0.2035, 0.1147 -0.1217 0.2042, 0.116 -0.1271 0.2049, 0.1159 -0.1326 0.2057, 0.1144 -0.1379 0.2065, 0.1115 -0.1426 0.2072, 0.1075 -0.1465 0.2077, 0.1027 -0.1492 0.2081, 0.0973 -0.1506 0.2083, 0.0917 -0.1506 0.2083, 0.0863 -0.1492 0.2081, 0.0815 -0.1465 0.2077, 0.0775 -0.1426 0.2072, 0.0746 -0.1379 0.2065, 0.0731 -0.1326 0.2057, 0.073 -0.1271 0.2049, 0.0743 -0.1217 0.2042, 0.0769 -0.1168 0.2035, 0.0855 -0.1103 0.1969, 0.0807 -0.1132 0.1969, 0.0769 -0.1173 0.1969, 0.0743 -0.1222 0.1969, 0.073 -0.1276 0.1969, 0.0731 -0.1332 0.1969, 0.0746 -0.1386 0.1969, 0.0775 -0.1434 0.1969, 0.0815 -0.1473 0.1969, 0.0863 -0.15 0.1969, 0.0917 -0.1514 0.1969, 0.0973 -0.1514 0.1969, 0.1027 -0.15 0.1969, 0.1075 -0.1473 0.1969, 0.1115 -0.1434 0.1969, 0.1144 -0.1386 0.1969, 0.1159 -0.1332 0.1969, 0.116 -0.1276 0.1969, 0.1147 -0.1222 0.1969, 0.1121 -0.1173 0.1969, 0.1082 -0.1132 0.1969, 0.1035 -0.1103 0.1969, 0.1035 -0.1103 0.1181, 0.1082 -0.1132 0.1181, 0.1121 -0.1173 0.1181, 0.1147 -0.1222 0.1181, 0.116 -0.1276 0.1181, 0.1159 -0.1332 0.1181, 0.1144 -0.1386 0.1181, 0.1115 -0.1434 0.1181, 0.1075 -0.1473 0.1181, 0.1027 -0.15 0.1181, 0.0973 -0.1514 0.1181, 0.0917 -0.1514 0.1181, 0.0863 -0.15 0.1181, 0.0815 -0.1473 0.1181, 0.0775 -0.1434 0.1181, 0.0746 -0.1386 0.1181, 0.0731 -0.1332 0.1181, 0.073 -0.1276 0.1181, 0.0743 -0.1222 0.1181, 0.0769 -0.1173 0.1181, 0.0807 -0.1132 0.1181, 0.0855 -0.1103 0.1181, 0.1035 -0.0811 0.0801, 0.1035 -0.082 0.0803, 0.1082 -0.0828 0.0775, 0.1035 -0.0906 0.0841, 0.1035 -0.0922 0.085, 0.1082 -0.0938 0.0825, 0.1035 -0.0987 0.0903, 0.1035 -0.1007 0.0923, 0.1082 -0.1029 0.0904, 0.1035 -0.1049 0.0985, 0.1035 -0.1067 0.1018, 0.1082 -0.1094 0.1005, 0.1035 -0.1089 0.1079, 0.1035 -0.1099 0.1125, 0.1082 -0.1128 0.1121, 0.0855 -0.0811 0.0801, 0.0855 -0.0765 0.0791, 0.0807 -0.0769 0.0762, 0.0855 -0.0906 0.0841, 0.0855 -0.0873 0.0823, 0.0807 -0.0885 0.0796, 0.0855 -0.0987 0.0903, 0.0855 -0.0967 0.0884, 0.0807 -0.0986 0.0861, 0.0855 -0.1049 0.0985, 0.0855 -0.104 0.0968, 0.0807 -0.1065 0.0952, 0.0855 -0.1089 0.1079, 0.0855 -0.1087 0.107, 0.0807 -0.1115 0.1062, 0.0855 -0.1099 0.1125, 0.0807 -0.1128 0.1121, 0.0769 -0.1168 0.1115, 0.0743 -0.1217 0.1108, 0.073 -0.1271 0.11, 0.0731 -0.1326 0.1092, 0.0746 -0.1379 0.1085, 0.0775 -0.1426 0.1078, 0.0815 -0.1465 0.1072, 0.0863 -0.1492 0.1069, 0.0917 -0.1506 0.1066, 0.0973 -0.1506 0.1066, 0.1027 -0.1492 0.1069, 0.1075 -0.1465 0.1072, 0.1115 -0.1426 0.1078, 0.1144 -0.1379 0.1085, 0.1159 -0.1326 0.1092, 0.116 -0.1271 0.11, 0.1147 -0.1217 0.1108, 0.1121 -0.1168 0.1115, 0.1035 -0.1087 0.107, 0.1082 -0.1115 0.1062, 0.1121 -0.1154 0.105, 0.1147 -0.1201 0.1037, 0.116 -0.1253 0.1021, 0.1159 -0.1307 0.1006, 0.1144 -0.1358 0.099, 0.1115 -0.1404 0.0977, 0.1075 -0.1442 0.0966, 0.1027 -0.1468 0.0958, 0.0973 -0.1482 0.0954, 0.0917 -0.1482 0.0954, 0.0863 -0.1468 0.0958, 0.0815 -0.1442 0.0966, 0.0775 -0.1404 0.0977, 0.0746 -0.1358 0.099, 0.0731 -0.1307 0.1006, 0.073 -0.1253 0.1021, 0.0743 -0.1201 0.1037, 0.0769 -0.1154 0.105, 0.0855 -0.1067 0.1018, 0.0807 -0.1094 0.1005, 0.0769 -0.1131 0.0988, 0.0743 -0.1176 0.0968, 0.073 -0.1225 0.0945, 0.0731 -0.1276 0.0922, 0.0746 -0.1325 0.09, 0.0775 -0.1368 0.088, 0.0815 -0.1404 0.0864, 0.0863 -0.1429 0.0852, 0.0917 -0.1442 0.0847, 0.0973 -0.1442 0.0847, 0.1027 -0.1429 0.0852, 0.1075 -0.1404 0.0864, 0.1115 -0.1368 0.088, 0.1144 -0.1325 0.09, 0.1159 -0.1276 0.0922, 0.116 -0.1225 0.0945, 0.1147 -0.1176 0.0968, 0.1121 -0.1131 0.0988, 0.1035 -0.104 0.0968, 0.1082 -0.1065 0.0952, 0.1121 -0.1099 0.093, 0.1147 -0.1141 0.0904, 0.116 -0.1186 0.0874, 0.1159 -0.1233 0.0844, 0.1144 -0.1278 0.0815, 0.1115 -0.1319 0.0789, 0.1075 -0.1351 0.0768, 0.1027 -0.1375 0.0753, 0.0973 -0.1387 0.0746, 0.0917 -0.1387 0.0746, 0.0863 -0.1375 0.0753, 0.0815 -0.1351 0.0768, 0.0775 -0.1319 0.0789, 0.0746 -0.1278 0.0815, 0.0731 -0.1233 0.0844, 0.073 -0.1186 0.0874, 0.0743 -0.1141 0.0904, 0.0769 -0.1099 0.093, 0.0855 -0.1007 0.0923, 0.0807 -0.1029 0.0904, 0.0769 -0.106 0.0877, 0.0743 -0.1097 0.0845, 0.073 -0.1138 0.081, 0.0731 -0.118 0.0773, 0.0746 -0.122 0.0738, 0.0775 -0.1257 0.0707, 0.0815 -0.1286 0.0681, 0.0863 -0.1307 0.0663, 0.0917 -0.1318 0.0654, 0.0973 -0.1318 0.0654, 0.1027 -0.1307 0.0663, 0.1075 -0.1286 0.0681, 0.1115 -0.1257 0.0707, 0.1144 -0.122 0.0738, 0.1159 -0.118 0.0773, 0.116 -0.1138 0.081, 0.1147 -0.1097 0.0845, 0.1121 -0.106 0.0877, 0.1035 -0.0967 0.0884, 0.1082 -0.0986 0.0861, 0.1121 -0.1013 0.083, 0.1147 -0.1045 0.0793, 0.116 -0.1081 0.0752, 0.1159 -0.1117 0.071, 0.1144 -0.1152 0.067, 0.1115 -0.1184 0.0634, 0.1075 -0.1209 0.0604, 0.1027 -0.1227 0.0583, 0.0973 -0.1237 0.0573, 0.0917 -0.1237 0.0573, 0.0863 -0.1227 0.0583, 0.0815 -0.1209 0.0604, 0.0775 -0.1184 0.0634, 0.0746 -0.1152 0.067, 0.0731 -0.1117 0.071, 0.073 -0.1081 0.0752, 0.0743 -0.1045 0.0793, 0.0769 -0.1013 0.083, 0.0855 -0.0922 0.085, 0.0807 -0.0938 0.0825, 0.0769 -0.096 0.0791, 0.0743 -0.0987 0.075, 0.073 -0.1016 0.0704, 0.0731 -0.1046 0.0657, 0.0746 -0.1075 0.0612, 0.0775 -0.1101 0.0572, 0.0815 -0.1122 0.0539, 0.0863 -0.1137 0.0516, 0.0917 -0.1145 0.0504, 0.0973 -0.1145 0.0504, 0.1027 -0.1137 0.0516, 0.1075 -0.1122 0.0539, 0.1115 -0.1101 0.0572, 0.1144 -0.1075 0.0612, 0.1159 -0.1046 0.0657, 0.116 -0.1016 0.0704, 0.1147 -0.0987 0.075, 0.1121 -0.096 0.0791, 0.1035 -0.0873 0.0823, 0.1082 -0.0885 0.0796, 0.1121 -0.0902 0.0759, 0.1147 -0.0922 0.0714, 0.116 -0.0945 0.0665, 0.1159 -0.0968 0.0614, 0.1144 -0.099 0.0566, 0.1115 -0.101 0.0522, 0.1075 -0.1026 0.0487, 0.1027 -0.1038 0.0462, 0.0973 -0.1044 0.0449, 0.0917 -0.1044 0.0449, 0.0863 -0.1038 0.0462, 0.0815 -0.1026 0.0487, 0.0775 -0.101 0.0522, 0.0746 -0.099 0.0566, 0.0731 -0.0968 0.0614, 0.073 -0.0945 0.0665, 0.0743 -0.0922 0.0714, 0.0769 -0.0902 0.0759, 0.0855 -0.082 0.0803, 0.0807 -0.0828 0.0775, 0.0769 -0.084 0.0736, 0.0743 -0.0854 0.0689, 0.073 -0.0869 0.0637, 0.0731 -0.0885 0.0583, 0.0746 -0.09 0.0532, 0.0775 -0.0913 0.0486, 0.0815 -0.0924 0.0449, 0.0863 -0.0932 0.0422, 0.0917 -0.0936 0.0408, 0.0973 -0.0936 0.0408, 0.1027 -0.0932 0.0422, 0.1075 -0.0924 0.0449, 0.1115 -0.0913 0.0486, 0.1144 -0.09 0.0532, 0.1159 -0.0885 0.0583, 0.116 -0.0869 0.0637, 0.1147 -0.0854 0.0689, 0.1121 -0.084 0.0736, 0.1035 -0.0765 0.0791, 0.1082 -0.0769 0.0762, 0.1121 -0.0775 0.0722, 0.1147 -0.0782 0.0673, 0.116 -0.079 0.062, 0.1159 -0.0798 0.0564, 0.1144 -0.0805 0.0511, 0.1115 -0.0812 0.0464, 0.1075 -0.0818 0.0425, 0.1027 -0.0822 0.0398, 0.0973 -0.0824 0.0384, 0.0917 -0.0824 0.0384, 0.0863 -0.0822 0.0398, 0.0815 -0.0818 0.0425, 0.0775 -0.0812 0.0464, 0.0746 -0.0805 0.0511, 0.0731 -0.0798 0.0564, 0.073 -0.079 0.062, 0.0743 -0.0782 0.0673, 0.0769 -0.0775 0.0722, 0.0855 -0.0709 0.0787, 0.0807 -0.0709 0.0758, 0.0769 -0.0709 0.0717, 0.0743 -0.0709 0.0668, 0.073 -0.0709 0.0614, 0.0731 -0.0709 0.0558, 0.0746 -0.0709 0.0505, 0.0775 -0.0709 0.0457, 0.0815 -0.0709 0.0418, 0.0863 -0.0709 0.039, 0.0917 -0.0709 0.0376, 0.0973 -0.0709 0.0376, 0.1027 -0.0709 0.039, 0.1075 -0.0709 0.0418, 0.1115 -0.0709 0.0457, 0.1144 -0.0709 0.0505, 0.1159 -0.0709 0.0558, 0.116 -0.0709 0.0614, 0.1147 -0.0709 0.0668, 0.1121 -0.0709 0.0717, 0.1082 -0.0709 0.0758, 0.1035 -0.0709 0.0787, 0.1035 0.0708 0.2362, 0.1082 0.0708 0.2392, 0.1121 0.0708 0.2432, 0.1147 0.0708 0.2482, 0.116 0.0708 0.2536, 0.1159 0.0708 0.2591, 0.1144 0.0708 0.2645, 0.1115 0.0708 0.2693, 0.1075 0.0708 0.2732, 0.1027 0.0708 0.276, 0.0973 0.0708 0.2774, 0.0917 0.0708 0.2774, 0.0863 0.0708 0.276, 0.0815 0.0708 0.2732, 0.0775 0.0708 0.2693, 0.0746 0.0708 0.2645, 0.0731 0.0708 0.2591, 0.073 0.0708 0.2536, 0.0743 0.0708 0.2482, 0.0769 0.0708 0.2432, 0.0807 0.0708 0.2392, 0.0855 0.0708 0.2362, 0.1035 0.0708 0.0787, 0.1082 0.0708 0.0758, 0.1121 0.0708 0.0717, 0.1147 0.0708 0.0668, 0.116 0.0708 0.0614, 0.1159 0.0708 0.0558, 0.1144 0.0708 0.0505, 0.1115 0.0708 0.0457, 0.1075 0.0708 0.0418, 0.1027 0.0708 0.039, 0.0973 0.0708 0.0376, 0.0917 0.0708 0.0376, 0.0863 0.0708 0.039, 0.0815 0.0708 0.0418, 0.0775 0.0708 0.0457, 0.0746 0.0708 0.0505, 0.0731 0.0708 0.0558, 0.073 0.0708 0.0614, 0.0743 0.0708 0.0668, 0.0769 0.0708 0.0717, 0.0807 0.0708 0.0758, 0.0855 0.0708 0.0787, 0.1035 0.081 0.2348, 0.1035 0.0819 0.2346, 0.1082 0.0827 0.2375, 0.1035 0.0905 0.2309, 0.1035 0.0921 0.23, 0.1082 0.0937 0.2325, 0.1035 0.0986 0.2246, 0.1035 0.1006 0.2226, 0.1082 0.1028 0.2246, 0.1035 0.1048 0.2165, 0.1035 0.1066 0.2132, 0.1082 0.1093 0.2144, 0.1035 0.1088 0.207, 0.1035 0.1098 0.2025, 0.1082 0.1127 0.2029, 0.0855 0.081 0.2348, 0.0855 0.0764 0.2358, 0.0807 0.0768 0.2387, 0.0855 0.0905 0.2309, 0.0855 0.0872 0.2327, 0.0807 0.0884 0.2354, 0.0855 0.0986 0.2246, 0.0855 0.0966 0.2266, 0.0807 0.0985 0.2288, 0.0855 0.1048 0.2165, 0.0855 0.1039 0.2181, 0.0807 0.1064 0.2197, 0.0855 0.1088 0.207, 0.0855 0.1086 0.2079, 0.0807 0.1114 0.2088, 0.0855 0.1102 0.1969, 0.0855 0.1098 0.2025, 0.0807 0.1131 0.1969, 0.0807 0.1127 0.2029, 0.0769 0.1172 0.1969, 0.0769 0.1167 0.2035, 0.0743 0.1221 0.1969, 0.0743 0.1216 0.2042, 0.073 0.1275 0.1969, 0.073 0.127 0.2049, 0.0731 0.1331 0.1969, 0.0731 0.1325 0.2057, 0.0746 0.1385 0.1969, 0.0746 0.1378 0.2065, 0.0775 0.1433 0.1969, 0.0775 0.1425 0.2072, 0.0815 0.1472 0.1969, 0.0815 0.1464 0.2077, 0.0863 0.1499 0.1969, 0.0863 0.1491 0.2081, 0.0917 0.1513 0.1969, 0.0917 0.1505 0.2083, 0.0973 0.1513 0.1969, 0.0973 0.1505 0.2083, 0.1027 0.1499 0.1969, 0.1027 0.1491 0.2081, 0.1075 0.1472 0.1969, 0.1075 0.1464 0.2077, 0.1115 0.1433 0.1969, 0.1115 0.1425 0.2072, 0.1144 0.1385 0.1969, 0.1144 0.1378 0.2065, 0.1159 0.1331 0.1969, 0.1159 0.1325 0.2057, 0.116 0.1275 0.1969, 0.116 0.127 0.2049, 0.1147 0.1221 0.1969, 0.1147 0.1216 0.2042, 0.1121 0.1172 0.1969, 0.1121 0.1167 0.2035, 0.1082 0.1131 0.1969, 0.1035 0.1102 0.1969, 0.1035 0.1086 0.2079, 0.1082 0.1114 0.2088, 0.1121 0.1153 0.2099, 0.1147 0.12 0.2113, 0.116 0.1252 0.2128, 0.1159 0.1306 0.2144, 0.1144 0.1357 0.2159, 0.1115 0.1403 0.2173, 0.1075 0.1441 0.2184, 0.1027 0.1467 0.2191, 0.0973 0.1481 0.2195, 0.0917 0.1481 0.2195, 0.0863 0.1467 0.2191, 0.0815 0.1441 0.2184, 0.0775 0.1403 0.2173, 0.0746 0.1357 0.2159, 0.0731 0.1306 0.2144, 0.073 0.1252 0.2128, 0.0743 0.12 0.2113, 0.0769 0.1153 0.2099, 0.0855 0.1066 0.2132, 0.0807 0.1093 0.2144, 0.0769 0.113 0.2161, 0.0743 0.1175 0.2182, 0.073 0.1224 0.2204, 0.0731 0.1275 0.2227, 0.0746 0.1324 0.225, 0.0775 0.1367 0.2269, 0.0815 0.1403 0.2286, 0.0863 0.1428 0.2297, 0.0917 0.1441 0.2303, 0.0973 0.1441 0.2303, 0.1027 0.1428 0.2297, 0.1075 0.1403 0.2286, 0.1115 0.1367 0.2269, 0.1144 0.1324 0.225, 0.1159 0.1275 0.2227, 0.116 0.1224 0.2204, 0.1147 0.1175 0.2182, 0.1121 0.113 0.2161, 0.1035 0.1039 0.2181, 0.1082 0.1064 0.2197, 0.1121 0.1098 0.2219, 0.1147 0.114 0.2246, 0.116 0.1185 0.2275, 0.1159 0.1232 0.2305, 0.1144 0.1277 0.2334, 0.1115 0.1318 0.236, 0.1075 0.135 0.2381, 0.1027 0.1374 0.2396, 0.0973 0.1386 0.2404, 0.0917 0.1386 0.2404, 0.0863 0.1374 0.2396, 0.0815 0.135 0.2381, 0.0775 0.1318 0.236, 0.0746 0.1277 0.2334, 0.0731 0.1232 0.2305, 0.073 0.1185 0.2275, 0.0743 0.114 0.2246, 0.0769 0.1098 0.2219, 0.0855 0.1006 0.2226, 0.0807 0.1028 0.2246, 0.0769 0.1059 0.2272, 0.0743 0.1096 0.2304, 0.073 0.1137 0.234, 0.0731 0.1179 0.2376, 0.0746 0.1219 0.2412, 0.0775 0.1256 0.2443, 0.0815 0.1285 0.2468, 0.0863 0.1306 0.2487, 0.0917 0.1317 0.2496, 0.0973 0.1317 0.2496, 0.1027 0.1306 0.2487, 0.1075 0.1285 0.2468, 0.1115 0.1256 0.2443, 0.1144 0.1219 0.2412, 0.1159 0.1179 0.2376, 0.116 0.1137 0.234, 0.1147 0.1096 0.2304, 0.1121 0.1059 0.2272, 0.1035 0.0966 0.2266, 0.1082 0.0985 0.2288, 0.1121 0.1012 0.2319, 0.1147 0.1044 0.2356, 0.116 0.108 0.2397, 0.1159 0.1116 0.2439, 0.1144 0.1151 0.248, 0.1115 0.1183 0.2516, 0.1075 0.1208 0.2546, 0.1027 0.1226 0.2566, 0.0973 0.1236 0.2577, 0.0917 0.1236 0.2577, 0.0863 0.1226 0.2566, 0.0815 0.1208 0.2546, 0.0775 0.1183 0.2516, 0.0746 0.1151 0.248, 0.0731 0.1116 0.2439, 0.073 0.108 0.2397, 0.0743 0.1044 0.2356, 0.0769 0.1012 0.2319, 0.0855 0.0921 0.23, 0.0807 0.0937 0.2325, 0.0769 0.0959 0.2359, 0.0743 0.0986 0.24, 0.073 0.1015 0.2446, 0.0731 0.1045 0.2493, 0.0746 0.1074 0.2538, 0.0775 0.11 0.2578, 0.0815 0.1121 0.2611, 0.0863 0.1136 0.2634, 0.0917 0.1144 0.2646, 0.0973 0.1144 0.2646, 0.1027 0.1136 0.2634, 0.1075 0.1121 0.2611, 0.1115 0.11 0.2578, 0.1144 0.1074 0.2538, 0.1159 0.1045 0.2493, 0.116 0.1015 0.2446, 0.1147 0.0986 0.24, 0.1121 0.0959 0.2359, 0.1035 0.0872 0.2327, 0.1082 0.0884 0.2354, 0.1121 0.0901 0.2391, 0.1147 0.0921 0.2435, 0.116 0.0944 0.2484, 0.1159 0.0967 0.2535, 0.1144 0.0989 0.2584, 0.1115 0.1009 0.2628, 0.1075 0.1025 0.2663, 0.1027 0.1037 0.2688, 0.0973 0.1043 0.2701, 0.0917 0.1043 0.2701, 0.0863 0.1037 0.2688, 0.0815 0.1025 0.2663, 0.0775 0.1009 0.2628, 0.0746 0.0989 0.2584, 0.0731 0.0967 0.2535, 0.073 0.0944 0.2484, 0.0743 0.0921 0.2435, 0.0769 0.0901 0.2391, 0.0855 0.0819 0.2346, 0.0807 0.0827 0.2375, 0.0769 0.0839 0.2414, 0.0743 0.0853 0.2461, 0.073 0.0868 0.2513, 0.0731 0.0884 0.2566, 0.0746 0.0899 0.2618, 0.0775 0.0912 0.2664, 0.0815 0.0923 0.2701, 0.0863 0.0931 0.2727, 0.0917 0.0935 0.2741, 0.0973 0.0935 0.2741, 0.1027 0.0931 0.2727, 0.1075 0.0923 0.2701, 0.1115 0.0912 0.2664, 0.1144 0.0899 0.2618, 0.1159 0.0884 0.2566, 0.116 0.0868 0.2513, 0.1147 0.0853 0.2461, 0.1121 0.0839 0.2414, 0.1035 0.0764 0.2358, 0.1082 0.0768 0.2387, 0.1121 0.0774 0.2428, 0.1147 0.0781 0.2476, 0.116 0.0789 0.253, 0.1159 0.0797 0.2585, 0.1144 0.0804 0.2638, 0.1115 0.0811 0.2686, 0.1075 0.0817 0.2724, 0.1027 0.0821 0.2751, 0.0973 0.0823 0.2766, 0.0917 0.0823 0.2766, 0.0863 0.0821 0.2751, 0.0815 0.0817 0.2724, 0.0775 0.0811 0.2686, 0.0746 0.0804 0.2638, 0.0731 0.0797 0.2585, 0.073 0.0789 0.253, 0.0743 0.0781 0.2476, 0.0769 0.0774 0.2428, 0.1035 0.1102 0.1181, 0.1082 0.1131 0.1181, 0.1121 0.1172 0.1181, 0.1147 0.1221 0.1181, 0.116 0.1275 0.1181, 0.1159 0.1331 0.1181, 0.1144 0.1385 0.1181, 0.1115 0.1433 0.1181, 0.1075 0.1472 0.1181, 0.1027 0.1499 0.1181, 0.0973 0.1513 0.1181, 0.0917 0.1513 0.1181, 0.0863 0.1499 0.1181, 0.0815 0.1472 0.1181, 0.0775 0.1433 0.1181, 0.0746 0.1385 0.1181, 0.0731 0.1331 0.1181, 0.073 0.1275 0.1181, 0.0743 0.1221 0.1181, 0.0769 0.1172 0.1181, 0.0807 0.1131 0.1181, 0.0855 0.1102 0.1181, 0.1035 0.1088 0.1079, 0.1035 0.1086 0.107, 0.1082 0.1114 0.1062, 0.1035 0.1048 0.0985, 0.1035 0.1039 0.0968, 0.1082 0.1064 0.0952, 0.1035 0.0986 0.0903, 0.1035 0.0966 0.0884, 0.1082 0.0985 0.0861, 0.1035 0.0905 0.0841, 0.1035 0.0872 0.0823, 0.1082 0.0884 0.0796, 0.1035 0.081 0.0801, 0.1035 0.0764 0.0791, 0.1082 0.0768 0.0762, 0.0855 0.1088 0.1079, 0.0855 0.1098 0.1125, 0.0807 0.1127 0.1121, 0.0855 0.1048 0.0985, 0.0855 0.1066 0.1018, 0.0807 0.1093 0.1005, 0.0855 0.0986 0.0903, 0.0855 0.1006 0.0923, 0.0807 0.1028 0.0904, 0.0855 0.0905 0.0841, 0.0855 0.0921 0.085, 0.0807 0.0937 0.0825, 0.0855 0.081 0.0801, 0.0855 0.0819 0.0803, 0.0807 0.0827 0.0775, 0.0855 0.0764 0.0791, 0.0807 0.0768 0.0762, 0.0769 0.0774 0.0722, 0.0743 0.0781 0.0673, 0.073 0.0789 0.062, 0.0731 0.0797 0.0564, 0.0746 0.0804 0.0511, 0.0775 0.0811 0.0464, 0.0815 0.0817 0.0425, 0.0863 0.0821 0.0398, 0.0917 0.0823 0.0384, 0.0973 0.0823 0.0384, 0.1027 0.0821 0.0398, 0.1075 0.0817 0.0425, 0.1115 0.0811 0.0464, 0.1144 0.0804 0.0511, 0.1159 0.0797 0.0564, 0.116 0.0789 0.062, 0.1147 0.0781 0.0673, 0.1121 0.0774 0.0722, 0.1035 0.0819 0.0803, 0.1082 0.0827 0.0775, 0.1121 0.0839 0.0736, 0.1147 0.0853 0.0689, 0.116 0.0868 0.0637, 0.1159 0.0884 0.0583, 0.1144 0.0899 0.0532, 0.1115 0.0912 0.0486, 0.1075 0.0923 0.0449, 0.1027 0.0931 0.0422, 0.0973 0.0935 0.0408, 0.0917 0.0935 0.0408, 0.0863 0.0931 0.0422, 0.0815 0.0923 0.0449, 0.0775 0.0912 0.0486, 0.0746 0.0899 0.0532, 0.0731 0.0884 0.0583, 0.073 0.0868 0.0637, 0.0743 0.0853 0.0689, 0.0769 0.0839 0.0736, 0.0855 0.0872 0.0823, 0.0807 0.0884 0.0796, 0.0769 0.0901 0.0759, 0.0743 0.0921 0.0714, 0.073 0.0944 0.0665, 0.0731 0.0967 0.0614, 0.0746 0.0989 0.0566, 0.0775 0.1009 0.0522, 0.0815 0.1025 0.0487, 0.0863 0.1037 0.0462, 0.0917 0.1043 0.0449, 0.0973 0.1043 0.0449, 0.1027 0.1037 0.0462, 0.1075 0.1025 0.0487, 0.1115 0.1009 0.0522, 0.1144 0.0989 0.0566, 0.1159 0.0967 0.0614, 0.116 0.0944 0.0665, 0.1147 0.0921 0.0714, 0.1121 0.0901 0.0759, 0.1035 0.0921 0.085, 0.1082 0.0937 0.0825, 0.1121 0.0959 0.0791, 0.1147 0.0986 0.075, 0.116 0.1015 0.0704, 0.1159 0.1045 0.0657, 0.1144 0.1074 0.0612, 0.1115 0.11 0.0572, 0.1075 0.1121 0.0539, 0.1027 0.1136 0.0516, 0.0973 0.1144 0.0504, 0.0917 0.1144 0.0504, 0.0863 0.1136 0.0516, 0.0815 0.1121 0.0539, 0.0775 0.11 0.0572, 0.0746 0.1074 0.0612, 0.0731 0.1045 0.0657, 0.073 0.1015 0.0704, 0.0743 0.0986 0.075, 0.0769 0.0959 0.0791, 0.0855 0.0966 0.0884, 0.0807 0.0985 0.0861, 0.0769 0.1012 0.083, 0.0743 0.1044 0.0793, 0.073 0.108 0.0752, 0.0731 0.1116 0.071, 0.0746 0.1151 0.067, 0.0775 0.1183 0.0634, 0.0815 0.1208 0.0604, 0.0863 0.1226 0.0583, 0.0917 0.1236 0.0573, 0.0973 0.1236 0.0573, 0.1027 0.1226 0.0583, 0.1075 0.1208 0.0604, 0.1115 0.1183 0.0634, 0.1144 0.1151 0.067, 0.1159 0.1116 0.071, 0.116 0.108 0.0752, 0.1147 0.1044 0.0793, 0.1121 0.1012 0.083, 0.1035 0.1006 0.0923, 0.1082 0.1028 0.0904, 0.1121 0.1059 0.0877, 0.1147 0.1096 0.0845, 0.116 0.1137 0.081, 0.1159 0.1179 0.0773, 0.1144 0.1219 0.0738, 0.1115 0.1256 0.0707, 0.1075 0.1285 0.0681, 0.1027 0.1306 0.0663, 0.0973 0.1317 0.0654, 0.0917 0.1317 0.0654, 0.0863 0.1306 0.0663, 0.0815 0.1285 0.0681, 0.0775 0.1256 0.0707, 0.0746 0.1219 0.0738, 0.0731 0.1179 0.0773, 0.073 0.1137 0.081, 0.0743 0.1096 0.0845, 0.0769 0.1059 0.0877, 0.0855 0.1039 0.0968, 0.0807 0.1064 0.0952, 0.0769 0.1098 0.093, 0.0743 0.114 0.0904, 0.073 0.1185 0.0874, 0.0731 0.1232 0.0844, 0.0746 0.1277 0.0815, 0.0775 0.1318 0.0789, 0.0815 0.135 0.0768, 0.0863 0.1374 0.0753, 0.0917 0.1386 0.0746, 0.0973 0.1386 0.0746, 0.1027 0.1374 0.0753, 0.1075 0.135 0.0768, 0.1115 0.1318 0.0789, 0.1144 0.1277 0.0815, 0.1159 0.1232 0.0844, 0.116 0.1185 0.0874, 0.1147 0.114 0.0904, 0.1121 0.1098 0.093, 0.1035 0.1066 0.1018, 0.1082 0.1093 0.1005, 0.1121 0.113 0.0988, 0.1147 0.1175 0.0968, 0.116 0.1224 0.0945, 0.1159 0.1275 0.0922, 0.1144 0.1324 0.09, 0.1115 0.1367 0.088, 0.1075 0.1403 0.0864, 0.1027 0.1428 0.0852, 0.0973 0.1441 0.0847, 0.0917 0.1441 0.0847, 0.0863 0.1428 0.0852, 0.0815 0.1403 0.0864, 0.0775 0.1367 0.088, 0.0746 0.1324 0.09, 0.0731 0.1275 0.0922, 0.073 0.1224 0.0945, 0.0743 0.1175 0.0968, 0.0769 0.113 0.0988, 0.0855 0.1086 0.107, 0.0807 0.1114 0.1062, 0.0769 0.1153 0.105, 0.0743 0.12 0.1037, 0.073 0.1252 0.1021, 0.0731 0.1306 0.1006, 0.0746 0.1357 0.099, 0.0775 0.1403 0.0977, 0.0815 0.1441 0.0966, 0.0863 0.1467 0.0958, 0.0917 0.1481 0.0954, 0.0973 0.1481 0.0954, 0.1027 0.1467 0.0958, 0.1075 0.1441 0.0966, 0.1115 0.1403 0.0977, 0.1144 0.1357 0.099, 0.1159 0.1306 0.1006, 0.116 0.1252 0.1021, 0.1147 0.12 0.1037, 0.1121 0.1153 0.105, 0.1035 0.1098 0.1125, 0.1082 0.1127 0.1121, 0.1121 0.1167 0.1115, 0.1147 0.1216 0.1108, 0.116 0.127 0.11, 0.1159 0.1325 0.1092, 0.1144 0.1378 0.1085, 0.1115 0.1425 0.1078, 0.1075 0.1464 0.1072, 0.1027 0.1491 0.1069, 0.0973 0.1505 0.1066, 0.0917 0.1505 0.1066, 0.0863 0.1491 0.1069, 0.0815 0.1464 0.1072, 0.0775 0.1425 0.1078, 0.0746 0.1378 0.1085, 0.0731 0.1325 0.1092, 0.073 0.127 0.11, 0.0743 0.1216 0.1108, 0.0769 0.1167 0.1115, 0.1508 0.1102 0.1969, 0.1508 0.1102 0.1181, 0.1555 0.1131 0.1181, 0.1555 0.1131 0.1969, 0.1593 0.1172 0.1181, 0.1593 0.1172 0.1969, 0.1619 0.1221 0.1181, 0.1619 0.1221 0.1969, 0.1633 0.1275 0.1181, 0.1633 0.1275 0.1969, 0.1631 0.1331 0.1181, 0.1631 0.1331 0.1969, 0.1616 0.1385 0.1181, 0.1616 0.1385 0.1969, 0.1587 0.1433 0.1181, 0.1587 0.1433 0.1969, 0.1548 0.1472 0.1181, 0.1548 0.1472 0.1969, 0.1499 0.1499 0.1181, 0.1499 0.1499 0.1969, 0.1445 0.1513 0.1181, 0.1445 0.1513 0.1969, 0.1389 0.1513 0.1181, 0.1389 0.1513 0.1969, 0.1336 0.1499 0.1181, 0.1336 0.1499 0.1969, 0.1287 0.1472 0.1181, 0.1287 0.1472 0.1969, 0.1247 0.1433 0.1181, 0.1247 0.1433 0.1969, 0.1219 0.1385 0.1181, 0.1219 0.1385 0.1969, 0.1203 0.1331 0.1181, 0.1203 0.1331 0.1969, 0.1202 0.1275 0.1181, 0.1202 0.1275 0.1969, 0.1215 0.1221 0.1181, 0.1215 0.1221 0.1969, 0.1242 0.1172 0.1181, 0.1242 0.1172 0.1969, 0.128 0.1131 0.1181, 0.128 0.1131 0.1969, 0.1327 0.1102 0.1181, 0.1327 0.1102 0.1969, 0.1508 0.1088 0.1079, 0.1508 0.1086 0.107, 0.1555 0.1114 0.1062, 0.1508 0.1048 0.0985, 0.1508 0.1039 0.0968, 0.1555 0.1064 0.0952, 0.1508 0.0986 0.0903, 0.1508 0.0966 0.0884, 0.1555 0.0985 0.0861, 0.1508 0.0905 0.0841, 0.1508 0.0872 0.0823, 0.1555 0.0884 0.0796, 0.1508 0.081 0.0801, 0.1508 0.0764 0.0791, 0.1555 0.0768 0.0762, 0.1327 0.1088 0.1079, 0.1327 0.1098 0.1125, 0.128 0.1127 0.1121, 0.1327 0.1048 0.0985, 0.1327 0.1066 0.1018, 0.128 0.1093 0.1005, 0.1327 0.0986 0.0903, 0.1327 0.1006 0.0923, 0.128 0.1028 0.0904, 0.1327 0.0905 0.0841, 0.1327 0.0921 0.085, 0.128 0.0937 0.0825, 0.1327 0.081 0.0801, 0.1327 0.0819 0.0803, 0.128 0.0827 0.0775, 0.1327 0.0708 0.0787, 0.1327 0.0764 0.0791, 0.128 0.0708 0.0758, 0.128 0.0768 0.0762, 0.1242 0.0708 0.0717, 0.1242 0.0774 0.0722, 0.1215 0.0708 0.0668, 0.1215 0.0781 0.0673, 0.1202 0.0708 0.0614, 0.1202 0.0789 0.062, 0.1203 0.0708 0.0558, 0.1203 0.0797 0.0564, 0.1219 0.0708 0.0505, 0.1219 0.0804 0.0511, 0.1247 0.0708 0.0457, 0.1247 0.0811 0.0464, 0.1287 0.0708 0.0418, 0.1287 0.0817 0.0425, 0.1336 0.0708 0.039, 0.1336 0.0821 0.0398, 0.1389 0.0708 0.0376, 0.1389 0.0823 0.0384, 0.1445 0.0708 0.0376, 0.1445 0.0823 0.0384, 0.1499 0.0708 0.039, 0.1499 0.0821 0.0398, 0.1548 0.0708 0.0418, 0.1548 0.0817 0.0425, 0.1587 0.0708 0.0457, 0.1587 0.0811 0.0464, 0.1616 0.0708 0.0505, 0.1616 0.0804 0.0511, 0.1631 0.0708 0.0558, 0.1631 0.0797 0.0564, 0.1633 0.0708 0.0614, 0.1633 0.0789 0.062, 0.1619 0.0708 0.0668, 0.1619 0.0781 0.0673, 0.1593 0.0708 0.0717, 0.1593 0.0774 0.0722, 0.1555 0.0708 0.0758, 0.1508 0.0708 0.0787, 0.1508 0.0819 0.0803, 0.1555 0.0827 0.0775, 0.1593 0.0839 0.0736, 0.1619 0.0853 0.0689, 0.1633 0.0868 0.0637, 0.1631 0.0884 0.0583, 0.1616 0.0899 0.0532, 0.1587 0.0912 0.0486, 0.1548 0.0923 0.0449, 0.1499 0.0931 0.0422, 0.1445 0.0935 0.0408, 0.1389 0.0935 0.0408, 0.1336 0.0931 0.0422, 0.1287 0.0923 0.0449, 0.1247 0.0912 0.0486, 0.1219 0.0899 0.0532, 0.1203 0.0884 0.0583, 0.1202 0.0868 0.0637, 0.1215 0.0853 0.0689, 0.1242 0.0839 0.0736, 0.1327 0.0872 0.0823, 0.128 0.0884 0.0796, 0.1242 0.0901 0.0759, 0.1215 0.0921 0.0714, 0.1202 0.0944 0.0665, 0.1203 0.0967 0.0614, 0.1219 0.0989 0.0566, 0.1247 0.1009 0.0522, 0.1287 0.1025 0.0487, 0.1336 0.1037 0.0462, 0.1389 0.1043 0.0449, 0.1445 0.1043 0.0449, 0.1499 0.1037 0.0462, 0.1548 0.1025 0.0487, 0.1587 0.1009 0.0522, 0.1616 0.0989 0.0566, 0.1631 0.0967 0.0614, 0.1633 0.0944 0.0665, 0.1619 0.0921 0.0714, 0.1593 0.0901 0.0759, 0.1508 0.0921 0.085, 0.1555 0.0937 0.0825, 0.1593 0.0959 0.0791, 0.1619 0.0986 0.075, 0.1633 0.1015 0.0704, 0.1631 0.1045 0.0657, 0.1616 0.1074 0.0612, 0.1587 0.11 0.0572, 0.1548 0.1121 0.0539, 0.1499 0.1136 0.0516, 0.1445 0.1144 0.0504, 0.1389 0.1144 0.0504, 0.1336 0.1136 0.0516, 0.1287 0.1121 0.0539, 0.1247 0.11 0.0572, 0.1219 0.1074 0.0612, 0.1203 0.1045 0.0657, 0.1202 0.1015 0.0704, 0.1215 0.0986 0.075, 0.1242 0.0959 0.0791, 0.1327 0.0966 0.0884, 0.128 0.0985 0.0861, 0.1242 0.1012 0.083, 0.1215 0.1044 0.0793, 0.1202 0.108 0.0752, 0.1203 0.1116 0.071, 0.1219 0.1151 0.067, 0.1247 0.1183 0.0634, 0.1287 0.1208 0.0604, 0.1336 0.1226 0.0583, 0.1389 0.1236 0.0573, 0.1445 0.1236 0.0573, 0.1499 0.1226 0.0583, 0.1548 0.1208 0.0604, 0.1587 0.1183 0.0634, 0.1616 0.1151 0.067, 0.1631 0.1116 0.071, 0.1633 0.108 0.0752, 0.1619 0.1044 0.0793, 0.1593 0.1012 0.083, 0.1508 0.1006 0.0923, 0.1555 0.1028 0.0904, 0.1593 0.1059 0.0877, 0.1619 0.1096 0.0845, 0.1633 0.1137 0.081, 0.1631 0.1179 0.0773, 0.1616 0.1219 0.0738, 0.1587 0.1256 0.0707, 0.1548 0.1285 0.0681, 0.1499 0.1306 0.0663, 0.1445 0.1317 0.0654, 0.1389 0.1317 0.0654, 0.1336 0.1306 0.0663, 0.1287 0.1285 0.0681, 0.1247 0.1256 0.0707, 0.1219 0.1219 0.0738, 0.1203 0.1179 0.0773, 0.1202 0.1137 0.081, 0.1215 0.1096 0.0845, 0.1242 0.1059 0.0877, 0.1327 0.1039 0.0968, 0.128 0.1064 0.0952, 0.1242 0.1098 0.093, 0.1215 0.114 0.0904, 0.1202 0.1185 0.0874, 0.1203 0.1232 0.0844, 0.1219 0.1277 0.0815, 0.1247 0.1318 0.0789, 0.1287 0.135 0.0768, 0.1336 0.1374 0.0753, 0.1389 0.1386 0.0746, 0.1445 0.1386 0.0746, 0.1499 0.1374 0.0753, 0.1548 0.135 0.0768, 0.1587 0.1318 0.0789, 0.1616 0.1277 0.0815, 0.1631 0.1232 0.0844, 0.1633 0.1185 0.0874, 0.1619 0.114 0.0904, 0.1593 0.1098 0.093, 0.1508 0.1066 0.1018, 0.1555 0.1093 0.1005, 0.1593 0.113 0.0988, 0.1619 0.1175 0.0968, 0.1633 0.1224 0.0945, 0.1631 0.1275 0.0922, 0.1616 0.1324 0.09, 0.1587 0.1367 0.088, 0.1548 0.1403 0.0864, 0.1499 0.1428 0.0852, 0.1445 0.1441 0.0847, 0.1389 0.1441 0.0847, 0.1336 0.1428 0.0852, 0.1287 0.1403 0.0864, 0.1247 0.1367 0.088, 0.1219 0.1324 0.09, 0.1203 0.1275 0.0922, 0.1202 0.1224 0.0945, 0.1215 0.1175 0.0968, 0.1242 0.113 0.0988, 0.1327 0.1086 0.107, 0.128 0.1114 0.1062, 0.1242 0.1153 0.105, 0.1215 0.12 0.1037, 0.1202 0.1252 0.1021, 0.1203 0.1306 0.1006, 0.1219 0.1357 0.099, 0.1247 0.1403 0.0977, 0.1287 0.1441 0.0966, 0.1336 0.1467 0.0958, 0.1389 0.1481 0.0954, 0.1445 0.1481 0.0954, 0.1499 0.1467 0.0958, 0.1548 0.1441 0.0966, 0.1587 0.1403 0.0977, 0.1616 0.1357 0.099, 0.1631 0.1306 0.1006, 0.1633 0.1252 0.1021, 0.1619 0.12 0.1037, 0.1593 0.1153 0.105, 0.1508 0.1098 0.1125, 0.1555 0.1127 0.1121, 0.1593 0.1167 0.1115, 0.1619 0.1216 0.1108, 0.1633 0.127 0.11, 0.1631 0.1325 0.1092, 0.1616 0.1378 0.1085, 0.1587 0.1425 0.1078, 0.1548 0.1464 0.1072, 0.1499 0.1491 0.1069, 0.1445 0.1505 0.1066, 0.1389 0.1505 0.1066, 0.1336 0.1491 0.1069, 0.1287 0.1464 0.1072, 0.1247 0.1425 0.1078, 0.1219 0.1378 0.1085, 0.1203 0.1325 0.1092, 0.1202 0.127 0.11, 0.1215 0.1216 0.1108, 0.1242 0.1167 0.1115, 0.1508 -0.0709 0.0787, 0.1555 -0.0709 0.0758, 0.1593 -0.0709 0.0717, 0.1619 -0.0709 0.0668, 0.1633 -0.0709 0.0614, 0.1631 -0.0709 0.0558, 0.1616 -0.0709 0.0505, 0.1587 -0.0709 0.0457, 0.1548 -0.0709 0.0418, 0.1499 -0.0709 0.039, 0.1445 -0.0709 0.0376, 0.1389 -0.0709 0.0376, 0.1336 -0.0709 0.039, 0.1287 -0.0709 0.0418, 0.1247 -0.0709 0.0457, 0.1219 -0.0709 0.0505, 0.1203 -0.0709 0.0558, 0.1202 -0.0709 0.0614, 0.1215 -0.0709 0.0668, 0.1242 -0.0709 0.0717, 0.128 -0.0709 0.0758, 0.1327 -0.0709 0.0787, 0.1508 -0.0811 0.0801, 0.1508 -0.082 0.0803, 0.1555 -0.0828 0.0775, 0.1508 -0.0906 0.0841, 0.1508 -0.0922 0.085, 0.1555 -0.0938 0.0825, 0.1508 -0.0987 0.0903, 0.1508 -0.1007 0.0923, 0.1555 -0.1029 0.0904, 0.1508 -0.1049 0.0985, 0.1508 -0.1067 0.1018, 0.1555 -0.1094 0.1005, 0.1508 -0.1089 0.1079, 0.1508 -0.1099 0.1125, 0.1555 -0.1128 0.1121, 0.1327 -0.0811 0.0801, 0.1327 -0.0765 0.0791, 0.128 -0.0769 0.0762, 0.1327 -0.0906 0.0841, 0.1327 -0.0873 0.0823, 0.128 -0.0885 0.0796, 0.1327 -0.0987 0.0903, 0.1327 -0.0967 0.0884, 0.128 -0.0986 0.0861, 0.1327 -0.1049 0.0985, 0.1327 -0.104 0.0968, 0.128 -0.1065 0.0952, 0.1327 -0.1089 0.1079, 0.1327 -0.1087 0.107, 0.128 -0.1115 0.1062, 0.1327 -0.1103 0.1181, 0.1327 -0.1099 0.1125, 0.128 -0.1132 0.1181, 0.128 -0.1128 0.1121, 0.1242 -0.1173 0.1181, 0.1242 -0.1168 0.1115, 0.1215 -0.1222 0.1181, 0.1215 -0.1217 0.1108, 0.1202 -0.1276 0.1181, 0.1202 -0.1271 0.11, 0.1203 -0.1332 0.1181, 0.1203 -0.1326 0.1092, 0.1219 -0.1386 0.1181, 0.1219 -0.1379 0.1085, 0.1247 -0.1434 0.1181, 0.1247 -0.1426 0.1078, 0.1287 -0.1473 0.1181, 0.1287 -0.1465 0.1072, 0.1336 -0.15 0.1181, 0.1336 -0.1492 0.1069, 0.1389 -0.1514 0.1181, 0.1389 -0.1506 0.1066, 0.1445 -0.1514 0.1181, 0.1445 -0.1506 0.1066, 0.1499 -0.15 0.1181, 0.1499 -0.1492 0.1069, 0.1548 -0.1473 0.1181, 0.1548 -0.1465 0.1072, 0.1587 -0.1434 0.1181, 0.1587 -0.1426 0.1078, 0.1616 -0.1386 0.1181, 0.1616 -0.1379 0.1085, 0.1631 -0.1332 0.1181, 0.1631 -0.1326 0.1092, 0.1633 -0.1276 0.1181, 0.1633 -0.1271 0.11, 0.1619 -0.1222 0.1181, 0.1619 -0.1217 0.1108, 0.1593 -0.1173 0.1181, 0.1593 -0.1168 0.1115, 0.1555 -0.1132 0.1181, 0.1508 -0.1103 0.1181, 0.1508 -0.1087 0.107, 0.1555 -0.1115 0.1062, 0.1593 -0.1154 0.105, 0.1619 -0.1201 0.1037, 0.1633 -0.1253 0.1021, 0.1631 -0.1307 0.1006, 0.1616 -0.1358 0.099, 0.1587 -0.1404 0.0977, 0.1548 -0.1442 0.0966, 0.1499 -0.1468 0.0958, 0.1445 -0.1482 0.0954, 0.1389 -0.1482 0.0954, 0.1336 -0.1468 0.0958, 0.1287 -0.1442 0.0966, 0.1247 -0.1404 0.0977, 0.1219 -0.1358 0.099, 0.1203 -0.1307 0.1006, 0.1202 -0.1253 0.1021, 0.1215 -0.1201 0.1037, 0.1242 -0.1154 0.105, 0.1327 -0.1067 0.1018, 0.128 -0.1094 0.1005, 0.1242 -0.1131 0.0988, 0.1215 -0.1176 0.0968, 0.1202 -0.1225 0.0945, 0.1203 -0.1276 0.0922, 0.1219 -0.1325 0.09, 0.1247 -0.1368 0.088, 0.1287 -0.1404 0.0864, 0.1336 -0.1429 0.0852, 0.1389 -0.1442 0.0847, 0.1445 -0.1442 0.0847, 0.1499 -0.1429 0.0852, 0.1548 -0.1404 0.0864, 0.1587 -0.1368 0.088, 0.1616 -0.1325 0.09, 0.1631 -0.1276 0.0922, 0.1633 -0.1225 0.0945, 0.1619 -0.1176 0.0968, 0.1593 -0.1131 0.0988, 0.1508 -0.104 0.0968, 0.1555 -0.1065 0.0952, 0.1593 -0.1099 0.093, 0.1619 -0.1141 0.0904, 0.1633 -0.1186 0.0874, 0.1631 -0.1233 0.0844, 0.1616 -0.1278 0.0815, 0.1587 -0.1319 0.0789, 0.1548 -0.1351 0.0768, 0.1499 -0.1375 0.0753, 0.1445 -0.1387 0.0746, 0.1389 -0.1387 0.0746, 0.1336 -0.1375 0.0753, 0.1287 -0.1351 0.0768, 0.1247 -0.1319 0.0789, 0.1219 -0.1278 0.0815, 0.1203 -0.1233 0.0844, 0.1202 -0.1186 0.0874, 0.1215 -0.1141 0.0904, 0.1242 -0.1099 0.093, 0.1327 -0.1007 0.0923, 0.128 -0.1029 0.0904, 0.1242 -0.106 0.0877, 0.1215 -0.1097 0.0845, 0.1202 -0.1138 0.081, 0.1203 -0.118 0.0773, 0.1219 -0.122 0.0738, 0.1247 -0.1257 0.0707, 0.1287 -0.1286 0.0681, 0.1336 -0.1307 0.0663, 0.1389 -0.1318 0.0654, 0.1445 -0.1318 0.0654, 0.1499 -0.1307 0.0663, 0.1548 -0.1286 0.0681, 0.1587 -0.1257 0.0707, 0.1616 -0.122 0.0738, 0.1631 -0.118 0.0773, 0.1633 -0.1138 0.081, 0.1619 -0.1097 0.0845, 0.1593 -0.106 0.0877, 0.1508 -0.0967 0.0884, 0.1555 -0.0986 0.0861, 0.1593 -0.1013 0.083, 0.1619 -0.1045 0.0793, 0.1633 -0.1081 0.0752, 0.1631 -0.1117 0.071, 0.1616 -0.1152 0.067, 0.1587 -0.1184 0.0634, 0.1548 -0.1209 0.0604, 0.1499 -0.1227 0.0583, 0.1445 -0.1237 0.0573, 0.1389 -0.1237 0.0573, 0.1336 -0.1227 0.0583, 0.1287 -0.1209 0.0604, 0.1247 -0.1184 0.0634, 0.1219 -0.1152 0.067, 0.1203 -0.1117 0.071, 0.1202 -0.1081 0.0752, 0.1215 -0.1045 0.0793, 0.1242 -0.1013 0.083, 0.1327 -0.0922 0.085, 0.128 -0.0938 0.0825, 0.1242 -0.096 0.0791, 0.1215 -0.0987 0.075, 0.1202 -0.1016 0.0704, 0.1203 -0.1046 0.0657, 0.1219 -0.1075 0.0612, 0.1247 -0.1101 0.0572, 0.1287 -0.1122 0.0539, 0.1336 -0.1137 0.0516, 0.1389 -0.1145 0.0504, 0.1445 -0.1145 0.0504, 0.1499 -0.1137 0.0516, 0.1548 -0.1122 0.0539, 0.1587 -0.1101 0.0572, 0.1616 -0.1075 0.0612, 0.1631 -0.1046 0.0657, 0.1633 -0.1016 0.0704, 0.1619 -0.0987 0.075, 0.1593 -0.096 0.0791, 0.1508 -0.0873 0.0823, 0.1555 -0.0885 0.0796, 0.1593 -0.0902 0.0759, 0.1619 -0.0922 0.0714, 0.1633 -0.0945 0.0665, 0.1631 -0.0968 0.0614, 0.1616 -0.099 0.0566, 0.1587 -0.101 0.0522, 0.1548 -0.1026 0.0487, 0.1499 -0.1038 0.0462, 0.1445 -0.1044 0.0449, 0.1389 -0.1044 0.0449, 0.1336 -0.1038 0.0462, 0.1287 -0.1026 0.0487, 0.1247 -0.101 0.0522, 0.1219 -0.099 0.0566, 0.1203 -0.0968 0.0614, 0.1202 -0.0945 0.0665, 0.1215 -0.0922 0.0714, 0.1242 -0.0902 0.0759, 0.1327 -0.082 0.0803, 0.128 -0.0828 0.0775, 0.1242 -0.084 0.0736, 0.1215 -0.0854 0.0689, 0.1202 -0.0869 0.0637, 0.1203 -0.0885 0.0583, 0.1219 -0.09 0.0532, 0.1247 -0.0913 0.0486, 0.1287 -0.0924 0.0449, 0.1336 -0.0932 0.0422, 0.1389 -0.0936 0.0408, 0.1445 -0.0936 0.0408, 0.1499 -0.0932 0.0422, 0.1548 -0.0924 0.0449, 0.1587 -0.0913 0.0486, 0.1616 -0.09 0.0532, 0.1631 -0.0885 0.0583, 0.1633 -0.0869 0.0637, 0.1619 -0.0854 0.0689, 0.1593 -0.084 0.0736, 0.1508 -0.0765 0.0791, 0.1555 -0.0769 0.0762, 0.1593 -0.0775 0.0722, 0.1619 -0.0782 0.0673, 0.1633 -0.079 0.062, 0.1631 -0.0798 0.0564, 0.1616 -0.0805 0.0511, 0.1587 -0.0812 0.0464, 0.1548 -0.0818 0.0425, 0.1499 -0.0822 0.0398, 0.1445 -0.0824 0.0384, 0.1389 -0.0824 0.0384, 0.1336 -0.0822 0.0398, 0.1287 -0.0818 0.0425, 0.1247 -0.0812 0.0464, 0.1219 -0.0805 0.0511, 0.1203 -0.0798 0.0564, 0.1202 -0.079 0.062, 0.1215 -0.0782 0.0673, 0.1242 -0.0775 0.0722, 0.1508 -0.1103 0.1969, 0.1555 -0.1132 0.1969, 0.1593 -0.1173 0.1969, 0.1619 -0.1222 0.1969, 0.1633 -0.1276 0.1969, 0.1631 -0.1332 0.1969, 0.1616 -0.1386 0.1969, 0.1587 -0.1434 0.1969, 0.1548 -0.1473 0.1969, 0.1499 -0.15 0.1969, 0.1445 -0.1514 0.1969, 0.1389 -0.1514 0.1969, 0.1336 -0.15 0.1969, 0.1287 -0.1473 0.1969, 0.1247 -0.1434 0.1969, 0.1219 -0.1386 0.1969, 0.1203 -0.1332 0.1969, 0.1202 -0.1276 0.1969, 0.1215 -0.1222 0.1969, 0.1242 -0.1173 0.1969, 0.128 -0.1132 0.1969, 0.1327 -0.1103 0.1969, 0.1508 -0.1089 0.207, 0.1508 -0.1087 0.2079, 0.1555 -0.1115 0.2088, 0.1508 -0.1049 0.2165, 0.1508 -0.104 0.2181, 0.1555 -0.1065 0.2197, 0.1508 -0.0987 0.2246, 0.1508 -0.0967 0.2266, 0.1555 -0.0986 0.2288, 0.1508 -0.0906 0.2309, 0.1508 -0.0873 0.2327, 0.1555 -0.0885 0.2354, 0.1508 -0.0811 0.2348, 0.1508 -0.0765 0.2358, 0.1555 -0.0769 0.2387, 0.1327 -0.1089 0.207, 0.1327 -0.1099 0.2025, 0.128 -0.1128 0.2029, 0.1327 -0.1049 0.2165, 0.1327 -0.1067 0.2132, 0.128 -0.1094 0.2144, 0.1327 -0.0987 0.2246, 0.1327 -0.1007 0.2226, 0.128 -0.1029 0.2246, 0.1327 -0.0906 0.2309, 0.1327 -0.0922 0.23, 0.128 -0.0938 0.2325, 0.1327 -0.0811 0.2348, 0.1327 -0.082 0.2346, 0.128 -0.0828 0.2375, 0.1327 -0.0709 0.2362, 0.1327 -0.0765 0.2358, 0.128 -0.0709 0.2392, 0.128 -0.0769 0.2387, 0.1242 -0.0709 0.2432, 0.1242 -0.0775 0.2428, 0.1215 -0.0709 0.2482, 0.1215 -0.0782 0.2476, 0.1202 -0.0709 0.2536, 0.1202 -0.079 0.253, 0.1203 -0.0709 0.2591, 0.1203 -0.0798 0.2585, 0.1219 -0.0709 0.2645, 0.1219 -0.0805 0.2638, 0.1247 -0.0709 0.2693, 0.1247 -0.0812 0.2686, 0.1287 -0.0709 0.2732, 0.1287 -0.0818 0.2724, 0.1336 -0.0709 0.276, 0.1336 -0.0822 0.2751, 0.1389 -0.0709 0.2774, 0.1389 -0.0824 0.2766, 0.1445 -0.0709 0.2774, 0.1445 -0.0824 0.2766, 0.1499 -0.0709 0.276, 0.1499 -0.0822 0.2751, 0.1548 -0.0709 0.2732, 0.1548 -0.0818 0.2724, 0.1587 -0.0709 0.2693, 0.1587 -0.0812 0.2686, 0.1616 -0.0709 0.2645, 0.1616 -0.0805 0.2638, 0.1631 -0.0709 0.2591, 0.1631 -0.0798 0.2585, 0.1633 -0.0709 0.2536, 0.1633 -0.079 0.253, 0.1619 -0.0709 0.2482, 0.1619 -0.0782 0.2476, 0.1593 -0.0709 0.2432, 0.1593 -0.0775 0.2428, 0.1555 -0.0709 0.2392, 0.1508 -0.0709 0.2362, 0.1508 -0.082 0.2346, 0.1555 -0.0828 0.2375, 0.1593 -0.084 0.2414, 0.1619 -0.0854 0.2461, 0.1633 -0.0869 0.2513, 0.1631 -0.0885 0.2566, 0.1616 -0.09 0.2618, 0.1587 -0.0913 0.2664, 0.1548 -0.0924 0.2701, 0.1499 -0.0932 0.2727, 0.1445 -0.0936 0.2741, 0.1389 -0.0936 0.2741, 0.1336 -0.0932 0.2727, 0.1287 -0.0924 0.2701, 0.1247 -0.0913 0.2664, 0.1219 -0.09 0.2618, 0.1203 -0.0885 0.2566, 0.1202 -0.0869 0.2513, 0.1215 -0.0854 0.2461, 0.1242 -0.084 0.2414, 0.1327 -0.0873 0.2327, 0.128 -0.0885 0.2354, 0.1242 -0.0902 0.2391, 0.1215 -0.0922 0.2435, 0.1202 -0.0945 0.2484, 0.1203 -0.0968 0.2535, 0.1219 -0.099 0.2584, 0.1247 -0.101 0.2628, 0.1287 -0.1026 0.2663, 0.1336 -0.1038 0.2688, 0.1389 -0.1044 0.2701, 0.1445 -0.1044 0.2701, 0.1499 -0.1038 0.2688, 0.1548 -0.1026 0.2663, 0.1587 -0.101 0.2628, 0.1616 -0.099 0.2584, 0.1631 -0.0968 0.2535, 0.1633 -0.0945 0.2484, 0.1619 -0.0922 0.2435, 0.1593 -0.0902 0.2391, 0.1508 -0.0922 0.23, 0.1555 -0.0938 0.2325, 0.1593 -0.096 0.2359, 0.1619 -0.0987 0.24, 0.1633 -0.1016 0.2446, 0.1631 -0.1046 0.2493, 0.1616 -0.1075 0.2538, 0.1587 -0.1101 0.2578, 0.1548 -0.1122 0.2611, 0.1499 -0.1137 0.2634, 0.1445 -0.1145 0.2646, 0.1389 -0.1145 0.2646, 0.1336 -0.1137 0.2634, 0.1287 -0.1122 0.2611, 0.1247 -0.1101 0.2578, 0.1219 -0.1075 0.2538, 0.1203 -0.1046 0.2493, 0.1202 -0.1016 0.2446, 0.1215 -0.0987 0.24, 0.1242 -0.096 0.2359, 0.1327 -0.0967 0.2266, 0.128 -0.0986 0.2288, 0.1242 -0.1013 0.2319, 0.1215 -0.1045 0.2356, 0.1202 -0.1081 0.2397, 0.1203 -0.1117 0.2439, 0.1219 -0.1152 0.248, 0.1247 -0.1184 0.2516, 0.1287 -0.1209 0.2546, 0.1336 -0.1227 0.2566, 0.1389 -0.1237 0.2577, 0.1445 -0.1237 0.2577, 0.1499 -0.1227 0.2566, 0.1548 -0.1209 0.2546, 0.1587 -0.1184 0.2516, 0.1616 -0.1152 0.248, 0.1631 -0.1117 0.2439, 0.1633 -0.1081 0.2397, 0.1619 -0.1045 0.2356, 0.1593 -0.1013 0.2319, 0.1508 -0.1007 0.2226, 0.1555 -0.1029 0.2246, 0.1593 -0.106 0.2272, 0.1619 -0.1097 0.2304, 0.1633 -0.1138 0.234, 0.1631 -0.118 0.2376, 0.1616 -0.122 0.2412, 0.1587 -0.1257 0.2443, 0.1548 -0.1286 0.2468, 0.1499 -0.1307 0.2487, 0.1445 -0.1318 0.2496, 0.1389 -0.1318 0.2496, 0.1336 -0.1307 0.2487, 0.1287 -0.1286 0.2468, 0.1247 -0.1257 0.2443, 0.1219 -0.122 0.2412, 0.1203 -0.118 0.2376, 0.1202 -0.1138 0.234, 0.1215 -0.1097 0.2304, 0.1242 -0.106 0.2272, 0.1327 -0.104 0.2181, 0.128 -0.1065 0.2197, 0.1242 -0.1099 0.2219, 0.1215 -0.1141 0.2246, 0.1202 -0.1186 0.2275, 0.1203 -0.1233 0.2305, 0.1219 -0.1278 0.2334, 0.1247 -0.1319 0.236, 0.1287 -0.1351 0.2381, 0.1336 -0.1375 0.2396, 0.1389 -0.1387 0.2404, 0.1445 -0.1387 0.2404, 0.1499 -0.1375 0.2396, 0.1548 -0.1351 0.2381, 0.1587 -0.1319 0.236, 0.1616 -0.1278 0.2334, 0.1631 -0.1233 0.2305, 0.1633 -0.1186 0.2275, 0.1619 -0.1141 0.2246, 0.1593 -0.1099 0.2219, 0.1508 -0.1067 0.2132, 0.1555 -0.1094 0.2144, 0.1593 -0.1131 0.2161, 0.1619 -0.1176 0.2182, 0.1633 -0.1225 0.2204, 0.1631 -0.1276 0.2227, 0.1616 -0.1325 0.225, 0.1587 -0.1368 0.2269, 0.1548 -0.1404 0.2286, 0.1499 -0.1429 0.2297, 0.1445 -0.1442 0.2303, 0.1389 -0.1442 0.2303, 0.1336 -0.1429 0.2297, 0.1287 -0.1404 0.2286, 0.1247 -0.1368 0.2269, 0.1219 -0.1325 0.225, 0.1203 -0.1276 0.2227, 0.1202 -0.1225 0.2204, 0.1215 -0.1176 0.2182, 0.1242 -0.1131 0.2161, 0.1327 -0.1087 0.2079, 0.128 -0.1115 0.2088, 0.1242 -0.1154 0.2099, 0.1215 -0.1201 0.2113, 0.1202 -0.1253 0.2128, 0.1203 -0.1307 0.2144, 0.1219 -0.1358 0.2159, 0.1247 -0.1404 0.2173, 0.1287 -0.1442 0.2184, 0.1336 -0.1468 0.2191, 0.1389 -0.1482 0.2195, 0.1445 -0.1482 0.2195, 0.1499 -0.1468 0.2191, 0.1548 -0.1442 0.2184, 0.1587 -0.1404 0.2173, 0.1616 -0.1358 0.2159, 0.1631 -0.1307 0.2144, 0.1633 -0.1253 0.2128, 0.1619 -0.1201 0.2113, 0.1593 -0.1154 0.2099, 0.1508 -0.1099 0.2025, 0.1555 -0.1128 0.2029, 0.1593 -0.1168 0.2035, 0.1619 -0.1217 0.2042, 0.1633 -0.1271 0.2049, 0.1631 -0.1326 0.2057, 0.1616 -0.1379 0.2065, 0.1587 -0.1426 0.2072, 0.1548 -0.1465 0.2077, 0.1499 -0.1492 0.2081, 0.1445 -0.1506 0.2083, 0.1389 -0.1506 0.2083, 0.1336 -0.1492 0.2081, 0.1287 -0.1465 0.2077, 0.1247 -0.1426 0.2072, 0.1219 -0.1379 0.2065, 0.1203 -0.1326 0.2057, 0.1202 -0.1271 0.2049, 0.1215 -0.1217 0.2042, 0.1242 -0.1168 0.2035, 0.1508 0.0708 0.2362, 0.1555 0.0708 0.2392, 0.1593 0.0708 0.2432, 0.1619 0.0708 0.2482, 0.1633 0.0708 0.2536, 0.1631 0.0708 0.2591, 0.1616 0.0708 0.2645, 0.1587 0.0708 0.2693, 0.1548 0.0708 0.2732, 0.1499 0.0708 0.276, 0.1445 0.0708 0.2774, 0.1389 0.0708 0.2774, 0.1336 0.0708 0.276, 0.1287 0.0708 0.2732, 0.1247 0.0708 0.2693, 0.1219 0.0708 0.2645, 0.1203 0.0708 0.2591, 0.1202 0.0708 0.2536, 0.1215 0.0708 0.2482, 0.1242 0.0708 0.2432, 0.128 0.0708 0.2392, 0.1327 0.0708 0.2362, 0.1508 0.081 0.2348, 0.1508 0.0819 0.2346, 0.1555 0.0827 0.2375, 0.1508 0.0905 0.2309, 0.1508 0.0921 0.23, 0.1555 0.0937 0.2325, 0.1508 0.0986 0.2246, 0.1508 0.1006 0.2226, 0.1555 0.1028 0.2246, 0.1508 0.1048 0.2165, 0.1508 0.1066 0.2132, 0.1555 0.1093 0.2144, 0.1508 0.1088 0.207, 0.1508 0.1098 0.2025, 0.1555 0.1127 0.2029, 0.1327 0.081 0.2348, 0.1327 0.0764 0.2358, 0.128 0.0768 0.2387, 0.1327 0.0905 0.2309, 0.1327 0.0872 0.2327, 0.128 0.0884 0.2354, 0.1327 0.0986 0.2246, 0.1327 0.0966 0.2266, 0.128 0.0985 0.2288, 0.1327 0.1048 0.2165, 0.1327 0.1039 0.2181, 0.128 0.1064 0.2197, 0.1327 0.1088 0.207, 0.1327 0.1086 0.2079, 0.128 0.1114 0.2088, 0.1327 0.1098 0.2025, 0.128 0.1127 0.2029, 0.1242 0.1167 0.2035, 0.1215 0.1216 0.2042, 0.1202 0.127 0.2049, 0.1203 0.1325 0.2057, 0.1219 0.1378 0.2065, 0.1247 0.1425 0.2072, 0.1287 0.1464 0.2077, 0.1336 0.1491 0.2081, 0.1389 0.1505 0.2083, 0.1445 0.1505 0.2083, 0.1499 0.1491 0.2081, 0.1548 0.1464 0.2077, 0.1587 0.1425 0.2072, 0.1616 0.1378 0.2065, 0.1631 0.1325 0.2057, 0.1633 0.127 0.2049, 0.1619 0.1216 0.2042, 0.1593 0.1167 0.2035, 0.1508 0.1086 0.2079, 0.1555 0.1114 0.2088, 0.1593 0.1153 0.2099, 0.1619 0.12 0.2113, 0.1633 0.1252 0.2128, 0.1631 0.1306 0.2144, 0.1616 0.1357 0.2159, 0.1587 0.1403 0.2173, 0.1548 0.1441 0.2184, 0.1499 0.1467 0.2191, 0.1445 0.1481 0.2195, 0.1389 0.1481 0.2195, 0.1336 0.1467 0.2191, 0.1287 0.1441 0.2184, 0.1247 0.1403 0.2173, 0.1219 0.1357 0.2159, 0.1203 0.1306 0.2144, 0.1202 0.1252 0.2128, 0.1215 0.12 0.2113, 0.1242 0.1153 0.2099, 0.1327 0.1066 0.2132, 0.128 0.1093 0.2144, 0.1242 0.113 0.2161, 0.1215 0.1175 0.2182, 0.1202 0.1224 0.2204, 0.1203 0.1275 0.2227, 0.1219 0.1324 0.225, 0.1247 0.1367 0.2269, 0.1287 0.1403 0.2286, 0.1336 0.1428 0.2297, 0.1389 0.1441 0.2303, 0.1445 0.1441 0.2303, 0.1499 0.1428 0.2297, 0.1548 0.1403 0.2286, 0.1587 0.1367 0.2269, 0.1616 0.1324 0.225, 0.1631 0.1275 0.2227, 0.1633 0.1224 0.2204, 0.1619 0.1175 0.2182, 0.1593 0.113 0.2161, 0.1508 0.1039 0.2181, 0.1555 0.1064 0.2197, 0.1593 0.1098 0.2219, 0.1619 0.114 0.2246, 0.1633 0.1185 0.2275, 0.1631 0.1232 0.2305, 0.1616 0.1277 0.2334, 0.1587 0.1318 0.236, 0.1548 0.135 0.2381, 0.1499 0.1374 0.2396, 0.1445 0.1386 0.2404, 0.1389 0.1386 0.2404, 0.1336 0.1374 0.2396, 0.1287 0.135 0.2381, 0.1247 0.1318 0.236, 0.1219 0.1277 0.2334, 0.1203 0.1232 0.2305, 0.1202 0.1185 0.2275, 0.1215 0.114 0.2246, 0.1242 0.1098 0.2219, 0.1327 0.1006 0.2226, 0.128 0.1028 0.2246, 0.1242 0.1059 0.2272, 0.1215 0.1096 0.2304, 0.1202 0.1137 0.234, 0.1203 0.1179 0.2376, 0.1219 0.1219 0.2412, 0.1247 0.1256 0.2443, 0.1287 0.1285 0.2468, 0.1336 0.1306 0.2487, 0.1389 0.1317 0.2496, 0.1445 0.1317 0.2496, 0.1499 0.1306 0.2487, 0.1548 0.1285 0.2468, 0.1587 0.1256 0.2443, 0.1616 0.1219 0.2412, 0.1631 0.1179 0.2376, 0.1633 0.1137 0.234, 0.1619 0.1096 0.2304, 0.1593 0.1059 0.2272, 0.1508 0.0966 0.2266, 0.1555 0.0985 0.2288, 0.1593 0.1012 0.2319, 0.1619 0.1044 0.2356, 0.1633 0.108 0.2397, 0.1631 0.1116 0.2439, 0.1616 0.1151 0.248, 0.1587 0.1183 0.2516, 0.1548 0.1208 0.2546, 0.1499 0.1226 0.2566, 0.1445 0.1236 0.2577, 0.1389 0.1236 0.2577, 0.1336 0.1226 0.2566, 0.1287 0.1208 0.2546, 0.1247 0.1183 0.2516, 0.1219 0.1151 0.248, 0.1203 0.1116 0.2439, 0.1202 0.108 0.2397, 0.1215 0.1044 0.2356, 0.1242 0.1012 0.2319, 0.1327 0.0921 0.23, 0.128 0.0937 0.2325, 0.1242 0.0959 0.2359, 0.1215 0.0986 0.24, 0.1202 0.1015 0.2446, 0.1203 0.1045 0.2493, 0.1219 0.1074 0.2538, 0.1247 0.11 0.2578, 0.1287 0.1121 0.2611, 0.1336 0.1136 0.2634, 0.1389 0.1144 0.2646, 0.1445 0.1144 0.2646, 0.1499 0.1136 0.2634, 0.1548 0.1121 0.2611, 0.1587 0.11 0.2578, 0.1616 0.1074 0.2538, 0.1631 0.1045 0.2493, 0.1633 0.1015 0.2446, 0.1619 0.0986 0.24, 0.1593 0.0959 0.2359, 0.1508 0.0872 0.2327, 0.1555 0.0884 0.2354, 0.1593 0.0901 0.2391, 0.1619 0.0921 0.2435, 0.1633 0.0944 0.2484, 0.1631 0.0967 0.2535, 0.1616 0.0989 0.2584, 0.1587 0.1009 0.2628, 0.1548 0.1025 0.2663, 0.1499 0.1037 0.2688, 0.1445 0.1043 0.2701, 0.1389 0.1043 0.2701, 0.1336 0.1037 0.2688, 0.1287 0.1025 0.2663, 0.1247 0.1009 0.2628, 0.1219 0.0989 0.2584, 0.1203 0.0967 0.2535, 0.1202 0.0944 0.2484, 0.1215 0.0921 0.2435, 0.1242 0.0901 0.2391, 0.1327 0.0819 0.2346, 0.128 0.0827 0.2375, 0.1242 0.0839 0.2414, 0.1215 0.0853 0.2461, 0.1202 0.0868 0.2513, 0.1203 0.0884 0.2566, 0.1219 0.0899 0.2618, 0.1247 0.0912 0.2664, 0.1287 0.0923 0.2701, 0.1336 0.0931 0.2727, 0.1389 0.0935 0.2741, 0.1445 0.0935 0.2741, 0.1499 0.0931 0.2727, 0.1548 0.0923 0.2701, 0.1587 0.0912 0.2664, 0.1616 0.0899 0.2618, 0.1631 0.0884 0.2566, 0.1633 0.0868 0.2513, 0.1619 0.0853 0.2461, 0.1593 0.0839 0.2414, 0.1508 0.0764 0.2358, 0.1555 0.0768 0.2387, 0.1593 0.0774 0.2428, 0.1619 0.0781 0.2476, 0.1633 0.0789 0.253, 0.1631 0.0797 0.2585, 0.1616 0.0804 0.2638, 0.1587 0.0811 0.2686, 0.1548 0.0817 0.2724, 0.1499 0.0821 0.2751, 0.1445 0.0823 0.2766, 0.1389 0.0823 0.2766, 0.1336 0.0821 0.2751, 0.1287 0.0817 0.2724, 0.1247 0.0811 0.2686, 0.1219 0.0804 0.2638, 0.1203 0.0797 0.2585, 0.1202 0.0789 0.253, 0.1215 0.0781 0.2476, 0.1242 0.0774 0.2428
            ]
        }
        coordIndex [
            0,1,2,-1,0,2,3,-1,3,2,4,-1,3,4,5,-1,5,4,6,-1,5,6,7,-1,7,6,8,-1,7,8,9,-1,9,8,10,-1,9,10,11,-1,11,10,12,-1,11,12,13,-1,13,12,14,-1,13,14,15,-1,15,14,16,-1,15,16,17,-1,17,16,18,-1,17,18,19,-1,19,18,20,-1,19,20,21,-1,21,20,22,-1,21,22,23,-1,23,22,24,-1,23,24,25,-1,25,24,26,-1,25,26,27,-1,27,26,28,-1,27,28,29,-1,29,28,30,-1,29,30,31,-1,31,30,32,-1,31,32,33,-1,33,32,34,-1,33,34,35,-1,35,34,36,-1,35,36,37,-1,37,36,38,-1,37,38,39,-1,39,38,40,-1,39,40,41,-1,41,40,42,-1,41,42,43,-1,44,45,46,-1,47,48,49,-1,50,51,52,-1,53,54,55,-1,56,57,58,-1,59,60,61,-1,62,63,64,-1,65,66,67,-1,68,69,70,-1,71,72,73,-1,74,75,76,-1,76,75,77,-1,76,77,78,-1,78,77,79,-1,78,79,80,-1,80,79,81,-1,80,81,82,-1,82,81,83,-1,82,83,84,-1,84,83,85,-1,84,85,86,-1,86,85,87,-1,86,87,88,-1,88,87,89,-1,88,89,90,-1,90,89,91,-1,90,91,92,-1,92,91,93,-1,92,93,94,-1,94,93,95,-1,94,95,96,-1,96,95,97,-1,96,97,98,-1,98,97,99,-1,98,99,100,-1,100,99,101,-1,100,101,102,-1,102,101,103,-1,102,103,104,-1,104,103,105,-1,104,105,106,-1,106,105,107,-1,106,107,108,-1,108,107,109,-1,108,109,110,-1,110,109,111,-1,110,111,112,-1,112,111,113,-1,112,113,114,-1,114,113,58,-1,114,58,115,-1,115,58,57,-1,116,56,117,-1,117,56,58,-1,117,58,118,-1,118,58,113,-1,118,113,119,-1,119,113,111,-1,119,111,120,-1,120,111,109,-1,120,109,121,-1,121,109,107,-1,121,107,122,-1,122,107,105,-1,122,105,123,-1,123,105,103,-1,123,103,124,-1,124,103,101,-1,124,101,125,-1,125,101,99,-1,125,99,126,-1,126,99,97,-1,126,97,127,-1,127,97,95,-1,127,95,128,-1,128,95,93,-1,128,93,129,-1,129,93,91,-1,129,91,130,-1,130,91,89,-1,130,89,131,-1,131,89,87,-1,131,87,132,-1,132,87,85,-1,132,85,133,-1,133,85,83,-1,133,83,134,-1,134,83,81,-1,134,81,135,-1,135,81,79,-1,135,79,73,-1,73,79,77,-1,73,77,71,-1,71,77,75,-1,72,136,73,-1,73,136,137,-1,73,137,135,-1,135,137,138,-1,135,138,134,-1,134,138,139,-1,134,139,133,-1,133,139,140,-1,133,140,132,-1,132,140,141,-1,132,141,131,-1,131,141,142,-1,131,142,130,-1,130,142,143,-1,130,143,129,-1,129,143,144,-1,129,144,128,-1,128,144,145,-1,128,145,127,-1,127,145,146,-1,127,146,126,-1,126,146,147,-1,126,147,125,-1,125,147,148,-1,125,148,124,-1,124,148,149,-1,124,149,123,-1,123,149,150,-1,123,150,122,-1,122,150,151,-1,122,151,121,-1,121,151,152,-1,121,152,120,-1,120,152,153,-1,120,153,119,-1,119,153,154,-1,119,154,118,-1,118,154,155,-1,118,155,117,-1,117,155,55,-1,117,55,116,-1,116,55,54,-1,156,53,157,-1,157,53,55,-1,157,55,158,-1,158,55,155,-1,158,155,159,-1,159,155,154,-1,159,154,160,-1,160,154,153,-1,160,153,161,-1,161,153,152,-1,161,152,162,-1,162,152,151,-1,162,151,163,-1,163,151,150,-1,163,150,164,-1,164,150,149,-1,164,149,165,-1,165,149,148,-1,165,148,166,-1,166,148,147,-1,166,147,167,-1,167,147,146,-1,167,146,168,-1,168,146,145,-1,168,145,169,-1,169,145,144,-1,169,144,170,-1,170,144,143,-1,170,143,171,-1,171,143,142,-1,171,142,172,-1,172,142,141,-1,172,141,173,-1,173,141,140,-1,173,140,174,-1,174,140,139,-1,174,139,175,-1,175,139,138,-1,175,138,70,-1,70,138,137,-1,70,137,68,-1,68,137,136,-1,69,176,70,-1,70,176,177,-1,70,177,175,-1,175,177,178,-1,175,178,174,-1,174,178,179,-1,174,179,173,-1,173,179,180,-1,173,180,172,-1,172,180,181,-1,172,181,171,-1,171,181,182,-1,171,182,170,-1,170,182,183,-1,170,183,169,-1,169,183,184,-1,169,184,168,-1,168,184,185,-1,168,185,167,-1,167,185,186,-1,167,186,166,-1,166,186,187,-1,166,187,165,-1,165,187,188,-1,165,188,164,-1,164,188,189,-1,164,189,163,-1,163,189,190,-1,163,190,162,-1,162,190,191,-1,162,191,161,-1,161,191,192,-1,161,192,160,-1,160,192,193,-1,160,193,159,-1,159,193,194,-1,159,194,158,-1,158,194,195,-1,158,195,157,-1,157,195,52,-1,157,52,156,-1,156,52,51,-1,196,50,197,-1,197,50,52,-1,197,52,198,-1,198,52,195,-1,198,195,199,-1,199,195,194,-1,199,194,200,-1,200,194,193,-1,200,193,201,-1,201,193,192,-1,201,192,202,-1,202,192,191,-1,202,191,203,-1,203,191,190,-1,203,190,204,-1,204,190,189,-1,204,189,205,-1,205,189,188,-1,205,188,206,-1,206,188,187,-1,206,187,207,-1,207,187,186,-1,207,186,208,-1,208,186,185,-1,208,185,209,-1,209,185,184,-1,209,184,210,-1,210,184,183,-1,210,183,211,-1,211,183,182,-1,211,182,212,-1,212,182,181,-1,212,181,213,-1,213,181,180,-1,213,180,214,-1,214,180,179,-1,214,179,215,-1,215,179,178,-1,215,178,67,-1,67,178,177,-1,67,177,65,-1,65,177,176,-1,66,216,67,-1,67,216,217,-1,67,217,215,-1,215,217,218,-1,215,218,214,-1,214,218,219,-1,214,219,213,-1,213,219,220,-1,213,220,212,-1,212,220,221,-1,212,221,211,-1,211,221,222,-1,211,222,210,-1,210,222,223,-1,210,223,209,-1,209,223,224,-1,209,224,208,-1,208,224,225,-1,208,225,207,-1,207,225,226,-1,207,226,206,-1,206,226,227,-1,206,227,205,-1,205,227,228,-1,205,228,204,-1,204,228,229,-1,204,229,203,-1,203,229,230,-1,203,230,202,-1,202,230,231,-1,202,231,201,-1,201,231,232,-1,201,232,200,-1,200,232,233,-1,200,233,199,-1,199,233,234,-1,199,234,198,-1,198,234,235,-1,198,235,197,-1,197,235,49,-1,197,49,196,-1,196,49,48,-1,236,47,237,-1,237,47,49,-1,237,49,238,-1,238,49,235,-1,238,235,239,-1,239,235,234,-1,239,234,240,-1,240,234,233,-1,240,233,241,-1,241,233,232,-1,241,232,242,-1,242,232,231,-1,242,231,243,-1,243,231,230,-1,243,230,244,-1,244,230,229,-1,244,229,245,-1,245,229,228,-1,245,228,246,-1,246,228,227,-1,246,227,247,-1,247,227,226,-1,247,226,248,-1,248,226,225,-1,248,225,249,-1,249,225,224,-1,249,224,250,-1,250,224,223,-1,250,223,251,-1,251,223,222,-1,251,222,252,-1,252,222,221,-1,252,221,253,-1,253,221,220,-1,253,220,254,-1,254,220,219,-1,254,219,255,-1,255,219,218,-1,255,218,64,-1,64,218,217,-1,64,217,62,-1,62,217,216,-1,63,256,64,-1,64,256,257,-1,64,257,255,-1,255,257,258,-1,255,258,254,-1,254,258,259,-1,254,259,253,-1,253,259,260,-1,253,260,252,-1,252,260,261,-1,252,261,251,-1,251,261,262,-1,251,262,250,-1,250,262,263,-1,250,263,249,-1,249,263,264,-1,249,264,248,-1,248,264,265,-1,248,265,247,-1,247,265,266,-1,247,266,246,-1,246,266,267,-1,246,267,245,-1,245,267,268,-1,245,268,244,-1,244,268,269,-1,244,269,243,-1,243,269,270,-1,243,270,242,-1,242,270,271,-1,242,271,241,-1,241,271,272,-1,241,272,240,-1,240,272,273,-1,240,273,239,-1,239,273,274,-1,239,274,238,-1,238,274,275,-1,238,275,237,-1,237,275,46,-1,237,46,236,-1,236,46,45,-1,276,44,277,-1,277,44,46,-1,277,46,278,-1,278,46,275,-1,278,275,279,-1,279,275,274,-1,279,274,280,-1,280,274,273,-1,280,273,281,-1,281,273,272,-1,281,272,282,-1,282,272,271,-1,282,271,283,-1,283,271,270,-1,283,270,284,-1,284,270,269,-1,284,269,285,-1,285,269,268,-1,285,268,286,-1,286,268,267,-1,286,267,287,-1,287,267,266,-1,287,266,288,-1,288,266,265,-1,288,265,289,-1,289,265,264,-1,289,264,290,-1,290,264,263,-1,290,263,291,-1,291,263,262,-1,291,262,292,-1,292,262,261,-1,292,261,293,-1,293,261,260,-1,293,260,294,-1,294,260,259,-1,294,259,295,-1,295,259,258,-1,295,258,61,-1,61,258,257,-1,61,257,59,-1,59,257,256,-1,60,42,61,-1,61,42,40,-1,61,40,295,-1,295,40,38,-1,295,38,294,-1,294,38,36,-1,294,36,293,-1,293,36,34,-1,293,34,292,-1,292,34,32,-1,292,32,291,-1,291,32,30,-1,291,30,290,-1,290,30,28,-1,290,28,289,-1,289,28,26,-1,289,26,288,-1,288,26,24,-1,288,24,287,-1,287,24,22,-1,287,22,286,-1,286,22,20,-1,286,20,285,-1,285,20,18,-1,285,18,284,-1,284,18,16,-1,284,16,283,-1,283,16,14,-1,283,14,282,-1,282,14,12,-1,282,12,281,-1,281,12,10,-1,281,10,280,-1,280,10,8,-1,280,8,279,-1,279,8,6,-1,279,6,278,-1,278,6,4,-1,278,4,277,-1,277,4,2,-1,277,2,276,-1,276,2,1,-1,115,296,297,-1,115,297,114,-1,114,297,298,-1,114,298,112,-1,112,298,299,-1,112,299,110,-1,110,299,300,-1,110,300,108,-1,108,300,301,-1,108,301,106,-1,106,301,302,-1,106,302,104,-1,104,302,303,-1,104,303,102,-1,102,303,304,-1,102,304,100,-1,100,304,305,-1,100,305,98,-1,98,305,306,-1,98,306,96,-1,96,306,307,-1,96,307,94,-1,94,307,308,-1,94,308,92,-1,92,308,309,-1,92,309,90,-1,90,309,310,-1,90,310,88,-1,88,310,311,-1,88,311,86,-1,86,311,312,-1,86,312,84,-1,84,312,313,-1,84,313,82,-1,82,313,314,-1,82,314,80,-1,80,314,315,-1,80,315,78,-1,78,315,316,-1,78,316,76,-1,76,316,317,-1,76,317,74,-1,318,319,320,-1,321,322,323,-1,324,325,326,-1,327,328,329,-1,330,331,332,-1,333,334,335,-1,336,337,338,-1,339,340,341,-1,342,343,344,-1,345,346,347,-1,348,349,350,-1,350,349,351,-1,350,351,352,-1,352,351,353,-1,352,353,354,-1,354,353,355,-1,354,355,356,-1,356,355,357,-1,356,357,358,-1,358,357,359,-1,358,359,360,-1,360,359,361,-1,360,361,362,-1,362,361,363,-1,362,363,364,-1,364,363,365,-1,364,365,366,-1,366,365,367,-1,366,367,368,-1,368,367,369,-1,368,369,370,-1,370,369,371,-1,370,371,372,-1,372,371,373,-1,372,373,374,-1,374,373,375,-1,374,375,376,-1,376,375,377,-1,376,377,378,-1,378,377,379,-1,378,379,380,-1,380,379,381,-1,380,381,382,-1,382,381,383,-1,382,383,384,-1,384,383,385,-1,384,385,386,-1,386,385,387,-1,386,387,388,-1,388,387,332,-1,388,332,389,-1,389,332,331,-1,390,330,391,-1,391,330,332,-1,391,332,392,-1,392,332,387,-1,392,387,393,-1,393,387,385,-1,393,385,394,-1,394,385,383,-1,394,383,395,-1,395,383,381,-1,395,381,396,-1,396,381,379,-1,396,379,397,-1,397,379,377,-1,397,377,398,-1,398,377,375,-1,398,375,399,-1,399,375,373,-1,399,373,400,-1,400,373,371,-1,400,371,401,-1,401,371,369,-1,401,369,402,-1,402,369,367,-1,402,367,403,-1,403,367,365,-1,403,365,404,-1,404,365,363,-1,404,363,405,-1,405,363,361,-1,405,361,406,-1,406,361,359,-1,406,359,407,-1,407,359,357,-1,407,357,408,-1,408,357,355,-1,408,355,409,-1,409,355,353,-1,409,353,347,-1,347,353,351,-1,347,351,345,-1,345,351,349,-1,346,410,347,-1,347,410,411,-1,347,411,409,-1,409,411,412,-1,409,412,408,-1,408,412,413,-1,408,413,407,-1,407,413,414,-1,407,414,406,-1,406,414,415,-1,406,415,405,-1,405,415,416,-1,405,416,404,-1,404,416,417,-1,404,417,403,-1,403,417,418,-1,403,418,402,-1,402,418,419,-1,402,419,401,-1,401,419,420,-1,401,420,400,-1,400,420,421,-1,400,421,399,-1,399,421,422,-1,399,422,398,-1,398,422,423,-1,398,423,397,-1,397,423,424,-1,397,424,396,-1,396,424,425,-1,396,425,395,-1,395,425,426,-1,395,426,394,-1,394,426,427,-1,394,427,393,-1,393,427,428,-1,393,428,392,-1,392,428,429,-1,392,429,391,-1,391,429,329,-1,391,329,390,-1,390,329,328,-1,430,327,431,-1,431,327,329,-1,431,329,432,-1,432,329,429,-1,432,429,433,-1,433,429,428,-1,433,428,434,-1,434,428,427,-1,434,427,435,-1,435,427,426,-1,435,426,436,-1,436,426,425,-1,436,425,437,-1,437,425,424,-1,437,424,438,-1,438,424,423,-1,438,423,439,-1,439,423,422,-1,439,422,440,-1,440,422,421,-1,440,421,441,-1,441,421,420,-1,441,420,442,-1,442,420,419,-1,442,419,443,-1,443,419,418,-1,443,418,444,-1,444,418,417,-1,444,417,445,-1,445,417,416,-1,445,416,446,-1,446,416,415,-1,446,415,447,-1,447,415,414,-1,447,414,448,-1,448,414,413,-1,448,413,449,-1,449,413,412,-1,449,412,344,-1,344,412,411,-1,344,411,342,-1,342,411,410,-1,343,450,344,-1,344,450,451,-1,344,451,449,-1,449,451,452,-1,449,452,448,-1,448,452,453,-1,448,453,447,-1,447,453,454,-1,447,454,446,-1,446,454,455,-1,446,455,445,-1,445,455,456,-1,445,456,444,-1,444,456,457,-1,444,457,443,-1,443,457,458,-1,443,458,442,-1,442,458,459,-1,442,459,441,-1,441,459,460,-1,441,460,440,-1,440,460,461,-1,440,461,439,-1,439,461,462,-1,439,462,438,-1,438,462,463,-1,438,463,437,-1,437,463,464,-1,437,464,436,-1,436,464,465,-1,436,465,435,-1,435,465,466,-1,435,466,434,-1,434,466,467,-1,434,467,433,-1,433,467,468,-1,433,468,432,-1,432,468,469,-1,432,469,431,-1,431,469,326,-1,431,326,430,-1,430,326,325,-1,470,324,471,-1,471,324,326,-1,471,326,472,-1,472,326,469,-1,472,469,473,-1,473,469,468,-1,473,468,474,-1,474,468,467,-1,474,467,475,-1,475,467,466,-1,475,466,476,-1,476,466,465,-1,476,465,477,-1,477,465,464,-1,477,464,478,-1,478,464,463,-1,478,463,479,-1,479,463,462,-1,479,462,480,-1,480,462,461,-1,480,461,481,-1,481,461,460,-1,481,460,482,-1,482,460,459,-1,482,459,483,-1,483,459,458,-1,483,458,484,-1,484,458,457,-1,484,457,485,-1,485,457,456,-1,485,456,486,-1,486,456,455,-1,486,455,487,-1,487,455,454,-1,487,454,488,-1,488,454,453,-1,488,453,489,-1,489,453,452,-1,489,452,341,-1,341,452,451,-1,341,451,339,-1,339,451,450,-1,340,490,341,-1,341,490,491,-1,341,491,489,-1,489,491,492,-1,489,492,488,-1,488,492,493,-1,488,493,487,-1,487,493,494,-1,487,494,486,-1,486,494,495,-1,486,495,485,-1,485,495,496,-1,485,496,484,-1,484,496,497,-1,484,497,483,-1,483,497,498,-1,483,498,482,-1,482,498,499,-1,482,499,481,-1,481,499,500,-1,481,500,480,-1,480,500,501,-1,480,501,479,-1,479,501,502,-1,479,502,478,-1,478,502,503,-1,478,503,477,-1,477,503,504,-1,477,504,476,-1,476,504,505,-1,476,505,475,-1,475,505,506,-1,475,506,474,-1,474,506,507,-1,474,507,473,-1,473,507,508,-1,473,508,472,-1,472,508,509,-1,472,509,471,-1,471,509,323,-1,471,323,470,-1,470,323,322,-1,510,321,511,-1,511,321,323,-1,511,323,512,-1,512,323,509,-1,512,509,513,-1,513,509,508,-1,513,508,514,-1,514,508,507,-1,514,507,515,-1,515,507,506,-1,515,506,516,-1,516,506,505,-1,516,505,517,-1,517,505,504,-1,517,504,518,-1,518,504,503,-1,518,503,519,-1,519,503,502,-1,519,502,520,-1,520,502,501,-1,520,501,521,-1,521,501,500,-1,521,500,522,-1,522,500,499,-1,522,499,523,-1,523,499,498,-1,523,498,524,-1,524,498,497,-1,524,497,525,-1,525,497,496,-1,525,496,526,-1,526,496,495,-1,526,495,527,-1,527,495,494,-1,527,494,528,-1,528,494,493,-1,528,493,529,-1,529,493,492,-1,529,492,338,-1,338,492,491,-1,338,491,336,-1,336,491,490,-1,337,530,338,-1,338,530,531,-1,338,531,529,-1,529,531,532,-1,529,532,528,-1,528,532,533,-1,528,533,527,-1,527,533,534,-1,527,534,526,-1,526,534,535,-1,526,535,525,-1,525,535,536,-1,525,536,524,-1,524,536,537,-1,524,537,523,-1,523,537,538,-1,523,538,522,-1,522,538,539,-1,522,539,521,-1,521,539,540,-1,521,540,520,-1,520,540,541,-1,520,541,519,-1,519,541,542,-1,519,542,518,-1,518,542,543,-1,518,543,517,-1,517,543,544,-1,517,544,516,-1,516,544,545,-1,516,545,515,-1,515,545,546,-1,515,546,514,-1,514,546,547,-1,514,547,513,-1,513,547,548,-1,513,548,512,-1,512,548,549,-1,512,549,511,-1,511,549,320,-1,511,320,510,-1,510,320,319,-1,550,318,551,-1,551,318,320,-1,551,320,552,-1,552,320,549,-1,552,549,553,-1,553,549,548,-1,553,548,554,-1,554,548,547,-1,554,547,555,-1,555,547,546,-1,555,546,556,-1,556,546,545,-1,556,545,557,-1,557,545,544,-1,557,544,558,-1,558,544,543,-1,558,543,559,-1,559,543,542,-1,559,542,560,-1,560,542,541,-1,560,541,561,-1,561,541,540,-1,561,540,562,-1,562,540,539,-1,562,539,563,-1,563,539,538,-1,563,538,564,-1,564,538,537,-1,564,537,565,-1,565,537,536,-1,565,536,566,-1,566,536,535,-1,566,535,567,-1,567,535,534,-1,567,534,568,-1,568,534,533,-1,568,533,569,-1,569,533,532,-1,569,532,335,-1,335,532,531,-1,335,531,333,-1,333,531,530,-1,334,317,335,-1,335,317,316,-1,335,316,569,-1,569,316,315,-1,569,315,568,-1,568,315,314,-1,568,314,567,-1,567,314,313,-1,567,313,566,-1,566,313,312,-1,566,312,565,-1,565,312,311,-1,565,311,564,-1,564,311,310,-1,564,310,563,-1,563,310,309,-1,563,309,562,-1,562,309,308,-1,562,308,561,-1,561,308,307,-1,561,307,560,-1,560,307,306,-1,560,306,559,-1,559,306,305,-1,559,305,558,-1,558,305,304,-1,558,304,557,-1,557,304,303,-1,557,303,556,-1,556,303,302,-1,556,302,555,-1,555,302,301,-1,555,301,554,-1,554,301,300,-1,554,300,553,-1,553,300,299,-1,553,299,552,-1,552,299,298,-1,552,298,551,-1,551,298,297,-1,551,297,550,-1,550,297,296,-1,389,570,571,-1,389,571,388,-1,388,571,572,-1,388,572,386,-1,386,572,573,-1,386,573,384,-1,384,573,574,-1,384,574,382,-1,382,574,575,-1,382,575,380,-1,380,575,576,-1,380,576,378,-1,378,576,577,-1,378,577,376,-1,376,577,578,-1,376,578,374,-1,374,578,579,-1,374,579,372,-1,372,579,580,-1,372,580,370,-1,370,580,581,-1,370,581,368,-1,368,581,582,-1,368,582,366,-1,366,582,583,-1,366,583,364,-1,364,583,584,-1,364,584,362,-1,362,584,585,-1,362,585,360,-1,360,585,586,-1,360,586,358,-1,358,586,587,-1,358,587,356,-1,356,587,588,-1,356,588,354,-1,354,588,589,-1,354,589,352,-1,352,589,590,-1,352,590,350,-1,350,590,591,-1,350,591,348,-1,592,593,594,-1,595,596,597,-1,598,599,600,-1,601,602,603,-1,604,605,606,-1,607,608,609,-1,610,611,612,-1,613,614,615,-1,616,617,618,-1,619,620,621,-1,622,623,624,-1,624,623,625,-1,624,625,626,-1,626,625,627,-1,626,627,628,-1,628,627,629,-1,628,629,630,-1,630,629,631,-1,630,631,632,-1,632,631,633,-1,632,633,634,-1,634,633,635,-1,634,635,636,-1,636,635,637,-1,636,637,638,-1,638,637,639,-1,638,639,640,-1,640,639,641,-1,640,641,642,-1,642,641,643,-1,642,643,644,-1,644,643,645,-1,644,645,646,-1,646,645,647,-1,646,647,648,-1,648,647,649,-1,648,649,650,-1,650,649,651,-1,650,651,652,-1,652,651,653,-1,652,653,654,-1,654,653,655,-1,654,655,656,-1,656,655,657,-1,656,657,658,-1,658,657,659,-1,658,659,660,-1,660,659,661,-1,660,661,662,-1,662,661,606,-1,662,606,663,-1,663,606,605,-1,664,604,665,-1,665,604,606,-1,665,606,666,-1,666,606,661,-1,666,661,667,-1,667,661,659,-1,667,659,668,-1,668,659,657,-1,668,657,669,-1,669,657,655,-1,669,655,670,-1,670,655,653,-1,670,653,671,-1,671,653,651,-1,671,651,672,-1,672,651,649,-1,672,649,673,-1,673,649,647,-1,673,647,674,-1,674,647,645,-1,674,645,675,-1,675,645,643,-1,675,643,676,-1,676,643,641,-1,676,641,677,-1,677,641,639,-1,677,639,678,-1,678,639,637,-1,678,637,679,-1,679,637,635,-1,679,635,680,-1,680,635,633,-1,680,633,681,-1,681,633,631,-1,681,631,682,-1,682,631,629,-1,682,629,683,-1,683,629,627,-1,683,627,621,-1,621,627,625,-1,621,625,619,-1,619,625,623,-1,620,684,621,-1,621,684,685,-1,621,685,683,-1,683,685,686,-1,683,686,682,-1,682,686,687,-1,682,687,681,-1,681,687,688,-1,681,688,680,-1,680,688,689,-1,680,689,679,-1,679,689,690,-1,679,690,678,-1,678,690,691,-1,678,691,677,-1,677,691,692,-1,677,692,676,-1,676,692,693,-1,676,693,675,-1,675,693,694,-1,675,694,674,-1,674,694,695,-1,674,695,673,-1,673,695,696,-1,673,696,672,-1,672,696,697,-1,672,697,671,-1,671,697,698,-1,671,698,670,-1,670,698,699,-1,670,699,669,-1,669,699,700,-1,669,700,668,-1,668,700,701,-1,668,701,667,-1,667,701,702,-1,667,702,666,-1,666,702,703,-1,666,703,665,-1,665,703,603,-1,665,603,664,-1,664,603,602,-1,704,601,705,-1,705,601,603,-1,705,603,706,-1,706,603,703,-1,706,703,707,-1,707,703,702,-1,707,702,708,-1,708,702,701,-1,708,701,709,-1,709,701,700,-1,709,700,710,-1,710,700,699,-1,710,699,711,-1,711,699,698,-1,711,698,712,-1,712,698,697,-1,712,697,713,-1,713,697,696,-1,713,696,714,-1,714,696,695,-1,714,695,715,-1,715,695,694,-1,715,694,716,-1,716,694,693,-1,716,693,717,-1,717,693,692,-1,717,692,718,-1,718,692,691,-1,718,691,719,-1,719,691,690,-1,719,690,720,-1,720,690,689,-1,720,689,721,-1,721,689,688,-1,721,688,722,-1,722,688,687,-1,722,687,723,-1,723,687,686,-1,723,686,618,-1,618,686,685,-1,618,685,616,-1,616,685,684,-1,617,724,618,-1,618,724,725,-1,618,725,723,-1,723,725,726,-1,723,726,722,-1,722,726,727,-1,722,727,721,-1,721,727,728,-1,721,728,720,-1,720,728,729,-1,720,729,719,-1,719,729,730,-1,719,730,718,-1,718,730,731,-1,718,731,717,-1,717,731,732,-1,717,732,716,-1,716,732,733,-1,716,733,715,-1,715,733,734,-1,715,734,714,-1,714,734,735,-1,714,735,713,-1,713,735,736,-1,713,736,712,-1,712,736,737,-1,712,737,711,-1,711,737,738,-1,711,738,710,-1,710,738,739,-1,710,739,709,-1,709,739,740,-1,709,740,708,-1,708,740,741,-1,708,741,707,-1,707,741,742,-1,707,742,706,-1,706,742,743,-1,706,743,705,-1,705,743,600,-1,705,600,704,-1,704,600,599,-1,744,598,745,-1,745,598,600,-1,745,600,746,-1,746,600,743,-1,746,743,747,-1,747,743,742,-1,747,742,748,-1,748,742,741,-1,748,741,749,-1,749,741,740,-1,749,740,750,-1,750,740,739,-1,750,739,751,-1,751,739,738,-1,751,738,752,-1,752,738,737,-1,752,737,753,-1,753,737,736,-1,753,736,754,-1,754,736,735,-1,754,735,755,-1,755,735,734,-1,755,734,756,-1,756,734,733,-1,756,733,757,-1,757,733,732,-1,757,732,758,-1,758,732,731,-1,758,731,759,-1,759,731,730,-1,759,730,760,-1,760,730,729,-1,760,729,761,-1,761,729,728,-1,761,728,762,-1,762,728,727,-1,762,727,763,-1,763,727,726,-1,763,726,615,-1,615,726,725,-1,615,725,613,-1,613,725,724,-1,614,764,615,-1,615,764,765,-1,615,765,763,-1,763,765,766,-1,763,766,762,-1,762,766,767,-1,762,767,761,-1,761,767,768,-1,761,768,760,-1,760,768,769,-1,760,769,759,-1,759,769,770,-1,759,770,758,-1,758,770,771,-1,758,771,757,-1,757,771,772,-1,757,772,756,-1,756,772,773,-1,756,773,755,-1,755,773,774,-1,755,774,754,-1,754,774,775,-1,754,775,753,-1,753,775,776,-1,753,776,752,-1,752,776,777,-1,752,777,751,-1,751,777,778,-1,751,778,750,-1,750,778,779,-1,750,779,749,-1,749,779,780,-1,749,780,748,-1,748,780,781,-1,748,781,747,-1,747,781,782,-1,747,782,746,-1,746,782,783,-1,746,783,745,-1,745,783,597,-1,745,597,744,-1,744,597,596,-1,784,595,785,-1,785,595,597,-1,785,597,786,-1,786,597,783,-1,786,783,787,-1,787,783,782,-1,787,782,788,-1,788,782,781,-1,788,781,789,-1,789,781,780,-1,789,780,790,-1,790,780,779,-1,790,779,791,-1,791,779,778,-1,791,778,792,-1,792,778,777,-1,792,777,793,-1,793,777,776,-1,793,776,794,-1,794,776,775,-1,794,775,795,-1,795,775,774,-1,795,774,796,-1,796,774,773,-1,796,773,797,-1,797,773,772,-1,797,772,798,-1,798,772,771,-1,798,771,799,-1,799,771,770,-1,799,770,800,-1,800,770,769,-1,800,769,801,-1,801,769,768,-1,801,768,802,-1,802,768,767,-1,802,767,803,-1,803,767,766,-1,803,766,612,-1,612,766,765,-1,612,765,610,-1,610,765,764,-1,611,804,612,-1,612,804,805,-1,612,805,803,-1,803,805,806,-1,803,806,802,-1,802,806,807,-1,802,807,801,-1,801,807,808,-1,801,808,800,-1,800,808,809,-1,800,809,799,-1,799,809,810,-1,799,810,798,-1,798,810,811,-1,798,811,797,-1,797,811,812,-1,797,812,796,-1,796,812,813,-1,796,813,795,-1,795,813,814,-1,795,814,794,-1,794,814,815,-1,794,815,793,-1,793,815,816,-1,793,816,792,-1,792,816,817,-1,792,817,791,-1,791,817,818,-1,791,818,790,-1,790,818,819,-1,790,819,789,-1,789,819,820,-1,789,820,788,-1,788,820,821,-1,788,821,787,-1,787,821,822,-1,787,822,786,-1,786,822,823,-1,786,823,785,-1,785,823,594,-1,785,594,784,-1,784,594,593,-1,824,592,825,-1,825,592,594,-1,825,594,826,-1,826,594,823,-1,826,823,827,-1,827,823,822,-1,827,822,828,-1,828,822,821,-1,828,821,829,-1,829,821,820,-1,829,820,830,-1,830,820,819,-1,830,819,831,-1,831,819,818,-1,831,818,832,-1,832,818,817,-1,832,817,833,-1,833,817,816,-1,833,816,834,-1,834,816,815,-1,834,815,835,-1,835,815,814,-1,835,814,836,-1,836,814,813,-1,836,813,837,-1,837,813,812,-1,837,812,838,-1,838,812,811,-1,838,811,839,-1,839,811,810,-1,839,810,840,-1,840,810,809,-1,840,809,841,-1,841,809,808,-1,841,808,842,-1,842,808,807,-1,842,807,843,-1,843,807,806,-1,843,806,609,-1,609,806,805,-1,609,805,607,-1,607,805,804,-1,608,591,609,-1,609,591,590,-1,609,590,843,-1,843,590,589,-1,843,589,842,-1,842,589,588,-1,842,588,841,-1,841,588,587,-1,841,587,840,-1,840,587,586,-1,840,586,839,-1,839,586,585,-1,839,585,838,-1,838,585,584,-1,838,584,837,-1,837,584,583,-1,837,583,836,-1,836,583,582,-1,836,582,835,-1,835,582,581,-1,835,581,834,-1,834,581,580,-1,834,580,833,-1,833,580,579,-1,833,579,832,-1,832,579,578,-1,832,578,831,-1,831,578,577,-1,831,577,830,-1,830,577,576,-1,830,576,829,-1,829,576,575,-1,829,575,828,-1,828,575,574,-1,828,574,827,-1,827,574,573,-1,827,573,826,-1,826,573,572,-1,826,572,825,-1,825,572,571,-1,825,571,824,-1,824,571,570,-1,663,844,845,-1,663,845,662,-1,662,845,846,-1,662,846,660,-1,660,846,847,-1,660,847,658,-1,658,847,848,-1,658,848,656,-1,656,848,849,-1,656,849,654,-1,654,849,850,-1,654,850,652,-1,652,850,851,-1,652,851,650,-1,650,851,852,-1,650,852,648,-1,648,852,853,-1,648,853,646,-1,646,853,854,-1,646,854,644,-1,644,854,855,-1,644,855,642,-1,642,855,856,-1,642,856,640,-1,640,856,857,-1,640,857,638,-1,638,857,858,-1,638,858,636,-1,636,858,859,-1,636,859,634,-1,634,859,860,-1,634,860,632,-1,632,860,861,-1,632,861,630,-1,630,861,862,-1,630,862,628,-1,628,862,863,-1,628,863,626,-1,626,863,864,-1,626,864,624,-1,624,864,865,-1,624,865,622,-1,866,867,868,-1,869,870,871,-1,872,873,874,-1,875,876,877,-1,878,879,880,-1,881,882,883,-1,884,885,886,-1,887,888,889,-1,890,891,892,-1,893,894,895,-1,43,896,41,-1,41,896,897,-1,41,897,39,-1,39,897,898,-1,39,898,37,-1,37,898,899,-1,37,899,35,-1,35,899,900,-1,35,900,33,-1,33,900,901,-1,33,901,31,-1,31,901,902,-1,31,902,29,-1,29,902,903,-1,29,903,27,-1,27,903,904,-1,27,904,25,-1,25,904,905,-1,25,905,23,-1,23,905,906,-1,23,906,21,-1,21,906,907,-1,21,907,19,-1,19,907,908,-1,19,908,17,-1,17,908,909,-1,17,909,15,-1,15,909,910,-1,15,910,13,-1,13,910,911,-1,13,911,11,-1,11,911,912,-1,11,912,9,-1,9,912,913,-1,9,913,7,-1,7,913,914,-1,7,914,5,-1,5,914,915,-1,5,915,3,-1,3,915,880,-1,3,880,0,-1,0,880,879,-1,916,878,917,-1,917,878,880,-1,917,880,918,-1,918,880,915,-1,918,915,919,-1,919,915,914,-1,919,914,920,-1,920,914,913,-1,920,913,921,-1,921,913,912,-1,921,912,922,-1,922,912,911,-1,922,911,923,-1,923,911,910,-1,923,910,924,-1,924,910,909,-1,924,909,925,-1,925,909,908,-1,925,908,926,-1,926,908,907,-1,926,907,927,-1,927,907,906,-1,927,906,928,-1,928,906,905,-1,928,905,929,-1,929,905,904,-1,929,904,930,-1,930,904,903,-1,930,903,931,-1,931,903,902,-1,931,902,932,-1,932,902,901,-1,932,901,933,-1,933,901,900,-1,933,900,934,-1,934,900,899,-1,934,899,935,-1,935,899,898,-1,935,898,895,-1,895,898,897,-1,895,897,893,-1,893,897,896,-1,894,936,895,-1,895,936,937,-1,895,937,935,-1,935,937,938,-1,935,938,934,-1,934,938,939,-1,934,939,933,-1,933,939,940,-1,933,940,932,-1,932,940,941,-1,932,941,931,-1,931,941,942,-1,931,942,930,-1,930,942,943,-1,930,943,929,-1,929,943,944,-1,929,944,928,-1,928,944,945,-1,928,945,927,-1,927,945,946,-1,927,946,926,-1,926,946,947,-1,926,947,925,-1,925,947,948,-1,925,948,924,-1,924,948,949,-1,924,949,923,-1,923,949,950,-1,923,950,922,-1,922,950,951,-1,922,951,921,-1,921,951,952,-1,921,952,920,-1,920,952,953,-1,920,953,919,-1,919,953,954,-1,919,954,918,-1,918,954,955,-1,918,955,917,-1,917,955,877,-1,917,877,916,-1,916,877,876,-1,956,875,957,-1,957,875,877,-1,957,877,958,-1,958,877,955,-1,958,955,959,-1,959,955,954,-1,959,954,960,-1,960,954,953,-1,960,953,961,-1,961,953,952,-1,961,952,962,-1,962,952,951,-1,962,951,963,-1,963,951,950,-1,963,950,964,-1,964,950,949,-1,964,949,965,-1,965,949,948,-1,965,948,966,-1,966,948,947,-1,966,947,967,-1,967,947,946,-1,967,946,968,-1,968,946,945,-1,968,945,969,-1,969,945,944,-1,969,944,970,-1,970,944,943,-1,970,943,971,-1,971,943,942,-1,971,942,972,-1,972,942,941,-1,972,941,973,-1,973,941,940,-1,973,940,974,-1,974,940,939,-1,974,939,975,-1,975,939,938,-1,975,938,892,-1,892,938,937,-1,892,937,890,-1,890,937,936,-1,891,976,892,-1,892,976,977,-1,892,977,975,-1,975,977,978,-1,975,978,974,-1,974,978,979,-1,974,979,973,-1,973,979,980,-1,973,980,972,-1,972,980,981,-1,972,981,971,-1,971,981,982,-1,971,982,970,-1,970,982,983,-1,970,983,969,-1,969,983,984,-1,969,984,968,-1,968,984,985,-1,968,985,967,-1,967,985,986,-1,967,986,966,-1,966,986,987,-1,966,987,965,-1,965,987,988,-1,965,988,964,-1,964,988,989,-1,964,989,963,-1,963,989,990,-1,963,990,962,-1,962,990,991,-1,962,991,961,-1,961,991,992,-1,961,992,960,-1,960,992,993,-1,960,993,959,-1,959,993,994,-1,959,994,958,-1,958,994,995,-1,958,995,957,-1,957,995,874,-1,957,874,956,-1,956,874,873,-1,996,872,997,-1,997,872,874,-1,997,874,998,-1,998,874,995,-1,998,995,999,-1,999,995,994,-1,999,994,1000,-1,1000,994,993,-1,1000,993,1001,-1,1001,993,992,-1,1001,992,1002,-1,1002,992,991,-1,1002,991,1003,-1,1003,991,990,-1,1003,990,1004,-1,1004,990,989,-1,1004,989,1005,-1,1005,989,988,-1,1005,988,1006,-1,1006,988,987,-1,1006,987,1007,-1,1007,987,986,-1,1007,986,1008,-1,1008,986,985,-1,1008,985,1009,-1,1009,985,984,-1,1009,984,1010,-1,1010,984,983,-1,1010,983,1011,-1,1011,983,982,-1,1011,982,1012,-1,1012,982,981,-1,1012,981,1013,-1,1013,981,980,-1,1013,980,1014,-1,1014,980,979,-1,1014,979,1015,-1,1015,979,978,-1,1015,978,889,-1,889,978,977,-1,889,977,887,-1,887,977,976,-1,888,1016,889,-1,889,1016,1017,-1,889,1017,1015,-1,1015,1017,1018,-1,1015,1018,1014,-1,1014,1018,1019,-1,1014,1019,1013,-1,1013,1019,1020,-1,1013,1020,1012,-1,1012,1020,1021,-1,1012,1021,1011,-1,1011,1021,1022,-1,1011,1022,1010,-1,1010,1022,1023,-1,1010,1023,1009,-1,1009,1023,1024,-1,1009,1024,1008,-1,1008,1024,1025,-1,1008,1025,1007,-1,1007,1025,1026,-1,1007,1026,1006,-1,1006,1026,1027,-1,1006,1027,1005,-1,1005,1027,1028,-1,1005,1028,1004,-1,1004,1028,1029,-1,1004,1029,1003,-1,1003,1029,1030,-1,1003,1030,1002,-1,1002,1030,1031,-1,1002,1031,1001,-1,1001,1031,1032,-1,1001,1032,1000,-1,1000,1032,1033,-1,1000,1033,999,-1,999,1033,1034,-1,999,1034,998,-1,998,1034,1035,-1,998,1035,997,-1,997,1035,871,-1,997,871,996,-1,996,871,870,-1,1036,869,1037,-1,1037,869,871,-1,1037,871,1038,-1,1038,871,1035,-1,1038,1035,1039,-1,1039,1035,1034,-1,1039,1034,1040,-1,1040,1034,1033,-1,1040,1033,1041,-1,1041,1033,1032,-1,1041,1032,1042,-1,1042,1032,1031,-1,1042,1031,1043,-1,1043,1031,1030,-1,1043,1030,1044,-1,1044,1030,1029,-1,1044,1029,1045,-1,1045,1029,1028,-1,1045,1028,1046,-1,1046,1028,1027,-1,1046,1027,1047,-1,1047,1027,1026,-1,1047,1026,1048,-1,1048,1026,1025,-1,1048,1025,1049,-1,1049,1025,1024,-1,1049,1024,1050,-1,1050,1024,1023,-1,1050,1023,1051,-1,1051,1023,1022,-1,1051,1022,1052,-1,1052,1022,1021,-1,1052,1021,1053,-1,1053,1021,1020,-1,1053,1020,1054,-1,1054,1020,1019,-1,1054,1019,1055,-1,1055,1019,1018,-1,1055,1018,886,-1,886,1018,1017,-1,886,1017,884,-1,884,1017,1016,-1,885,1056,886,-1,886,1056,1057,-1,886,1057,1055,-1,1055,1057,1058,-1,1055,1058,1054,-1,1054,1058,1059,-1,1054,1059,1053,-1,1053,1059,1060,-1,1053,1060,1052,-1,1052,1060,1061,-1,1052,1061,1051,-1,1051,1061,1062,-1,1051,1062,1050,-1,1050,1062,1063,-1,1050,1063,1049,-1,1049,1063,1064,-1,1049,1064,1048,-1,1048,1064,1065,-1,1048,1065,1047,-1,1047,1065,1066,-1,1047,1066,1046,-1,1046,1066,1067,-1,1046,1067,1045,-1,1045,1067,1068,-1,1045,1068,1044,-1,1044,1068,1069,-1,1044,1069,1043,-1,1043,1069,1070,-1,1043,1070,1042,-1,1042,1070,1071,-1,1042,1071,1041,-1,1041,1071,1072,-1,1041,1072,1040,-1,1040,1072,1073,-1,1040,1073,1039,-1,1039,1073,1074,-1,1039,1074,1038,-1,1038,1074,1075,-1,1038,1075,1037,-1,1037,1075,868,-1,1037,868,1036,-1,1036,868,867,-1,1076,866,1077,-1,1077,866,868,-1,1077,868,1078,-1,1078,868,1075,-1,1078,1075,1079,-1,1079,1075,1074,-1,1079,1074,1080,-1,1080,1074,1073,-1,1080,1073,1081,-1,1081,1073,1072,-1,1081,1072,1082,-1,1082,1072,1071,-1,1082,1071,1083,-1,1083,1071,1070,-1,1083,1070,1084,-1,1084,1070,1069,-1,1084,1069,1085,-1,1085,1069,1068,-1,1085,1068,1086,-1,1086,1068,1067,-1,1086,1067,1087,-1,1087,1067,1066,-1,1087,1066,1088,-1,1088,1066,1065,-1,1088,1065,1089,-1,1089,1065,1064,-1,1089,1064,1090,-1,1090,1064,1063,-1,1090,1063,1091,-1,1091,1063,1062,-1,1091,1062,1092,-1,1092,1062,1061,-1,1092,1061,1093,-1,1093,1061,1060,-1,1093,1060,1094,-1,1094,1060,1059,-1,1094,1059,1095,-1,1095,1059,1058,-1,1095,1058,883,-1,883,1058,1057,-1,883,1057,881,-1,881,1057,1056,-1,882,865,883,-1,883,865,864,-1,883,864,1095,-1,1095,864,863,-1,1095,863,1094,-1,1094,863,862,-1,1094,862,1093,-1,1093,862,861,-1,1093,861,1092,-1,1092,861,860,-1,1092,860,1091,-1,1091,860,859,-1,1091,859,1090,-1,1090,859,858,-1,1090,858,1089,-1,1089,858,857,-1,1089,857,1088,-1,1088,857,856,-1,1088,856,1087,-1,1087,856,855,-1,1087,855,1086,-1,1086,855,854,-1,1086,854,1085,-1,1085,854,853,-1,1085,853,1084,-1,1084,853,852,-1,1084,852,1083,-1,1083,852,851,-1,1083,851,1082,-1,1082,851,850,-1,1082,850,1081,-1,1081,850,849,-1,1081,849,1080,-1,1080,849,848,-1,1080,848,1079,-1,1079,848,847,-1,1079,847,1078,-1,1078,847,846,-1,1078,846,1077,-1,1077,846,845,-1,1077,845,1076,-1,1076,845,844,-1,1096,1097,1098,-1,1099,1100,1101,-1,1102,1103,1104,-1,1105,1106,1107,-1,1108,1109,1110,-1,1111,1112,1113,-1,1114,1115,1116,-1,1117,1118,1119,-1,1120,1121,1122,-1,1123,1124,1125,-1,1126,1127,1128,-1,1128,1127,1129,-1,1128,1129,1130,-1,1130,1129,1131,-1,1130,1131,1132,-1,1132,1131,1133,-1,1132,1133,1134,-1,1134,1133,1135,-1,1134,1135,1136,-1,1136,1135,1137,-1,1136,1137,1138,-1,1138,1137,1139,-1,1138,1139,1140,-1,1140,1139,1141,-1,1140,1141,1142,-1,1142,1141,1143,-1,1142,1143,1144,-1,1144,1143,1145,-1,1144,1145,1146,-1,1146,1145,1147,-1,1146,1147,1148,-1,1148,1147,1149,-1,1148,1149,1150,-1,1150,1149,1151,-1,1150,1151,1152,-1,1152,1151,1153,-1,1152,1153,1154,-1,1154,1153,1155,-1,1154,1155,1156,-1,1156,1155,1157,-1,1156,1157,1158,-1,1158,1157,1159,-1,1158,1159,1160,-1,1160,1159,1161,-1,1160,1161,1162,-1,1162,1161,1163,-1,1162,1163,1164,-1,1164,1163,1165,-1,1164,1165,1166,-1,1166,1165,1110,-1,1166,1110,1167,-1,1167,1110,1109,-1,1168,1108,1169,-1,1169,1108,1110,-1,1169,1110,1170,-1,1170,1110,1165,-1,1170,1165,1171,-1,1171,1165,1163,-1,1171,1163,1172,-1,1172,1163,1161,-1,1172,1161,1173,-1,1173,1161,1159,-1,1173,1159,1174,-1,1174,1159,1157,-1,1174,1157,1175,-1,1175,1157,1155,-1,1175,1155,1176,-1,1176,1155,1153,-1,1176,1153,1177,-1,1177,1153,1151,-1,1177,1151,1178,-1,1178,1151,1149,-1,1178,1149,1179,-1,1179,1149,1147,-1,1179,1147,1180,-1,1180,1147,1145,-1,1180,1145,1181,-1,1181,1145,1143,-1,1181,1143,1182,-1,1182,1143,1141,-1,1182,1141,1183,-1,1183,1141,1139,-1,1183,1139,1184,-1,1184,1139,1137,-1,1184,1137,1185,-1,1185,1137,1135,-1,1185,1135,1186,-1,1186,1135,1133,-1,1186,1133,1187,-1,1187,1133,1131,-1,1187,1131,1125,-1,1125,1131,1129,-1,1125,1129,1123,-1,1123,1129,1127,-1,1124,1188,1125,-1,1125,1188,1189,-1,1125,1189,1187,-1,1187,1189,1190,-1,1187,1190,1186,-1,1186,1190,1191,-1,1186,1191,1185,-1,1185,1191,1192,-1,1185,1192,1184,-1,1184,1192,1193,-1,1184,1193,1183,-1,1183,1193,1194,-1,1183,1194,1182,-1,1182,1194,1195,-1,1182,1195,1181,-1,1181,1195,1196,-1,1181,1196,1180,-1,1180,1196,1197,-1,1180,1197,1179,-1,1179,1197,1198,-1,1179,1198,1178,-1,1178,1198,1199,-1,1178,1199,1177,-1,1177,1199,1200,-1,1177,1200,1176,-1,1176,1200,1201,-1,1176,1201,1175,-1,1175,1201,1202,-1,1175,1202,1174,-1,1174,1202,1203,-1,1174,1203,1173,-1,1173,1203,1204,-1,1173,1204,1172,-1,1172,1204,1205,-1,1172,1205,1171,-1,1171,1205,1206,-1,1171,1206,1170,-1,1170,1206,1207,-1,1170,1207,1169,-1,1169,1207,1107,-1,1169,1107,1168,-1,1168,1107,1106,-1,1208,1105,1209,-1,1209,1105,1107,-1,1209,1107,1210,-1,1210,1107,1207,-1,1210,1207,1211,-1,1211,1207,1206,-1,1211,1206,1212,-1,1212,1206,1205,-1,1212,1205,1213,-1,1213,1205,1204,-1,1213,1204,1214,-1,1214,1204,1203,-1,1214,1203,1215,-1,1215,1203,1202,-1,1215,1202,1216,-1,1216,1202,1201,-1,1216,1201,1217,-1,1217,1201,1200,-1,1217,1200,1218,-1,1218,1200,1199,-1,1218,1199,1219,-1,1219,1199,1198,-1,1219,1198,1220,-1,1220,1198,1197,-1,1220,1197,1221,-1,1221,1197,1196,-1,1221,1196,1222,-1,1222,1196,1195,-1,1222,1195,1223,-1,1223,1195,1194,-1,1223,1194,1224,-1,1224,1194,1193,-1,1224,1193,1225,-1,1225,1193,1192,-1,1225,1192,1226,-1,1226,1192,1191,-1,1226,1191,1227,-1,1227,1191,1190,-1,1227,1190,1122,-1,1122,1190,1189,-1,1122,1189,1120,-1,1120,1189,1188,-1,1121,1228,1122,-1,1122,1228,1229,-1,1122,1229,1227,-1,1227,1229,1230,-1,1227,1230,1226,-1,1226,1230,1231,-1,1226,1231,1225,-1,1225,1231,1232,-1,1225,1232,1224,-1,1224,1232,1233,-1,1224,1233,1223,-1,1223,1233,1234,-1,1223,1234,1222,-1,1222,1234,1235,-1,1222,1235,1221,-1,1221,1235,1236,-1,1221,1236,1220,-1,1220,1236,1237,-1,1220,1237,1219,-1,1219,1237,1238,-1,1219,1238,1218,-1,1218,1238,1239,-1,1218,1239,1217,-1,1217,1239,1240,-1,1217,1240,1216,-1,1216,1240,1241,-1,1216,1241,1215,-1,1215,1241,1242,-1,1215,1242,1214,-1,1214,1242,1243,-1,1214,1243,1213,-1,1213,1243,1244,-1,1213,1244,1212,-1,1212,1244,1245,-1,1212,1245,1211,-1,1211,1245,1246,-1,1211,1246,1210,-1,1210,1246,1247,-1,1210,1247,1209,-1,1209,1247,1104,-1,1209,1104,1208,-1,1208,1104,1103,-1,1248,1102,1249,-1,1249,1102,1104,-1,1249,1104,1250,-1,1250,1104,1247,-1,1250,1247,1251,-1,1251,1247,1246,-1,1251,1246,1252,-1,1252,1246,1245,-1,1252,1245,1253,-1,1253,1245,1244,-1,1253,1244,1254,-1,1254,1244,1243,-1,1254,1243,1255,-1,1255,1243,1242,-1,1255,1242,1256,-1,1256,1242,1241,-1,1256,1241,1257,-1,1257,1241,1240,-1,1257,1240,1258,-1,1258,1240,1239,-1,1258,1239,1259,-1,1259,1239,1238,-1,1259,1238,1260,-1,1260,1238,1237,-1,1260,1237,1261,-1,1261,1237,1236,-1,1261,1236,1262,-1,1262,1236,1235,-1,1262,1235,1263,-1,1263,1235,1234,-1,1263,1234,1264,-1,1264,1234,1233,-1,1264,1233,1265,-1,1265,1233,1232,-1,1265,1232,1266,-1,1266,1232,1231,-1,1266,1231,1267,-1,1267,1231,1230,-1,1267,1230,1119,-1,1119,1230,1229,-1,1119,1229,1117,-1,1117,1229,1228,-1,1118,1268,1119,-1,1119,1268,1269,-1,1119,1269,1267,-1,1267,1269,1270,-1,1267,1270,1266,-1,1266,1270,1271,-1,1266,1271,1265,-1,1265,1271,1272,-1,1265,1272,1264,-1,1264,1272,1273,-1,1264,1273,1263,-1,1263,1273,1274,-1,1263,1274,1262,-1,1262,1274,1275,-1,1262,1275,1261,-1,1261,1275,1276,-1,1261,1276,1260,-1,1260,1276,1277,-1,1260,1277,1259,-1,1259,1277,1278,-1,1259,1278,1258,-1,1258,1278,1279,-1,1258,1279,1257,-1,1257,1279,1280,-1,1257,1280,1256,-1,1256,1280,1281,-1,1256,1281,1255,-1,1255,1281,1282,-1,1255,1282,1254,-1,1254,1282,1283,-1,1254,1283,1253,-1,1253,1283,1284,-1,1253,1284,1252,-1,1252,1284,1285,-1,1252,1285,1251,-1,1251,1285,1286,-1,1251,1286,1250,-1,1250,1286,1287,-1,1250,1287,1249,-1,1249,1287,1101,-1,1249,1101,1248,-1,1248,1101,1100,-1,1288,1099,1289,-1,1289,1099,1101,-1,1289,1101,1290,-1,1290,1101,1287,-1,1290,1287,1291,-1,1291,1287,1286,-1,1291,1286,1292,-1,1292,1286,1285,-1,1292,1285,1293,-1,1293,1285,1284,-1,1293,1284,1294,-1,1294,1284,1283,-1,1294,1283,1295,-1,1295,1283,1282,-1,1295,1282,1296,-1,1296,1282,1281,-1,1296,1281,1297,-1,1297,1281,1280,-1,1297,1280,1298,-1,1298,1280,1279,-1,1298,1279,1299,-1,1299,1279,1278,-1,1299,1278,1300,-1,1300,1278,1277,-1,1300,1277,1301,-1,1301,1277,1276,-1,1301,1276,1302,-1,1302,1276,1275,-1,1302,1275,1303,-1,1303,1275,1274,-1,1303,1274,1304,-1,1304,1274,1273,-1,1304,1273,1305,-1,1305,1273,1272,-1,1305,1272,1306,-1,1306,1272,1271,-1,1306,1271,1307,-1,1307,1271,1270,-1,1307,1270,1116,-1,1116,1270,1269,-1,1116,1269,1114,-1,1114,1269,1268,-1,1115,1308,1116,-1,1116,1308,1309,-1,1116,1309,1307,-1,1307,1309,1310,-1,1307,1310,1306,-1,1306,1310,1311,-1,1306,1311,1305,-1,1305,1311,1312,-1,1305,1312,1304,-1,1304,1312,1313,-1,1304,1313,1303,-1,1303,1313,1314,-1,1303,1314,1302,-1,1302,1314,1315,-1,1302,1315,1301,-1,1301,1315,1316,-1,1301,1316,1300,-1,1300,1316,1317,-1,1300,1317,1299,-1,1299,1317,1318,-1,1299,1318,1298,-1,1298,1318,1319,-1,1298,1319,1297,-1,1297,1319,1320,-1,1297,1320,1296,-1,1296,1320,1321,-1,1296,1321,1295,-1,1295,1321,1322,-1,1295,1322,1294,-1,1294,1322,1323,-1,1294,1323,1293,-1,1293,1323,1324,-1,1293,1324,1292,-1,1292,1324,1325,-1,1292,1325,1291,-1,1291,1325,1326,-1,1291,1326,1290,-1,1290,1326,1327,-1,1290,1327,1289,-1,1289,1327,1098,-1,1289,1098,1288,-1,1288,1098,1097,-1,1328,1096,1329,-1,1329,1096,1098,-1,1329,1098,1330,-1,1330,1098,1327,-1,1330,1327,1331,-1,1331,1327,1326,-1,1331,1326,1332,-1,1332,1326,1325,-1,1332,1325,1333,-1,1333,1325,1324,-1,1333,1324,1334,-1,1334,1324,1323,-1,1334,1323,1335,-1,1335,1323,1322,-1,1335,1322,1336,-1,1336,1322,1321,-1,1336,1321,1337,-1,1337,1321,1320,-1,1337,1320,1338,-1,1338,1320,1319,-1,1338,1319,1339,-1,1339,1319,1318,-1,1339,1318,1340,-1,1340,1318,1317,-1,1340,1317,1341,-1,1341,1317,1316,-1,1341,1316,1342,-1,1342,1316,1315,-1,1342,1315,1343,-1,1343,1315,1314,-1,1343,1314,1344,-1,1344,1314,1313,-1,1344,1313,1345,-1,1345,1313,1312,-1,1345,1312,1346,-1,1346,1312,1311,-1,1346,1311,1347,-1,1347,1311,1310,-1,1347,1310,1113,-1,1113,1310,1309,-1,1113,1309,1111,-1,1111,1309,1308,-1,1112,1348,1113,-1,1113,1348,1349,-1,1113,1349,1347,-1,1347,1349,1350,-1,1347,1350,1346,-1,1346,1350,1351,-1,1346,1351,1345,-1,1345,1351,1352,-1,1345,1352,1344,-1,1344,1352,1353,-1,1344,1353,1343,-1,1343,1353,1354,-1,1343,1354,1342,-1,1342,1354,1355,-1,1342,1355,1341,-1,1341,1355,1356,-1,1341,1356,1340,-1,1340,1356,1357,-1,1340,1357,1339,-1,1339,1357,1358,-1,1339,1358,1338,-1,1338,1358,1359,-1,1338,1359,1337,-1,1337,1359,1360,-1,1337,1360,1336,-1,1336,1360,1361,-1,1336,1361,1335,-1,1335,1361,1362,-1,1335,1362,1334,-1,1334,1362,1363,-1,1334,1363,1333,-1,1333,1363,1364,-1,1333,1364,1332,-1,1332,1364,1365,-1,1332,1365,1331,-1,1331,1365,1366,-1,1331,1366,1330,-1,1330,1366,1367,-1,1330,1367,1329,-1,1329,1367,1368,-1,1329,1368,1328,-1,1328,1368,1369,-1,1370,1369,1368,-1,1370,1368,1371,-1,1371,1368,1367,-1,1371,1367,1372,-1,1372,1367,1366,-1,1372,1366,1373,-1,1373,1366,1365,-1,1373,1365,1374,-1,1374,1365,1364,-1,1374,1364,1375,-1,1375,1364,1363,-1,1375,1363,1376,-1,1376,1363,1362,-1,1376,1362,1377,-1,1377,1362,1361,-1,1377,1361,1378,-1,1378,1361,1360,-1,1378,1360,1379,-1,1379,1360,1359,-1,1379,1359,1380,-1,1380,1359,1358,-1,1380,1358,1381,-1,1381,1358,1357,-1,1381,1357,1382,-1,1382,1357,1356,-1,1382,1356,1383,-1,1383,1356,1355,-1,1383,1355,1384,-1,1384,1355,1354,-1,1384,1354,1385,-1,1385,1354,1353,-1,1385,1353,1386,-1,1386,1353,1352,-1,1386,1352,1387,-1,1387,1352,1351,-1,1387,1351,1388,-1,1388,1351,1350,-1,1388,1350,1389,-1,1389,1350,1349,-1,1389,1349,1390,-1,1390,1349,1348,-1,1390,1348,1391,-1,1392,1393,1394,-1,1395,1396,1397,-1,1398,1399,1400,-1,1401,1402,1403,-1,1404,1405,1406,-1,1407,1408,1409,-1,1410,1411,1412,-1,1413,1414,1415,-1,1416,1417,1418,-1,1419,1420,1421,-1,1391,1422,1390,-1,1390,1422,1423,-1,1390,1423,1389,-1,1389,1423,1424,-1,1389,1424,1388,-1,1388,1424,1425,-1,1388,1425,1387,-1,1387,1425,1426,-1,1387,1426,1386,-1,1386,1426,1427,-1,1386,1427,1385,-1,1385,1427,1428,-1,1385,1428,1384,-1,1384,1428,1429,-1,1384,1429,1383,-1,1383,1429,1430,-1,1383,1430,1382,-1,1382,1430,1431,-1,1382,1431,1381,-1,1381,1431,1432,-1,1381,1432,1380,-1,1380,1432,1433,-1,1380,1433,1379,-1,1379,1433,1434,-1,1379,1434,1378,-1,1378,1434,1435,-1,1378,1435,1377,-1,1377,1435,1436,-1,1377,1436,1376,-1,1376,1436,1437,-1,1376,1437,1375,-1,1375,1437,1438,-1,1375,1438,1374,-1,1374,1438,1439,-1,1374,1439,1373,-1,1373,1439,1440,-1,1373,1440,1372,-1,1372,1440,1441,-1,1372,1441,1371,-1,1371,1441,1406,-1,1371,1406,1370,-1,1370,1406,1405,-1,1442,1404,1443,-1,1443,1404,1406,-1,1443,1406,1444,-1,1444,1406,1441,-1,1444,1441,1445,-1,1445,1441,1440,-1,1445,1440,1446,-1,1446,1440,1439,-1,1446,1439,1447,-1,1447,1439,1438,-1,1447,1438,1448,-1,1448,1438,1437,-1,1448,1437,1449,-1,1449,1437,1436,-1,1449,1436,1450,-1,1450,1436,1435,-1,1450,1435,1451,-1,1451,1435,1434,-1,1451,1434,1452,-1,1452,1434,1433,-1,1452,1433,1453,-1,1453,1433,1432,-1,1453,1432,1454,-1,1454,1432,1431,-1,1454,1431,1455,-1,1455,1431,1430,-1,1455,1430,1456,-1,1456,1430,1429,-1,1456,1429,1457,-1,1457,1429,1428,-1,1457,1428,1458,-1,1458,1428,1427,-1,1458,1427,1459,-1,1459,1427,1426,-1,1459,1426,1460,-1,1460,1426,1425,-1,1460,1425,1461,-1,1461,1425,1424,-1,1461,1424,1421,-1,1421,1424,1423,-1,1421,1423,1419,-1,1419,1423,1422,-1,1420,1462,1421,-1,1421,1462,1463,-1,1421,1463,1461,-1,1461,1463,1464,-1,1461,1464,1460,-1,1460,1464,1465,-1,1460,1465,1459,-1,1459,1465,1466,-1,1459,1466,1458,-1,1458,1466,1467,-1,1458,1467,1457,-1,1457,1467,1468,-1,1457,1468,1456,-1,1456,1468,1469,-1,1456,1469,1455,-1,1455,1469,1470,-1,1455,1470,1454,-1,1454,1470,1471,-1,1454,1471,1453,-1,1453,1471,1472,-1,1453,1472,1452,-1,1452,1472,1473,-1,1452,1473,1451,-1,1451,1473,1474,-1,1451,1474,1450,-1,1450,1474,1475,-1,1450,1475,1449,-1,1449,1475,1476,-1,1449,1476,1448,-1,1448,1476,1477,-1,1448,1477,1447,-1,1447,1477,1478,-1,1447,1478,1446,-1,1446,1478,1479,-1,1446,1479,1445,-1,1445,1479,1480,-1,1445,1480,1444,-1,1444,1480,1481,-1,1444,1481,1443,-1,1443,1481,1403,-1,1443,1403,1442,-1,1442,1403,1402,-1,1482,1401,1483,-1,1483,1401,1403,-1,1483,1403,1484,-1,1484,1403,1481,-1,1484,1481,1485,-1,1485,1481,1480,-1,1485,1480,1486,-1,1486,1480,1479,-1,1486,1479,1487,-1,1487,1479,1478,-1,1487,1478,1488,-1,1488,1478,1477,-1,1488,1477,1489,-1,1489,1477,1476,-1,1489,1476,1490,-1,1490,1476,1475,-1,1490,1475,1491,-1,1491,1475,1474,-1,1491,1474,1492,-1,1492,1474,1473,-1,1492,1473,1493,-1,1493,1473,1472,-1,1493,1472,1494,-1,1494,1472,1471,-1,1494,1471,1495,-1,1495,1471,1470,-1,1495,1470,1496,-1,1496,1470,1469,-1,1496,1469,1497,-1,1497,1469,1468,-1,1497,1468,1498,-1,1498,1468,1467,-1,1498,1467,1499,-1,1499,1467,1466,-1,1499,1466,1500,-1,1500,1466,1465,-1,1500,1465,1501,-1,1501,1465,1464,-1,1501,1464,1418,-1,1418,1464,1463,-1,1418,1463,1416,-1,1416,1463,1462,-1,1417,1502,1418,-1,1418,1502,1503,-1,1418,1503,1501,-1,1501,1503,1504,-1,1501,1504,1500,-1,1500,1504,1505,-1,1500,1505,1499,-1,1499,1505,1506,-1,1499,1506,1498,-1,1498,1506,1507,-1,1498,1507,1497,-1,1497,1507,1508,-1,1497,1508,1496,-1,1496,1508,1509,-1,1496,1509,1495,-1,1495,1509,1510,-1,1495,1510,1494,-1,1494,1510,1511,-1,1494,1511,1493,-1,1493,1511,1512,-1,1493,1512,1492,-1,1492,1512,1513,-1,1492,1513,1491,-1,1491,1513,1514,-1,1491,1514,1490,-1,1490,1514,1515,-1,1490,1515,1489,-1,1489,1515,1516,-1,1489,1516,1488,-1,1488,1516,1517,-1,1488,1517,1487,-1,1487,1517,1518,-1,1487,1518,1486,-1,1486,1518,1519,-1,1486,1519,1485,-1,1485,1519,1520,-1,1485,1520,1484,-1,1484,1520,1521,-1,1484,1521,1483,-1,1483,1521,1400,-1,1483,1400,1482,-1,1482,1400,1399,-1,1522,1398,1523,-1,1523,1398,1400,-1,1523,1400,1524,-1,1524,1400,1521,-1,1524,1521,1525,-1,1525,1521,1520,-1,1525,1520,1526,-1,1526,1520,1519,-1,1526,1519,1527,-1,1527,1519,1518,-1,1527,1518,1528,-1,1528,1518,1517,-1,1528,1517,1529,-1,1529,1517,1516,-1,1529,1516,1530,-1,1530,1516,1515,-1,1530,1515,1531,-1,1531,1515,1514,-1,1531,1514,1532,-1,1532,1514,1513,-1,1532,1513,1533,-1,1533,1513,1512,-1,1533,1512,1534,-1,1534,1512,1511,-1,1534,1511,1535,-1,1535,1511,1510,-1,1535,1510,1536,-1,1536,1510,1509,-1,1536,1509,1537,-1,1537,1509,1508,-1,1537,1508,1538,-1,1538,1508,1507,-1,1538,1507,1539,-1,1539,1507,1506,-1,1539,1506,1540,-1,1540,1506,1505,-1,1540,1505,1541,-1,1541,1505,1504,-1,1541,1504,1415,-1,1415,1504,1503,-1,1415,1503,1413,-1,1413,1503,1502,-1,1414,1542,1415,-1,1415,1542,1543,-1,1415,1543,1541,-1,1541,1543,1544,-1,1541,1544,1540,-1,1540,1544,1545,-1,1540,1545,1539,-1,1539,1545,1546,-1,1539,1546,1538,-1,1538,1546,1547,-1,1538,1547,1537,-1,1537,1547,1548,-1,1537,1548,1536,-1,1536,1548,1549,-1,1536,1549,1535,-1,1535,1549,1550,-1,1535,1550,1534,-1,1534,1550,1551,-1,1534,1551,1533,-1,1533,1551,1552,-1,1533,1552,1532,-1,1532,1552,1553,-1,1532,1553,1531,-1,1531,1553,1554,-1,1531,1554,1530,-1,1530,1554,1555,-1,1530,1555,1529,-1,1529,1555,1556,-1,1529,1556,1528,-1,1528,1556,1557,-1,1528,1557,1527,-1,1527,1557,1558,-1,1527,1558,1526,-1,1526,1558,1559,-1,1526,1559,1525,-1,1525,1559,1560,-1,1525,1560,1524,-1,1524,1560,1561,-1,1524,1561,1523,-1,1523,1561,1397,-1,1523,1397,1522,-1,1522,1397,1396,-1,1562,1395,1563,-1,1563,1395,1397,-1,1563,1397,1564,-1,1564,1397,1561,-1,1564,1561,1565,-1,1565,1561,1560,-1,1565,1560,1566,-1,1566,1560,1559,-1,1566,1559,1567,-1,1567,1559,1558,-1,1567,1558,1568,-1,1568,1558,1557,-1,1568,1557,1569,-1,1569,1557,1556,-1,1569,1556,1570,-1,1570,1556,1555,-1,1570,1555,1571,-1,1571,1555,1554,-1,1571,1554,1572,-1,1572,1554,1553,-1,1572,1553,1573,-1,1573,1553,1552,-1,1573,1552,1574,-1,1574,1552,1551,-1,1574,1551,1575,-1,1575,1551,1550,-1,1575,1550,1576,-1,1576,1550,1549,-1,1576,1549,1577,-1,1577,1549,1548,-1,1577,1548,1578,-1,1578,1548,1547,-1,1578,1547,1579,-1,1579,1547,1546,-1,1579,1546,1580,-1,1580,1546,1545,-1,1580,1545,1581,-1,1581,1545,1544,-1,1581,1544,1412,-1,1412,1544,1543,-1,1412,1543,1410,-1,1410,1543,1542,-1,1411,1582,1412,-1,1412,1582,1583,-1,1412,1583,1581,-1,1581,1583,1584,-1,1581,1584,1580,-1,1580,1584,1585,-1,1580,1585,1579,-1,1579,1585,1586,-1,1579,1586,1578,-1,1578,1586,1587,-1,1578,1587,1577,-1,1577,1587,1588,-1,1577,1588,1576,-1,1576,1588,1589,-1,1576,1589,1575,-1,1575,1589,1590,-1,1575,1590,1574,-1,1574,1590,1591,-1,1574,1591,1573,-1,1573,1591,1592,-1,1573,1592,1572,-1,1572,1592,1593,-1,1572,1593,1571,-1,1571,1593,1594,-1,1571,1594,1570,-1,1570,1594,1595,-1,1570,1595,1569,-1,1569,1595,1596,-1,1569,1596,1568,-1,1568,1596,1597,-1,1568,1597,1567,-1,1567,1597,1598,-1,1567,1598,1566,-1,1566,1598,1599,-1,1566,1599,1565,-1,1565,1599,1600,-1,1565,1600,1564,-1,1564,1600,1601,-1,1564,1601,1563,-1,1563,1601,1394,-1,1563,1394,1562,-1,1562,1394,1393,-1,1602,1392,1603,-1,1603,1392,1394,-1,1603,1394,1604,-1,1604,1394,1601,-1,1604,1601,1605,-1,1605,1601,1600,-1,1605,1600,1606,-1,1606,1600,1599,-1,1606,1599,1607,-1,1607,1599,1598,-1,1607,1598,1608,-1,1608,1598,1597,-1,1608,1597,1609,-1,1609,1597,1596,-1,1609,1596,1610,-1,1610,1596,1595,-1,1610,1595,1611,-1,1611,1595,1594,-1,1611,1594,1612,-1,1612,1594,1593,-1,1612,1593,1613,-1,1613,1593,1592,-1,1613,1592,1614,-1,1614,1592,1591,-1,1614,1591,1615,-1,1615,1591,1590,-1,1615,1590,1616,-1,1616,1590,1589,-1,1616,1589,1617,-1,1617,1589,1588,-1,1617,1588,1618,-1,1618,1588,1587,-1,1618,1587,1619,-1,1619,1587,1586,-1,1619,1586,1620,-1,1620,1586,1585,-1,1620,1585,1621,-1,1621,1585,1584,-1,1621,1584,1409,-1,1409,1584,1583,-1,1409,1583,1407,-1,1407,1583,1582,-1,1408,1622,1409,-1,1409,1622,1623,-1,1409,1623,1621,-1,1621,1623,1624,-1,1621,1624,1620,-1,1620,1624,1625,-1,1620,1625,1619,-1,1619,1625,1626,-1,1619,1626,1618,-1,1618,1626,1627,-1,1618,1627,1617,-1,1617,1627,1628,-1,1617,1628,1616,-1,1616,1628,1629,-1,1616,1629,1615,-1,1615,1629,1630,-1,1615,1630,1614,-1,1614,1630,1631,-1,1614,1631,1613,-1,1613,1631,1632,-1,1613,1632,1612,-1,1612,1632,1633,-1,1612,1633,1611,-1,1611,1633,1634,-1,1611,1634,1610,-1,1610,1634,1635,-1,1610,1635,1609,-1,1609,1635,1636,-1,1609,1636,1608,-1,1608,1636,1637,-1,1608,1637,1607,-1,1607,1637,1638,-1,1607,1638,1606,-1,1606,1638,1639,-1,1606,1639,1605,-1,1605,1639,1640,-1,1605,1640,1604,-1,1604,1640,1641,-1,1604,1641,1603,-1,1603,1641,1642,-1,1603,1642,1602,-1,1602,1642,1643,-1,1167,1644,1645,-1,1167,1645,1166,-1,1166,1645,1646,-1,1166,1646,1164,-1,1164,1646,1647,-1,1164,1647,1162,-1,1162,1647,1648,-1,1162,1648,1160,-1,1160,1648,1649,-1,1160,1649,1158,-1,1158,1649,1650,-1,1158,1650,1156,-1,1156,1650,1651,-1,1156,1651,1154,-1,1154,1651,1652,-1,1154,1652,1152,-1,1152,1652,1653,-1,1152,1653,1150,-1,1150,1653,1654,-1,1150,1654,1148,-1,1148,1654,1655,-1,1148,1655,1146,-1,1146,1655,1656,-1,1146,1656,1144,-1,1144,1656,1657,-1,1144,1657,1142,-1,1142,1657,1658,-1,1142,1658,1140,-1,1140,1658,1659,-1,1140,1659,1138,-1,1138,1659,1660,-1,1138,1660,1136,-1,1136,1660,1661,-1,1136,1661,1134,-1,1134,1661,1662,-1,1134,1662,1132,-1,1132,1662,1663,-1,1132,1663,1130,-1,1130,1663,1664,-1,1130,1664,1128,-1,1128,1664,1665,-1,1128,1665,1126,-1,1666,1643,1642,-1,1666,1642,1667,-1,1667,1642,1641,-1,1667,1641,1668,-1,1668,1641,1640,-1,1668,1640,1669,-1,1669,1640,1639,-1,1669,1639,1670,-1,1670,1639,1638,-1,1670,1638,1671,-1,1671,1638,1637,-1,1671,1637,1672,-1,1672,1637,1636,-1,1672,1636,1673,-1,1673,1636,1635,-1,1673,1635,1674,-1,1674,1635,1634,-1,1674,1634,1675,-1,1675,1634,1633,-1,1675,1633,1676,-1,1676,1633,1632,-1,1676,1632,1677,-1,1677,1632,1631,-1,1677,1631,1678,-1,1678,1631,1630,-1,1678,1630,1679,-1,1679,1630,1629,-1,1679,1629,1680,-1,1680,1629,1628,-1,1680,1628,1681,-1,1681,1628,1627,-1,1681,1627,1682,-1,1682,1627,1626,-1,1682,1626,1683,-1,1683,1626,1625,-1,1683,1625,1684,-1,1684,1625,1624,-1,1684,1624,1685,-1,1685,1624,1623,-1,1685,1623,1686,-1,1686,1623,1622,-1,1686,1622,1687,-1,1688,1689,1690,-1,1691,1692,1693,-1,1694,1695,1696,-1,1697,1698,1699,-1,1700,1701,1702,-1,1703,1704,1705,-1,1706,1707,1708,-1,1709,1710,1711,-1,1712,1713,1714,-1,1715,1716,1717,-1,1718,1719,1720,-1,1720,1719,1721,-1,1720,1721,1722,-1,1722,1721,1723,-1,1722,1723,1724,-1,1724,1723,1725,-1,1724,1725,1726,-1,1726,1725,1727,-1,1726,1727,1728,-1,1728,1727,1729,-1,1728,1729,1730,-1,1730,1729,1731,-1,1730,1731,1732,-1,1732,1731,1733,-1,1732,1733,1734,-1,1734,1733,1735,-1,1734,1735,1736,-1,1736,1735,1737,-1,1736,1737,1738,-1,1738,1737,1739,-1,1738,1739,1740,-1,1740,1739,1741,-1,1740,1741,1742,-1,1742,1741,1743,-1,1742,1743,1744,-1,1744,1743,1745,-1,1744,1745,1746,-1,1746,1745,1747,-1,1746,1747,1748,-1,1748,1747,1749,-1,1748,1749,1750,-1,1750,1749,1751,-1,1750,1751,1752,-1,1752,1751,1753,-1,1752,1753,1754,-1,1754,1753,1755,-1,1754,1755,1756,-1,1756,1755,1757,-1,1756,1757,1758,-1,1758,1757,1702,-1,1758,1702,1759,-1,1759,1702,1701,-1,1760,1700,1761,-1,1761,1700,1702,-1,1761,1702,1762,-1,1762,1702,1757,-1,1762,1757,1763,-1,1763,1757,1755,-1,1763,1755,1764,-1,1764,1755,1753,-1,1764,1753,1765,-1,1765,1753,1751,-1,1765,1751,1766,-1,1766,1751,1749,-1,1766,1749,1767,-1,1767,1749,1747,-1,1767,1747,1768,-1,1768,1747,1745,-1,1768,1745,1769,-1,1769,1745,1743,-1,1769,1743,1770,-1,1770,1743,1741,-1,1770,1741,1771,-1,1771,1741,1739,-1,1771,1739,1772,-1,1772,1739,1737,-1,1772,1737,1773,-1,1773,1737,1735,-1,1773,1735,1774,-1,1774,1735,1733,-1,1774,1733,1775,-1,1775,1733,1731,-1,1775,1731,1776,-1,1776,1731,1729,-1,1776,1729,1777,-1,1777,1729,1727,-1,1777,1727,1778,-1,1778,1727,1725,-1,1778,1725,1779,-1,1779,1725,1723,-1,1779,1723,1717,-1,1717,1723,1721,-1,1717,1721,1715,-1,1715,1721,1719,-1,1716,1780,1717,-1,1717,1780,1781,-1,1717,1781,1779,-1,1779,1781,1782,-1,1779,1782,1778,-1,1778,1782,1783,-1,1778,1783,1777,-1,1777,1783,1784,-1,1777,1784,1776,-1,1776,1784,1785,-1,1776,1785,1775,-1,1775,1785,1786,-1,1775,1786,1774,-1,1774,1786,1787,-1,1774,1787,1773,-1,1773,1787,1788,-1,1773,1788,1772,-1,1772,1788,1789,-1,1772,1789,1771,-1,1771,1789,1790,-1,1771,1790,1770,-1,1770,1790,1791,-1,1770,1791,1769,-1,1769,1791,1792,-1,1769,1792,1768,-1,1768,1792,1793,-1,1768,1793,1767,-1,1767,1793,1794,-1,1767,1794,1766,-1,1766,1794,1795,-1,1766,1795,1765,-1,1765,1795,1796,-1,1765,1796,1764,-1,1764,1796,1797,-1,1764,1797,1763,-1,1763,1797,1798,-1,1763,1798,1762,-1,1762,1798,1799,-1,1762,1799,1761,-1,1761,1799,1699,-1,1761,1699,1760,-1,1760,1699,1698,-1,1800,1697,1801,-1,1801,1697,1699,-1,1801,1699,1802,-1,1802,1699,1799,-1,1802,1799,1803,-1,1803,1799,1798,-1,1803,1798,1804,-1,1804,1798,1797,-1,1804,1797,1805,-1,1805,1797,1796,-1,1805,1796,1806,-1,1806,1796,1795,-1,1806,1795,1807,-1,1807,1795,1794,-1,1807,1794,1808,-1,1808,1794,1793,-1,1808,1793,1809,-1,1809,1793,1792,-1,1809,1792,1810,-1,1810,1792,1791,-1,1810,1791,1811,-1,1811,1791,1790,-1,1811,1790,1812,-1,1812,1790,1789,-1,1812,1789,1813,-1,1813,1789,1788,-1,1813,1788,1814,-1,1814,1788,1787,-1,1814,1787,1815,-1,1815,1787,1786,-1,1815,1786,1816,-1,1816,1786,1785,-1,1816,1785,1817,-1,1817,1785,1784,-1,1817,1784,1818,-1,1818,1784,1783,-1,1818,1783,1819,-1,1819,1783,1782,-1,1819,1782,1714,-1,1714,1782,1781,-1,1714,1781,1712,-1,1712,1781,1780,-1,1713,1820,1714,-1,1714,1820,1821,-1,1714,1821,1819,-1,1819,1821,1822,-1,1819,1822,1818,-1,1818,1822,1823,-1,1818,1823,1817,-1,1817,1823,1824,-1,1817,1824,1816,-1,1816,1824,1825,-1,1816,1825,1815,-1,1815,1825,1826,-1,1815,1826,1814,-1,1814,1826,1827,-1,1814,1827,1813,-1,1813,1827,1828,-1,1813,1828,1812,-1,1812,1828,1829,-1,1812,1829,1811,-1,1811,1829,1830,-1,1811,1830,1810,-1,1810,1830,1831,-1,1810,1831,1809,-1,1809,1831,1832,-1,1809,1832,1808,-1,1808,1832,1833,-1,1808,1833,1807,-1,1807,1833,1834,-1,1807,1834,1806,-1,1806,1834,1835,-1,1806,1835,1805,-1,1805,1835,1836,-1,1805,1836,1804,-1,1804,1836,1837,-1,1804,1837,1803,-1,1803,1837,1838,-1,1803,1838,1802,-1,1802,1838,1839,-1,1802,1839,1801,-1,1801,1839,1696,-1,1801,1696,1800,-1,1800,1696,1695,-1,1840,1694,1841,-1,1841,1694,1696,-1,1841,1696,1842,-1,1842,1696,1839,-1,1842,1839,1843,-1,1843,1839,1838,-1,1843,1838,1844,-1,1844,1838,1837,-1,1844,1837,1845,-1,1845,1837,1836,-1,1845,1836,1846,-1,1846,1836,1835,-1,1846,1835,1847,-1,1847,1835,1834,-1,1847,1834,1848,-1,1848,1834,1833,-1,1848,1833,1849,-1,1849,1833,1832,-1,1849,1832,1850,-1,1850,1832,1831,-1,1850,1831,1851,-1,1851,1831,1830,-1,1851,1830,1852,-1,1852,1830,1829,-1,1852,1829,1853,-1,1853,1829,1828,-1,1853,1828,1854,-1,1854,1828,1827,-1,1854,1827,1855,-1,1855,1827,1826,-1,1855,1826,1856,-1,1856,1826,1825,-1,1856,1825,1857,-1,1857,1825,1824,-1,1857,1824,1858,-1,1858,1824,1823,-1,1858,1823,1859,-1,1859,1823,1822,-1,1859,1822,1711,-1,1711,1822,1821,-1,1711,1821,1709,-1,1709,1821,1820,-1,1710,1860,1711,-1,1711,1860,1861,-1,1711,1861,1859,-1,1859,1861,1862,-1,1859,1862,1858,-1,1858,1862,1863,-1,1858,1863,1857,-1,1857,1863,1864,-1,1857,1864,1856,-1,1856,1864,1865,-1,1856,1865,1855,-1,1855,1865,1866,-1,1855,1866,1854,-1,1854,1866,1867,-1,1854,1867,1853,-1,1853,1867,1868,-1,1853,1868,1852,-1,1852,1868,1869,-1,1852,1869,1851,-1,1851,1869,1870,-1,1851,1870,1850,-1,1850,1870,1871,-1,1850,1871,1849,-1,1849,1871,1872,-1,1849,1872,1848,-1,1848,1872,1873,-1,1848,1873,1847,-1,1847,1873,1874,-1,1847,1874,1846,-1,1846,1874,1875,-1,1846,1875,1845,-1,1845,1875,1876,-1,1845,1876,1844,-1,1844,1876,1877,-1,1844,1877,1843,-1,1843,1877,1878,-1,1843,1878,1842,-1,1842,1878,1879,-1,1842,1879,1841,-1,1841,1879,1693,-1,1841,1693,1840,-1,1840,1693,1692,-1,1880,1691,1881,-1,1881,1691,1693,-1,1881,1693,1882,-1,1882,1693,1879,-1,1882,1879,1883,-1,1883,1879,1878,-1,1883,1878,1884,-1,1884,1878,1877,-1,1884,1877,1885,-1,1885,1877,1876,-1,1885,1876,1886,-1,1886,1876,1875,-1,1886,1875,1887,-1,1887,1875,1874,-1,1887,1874,1888,-1,1888,1874,1873,-1,1888,1873,1889,-1,1889,1873,1872,-1,1889,1872,1890,-1,1890,1872,1871,-1,1890,1871,1891,-1,1891,1871,1870,-1,1891,1870,1892,-1,1892,1870,1869,-1,1892,1869,1893,-1,1893,1869,1868,-1,1893,1868,1894,-1,1894,1868,1867,-1,1894,1867,1895,-1,1895,1867,1866,-1,1895,1866,1896,-1,1896,1866,1865,-1,1896,1865,1897,-1,1897,1865,1864,-1,1897,1864,1898,-1,1898,1864,1863,-1,1898,1863,1899,-1,1899,1863,1862,-1,1899,1862,1708,-1,1708,1862,1861,-1,1708,1861,1706,-1,1706,1861,1860,-1,1707,1900,1708,-1,1708,1900,1901,-1,1708,1901,1899,-1,1899,1901,1902,-1,1899,1902,1898,-1,1898,1902,1903,-1,1898,1903,1897,-1,1897,1903,1904,-1,1897,1904,1896,-1,1896,1904,1905,-1,1896,1905,1895,-1,1895,1905,1906,-1,1895,1906,1894,-1,1894,1906,1907,-1,1894,1907,1893,-1,1893,1907,1908,-1,1893,1908,1892,-1,1892,1908,1909,-1,1892,1909,1891,-1,1891,1909,1910,-1,1891,1910,1890,-1,1890,1910,1911,-1,1890,1911,1889,-1,1889,1911,1912,-1,1889,1912,1888,-1,1888,1912,1913,-1,1888,1913,1887,-1,1887,1913,1914,-1,1887,1914,1886,-1,1886,1914,1915,-1,1886,1915,1885,-1,1885,1915,1916,-1,1885,1916,1884,-1,1884,1916,1917,-1,1884,1917,1883,-1,1883,1917,1918,-1,1883,1918,1882,-1,1882,1918,1919,-1,1882,1919,1881,-1,1881,1919,1690,-1,1881,1690,1880,-1,1880,1690,1689,-1,1920,1688,1921,-1,1921,1688,1690,-1,1921,1690,1922,-1,1922,1690,1919,-1,1922,1919,1923,-1,1923,1919,1918,-1,1923,1918,1924,-1,1924,1918,1917,-1,1924,1917,1925,-1,1925,1917,1916,-1,1925,1916,1926,-1,1926,1916,1915,-1,1926,1915,1927,-1,1927,1915,1914,-1,1927,1914,1928,-1,1928,1914,1913,-1,1928,1913,1929,-1,1929,1913,1912,-1,1929,1912,1930,-1,1930,1912,1911,-1,1930,1911,1931,-1,1931,1911,1910,-1,1931,1910,1932,-1,1932,1910,1909,-1,1932,1909,1933,-1,1933,1909,1908,-1,1933,1908,1934,-1,1934,1908,1907,-1,1934,1907,1935,-1,1935,1907,1906,-1,1935,1906,1936,-1,1936,1906,1905,-1,1936,1905,1937,-1,1937,1905,1904,-1,1937,1904,1938,-1,1938,1904,1903,-1,1938,1903,1939,-1,1939,1903,1902,-1,1939,1902,1705,-1,1705,1902,1901,-1,1705,1901,1703,-1,1703,1901,1900,-1,1704,1665,1705,-1,1705,1665,1664,-1,1705,1664,1939,-1,1939,1664,1663,-1,1939,1663,1938,-1,1938,1663,1662,-1,1938,1662,1937,-1,1937,1662,1661,-1,1937,1661,1936,-1,1936,1661,1660,-1,1936,1660,1935,-1,1935,1660,1659,-1,1935,1659,1934,-1,1934,1659,1658,-1,1934,1658,1933,-1,1933,1658,1657,-1,1933,1657,1932,-1,1932,1657,1656,-1,1932,1656,1931,-1,1931,1656,1655,-1,1931,1655,1930,-1,1930,1655,1654,-1,1930,1654,1929,-1,1929,1654,1653,-1,1929,1653,1928,-1,1928,1653,1652,-1,1928,1652,1927,-1,1927,1652,1651,-1,1927,1651,1926,-1,1926,1651,1650,-1,1926,1650,1925,-1,1925,1650,1649,-1,1925,1649,1924,-1,1924,1649,1648,-1,1924,1648,1923,-1,1923,1648,1647,-1,1923,1647,1922,-1,1922,1647,1646,-1,1922,1646,1921,-1,1921,1646,1645,-1,1921,1645,1920,-1,1920,1645,1644,-1,1759,1940,1941,-1,1759,1941,1758,-1,1758,1941,1942,-1,1758,1942,1756,-1,1756,1942,1943,-1,1756,1943,1754,-1,1754,1943,1944,-1,1754,1944,1752,-1,1752,1944,1945,-1,1752,1945,1750,-1,1750,1945,1946,-1,1750,1946,1748,-1,1748,1946,1947,-1,1748,1947,1746,-1,1746,1947,1948,-1,1746,1948,1744,-1,1744,1948,1949,-1,1744,1949,1742,-1,1742,1949,1950,-1,1742,1950,1740,-1,1740,1950,1951,-1,1740,1951,1738,-1,1738,1951,1952,-1,1738,1952,1736,-1,1736,1952,1953,-1,1736,1953,1734,-1,1734,1953,1954,-1,1734,1954,1732,-1,1732,1954,1955,-1,1732,1955,1730,-1,1730,1955,1956,-1,1730,1956,1728,-1,1728,1956,1957,-1,1728,1957,1726,-1,1726,1957,1958,-1,1726,1958,1724,-1,1724,1958,1959,-1,1724,1959,1722,-1,1722,1959,1960,-1,1722,1960,1720,-1,1720,1960,1961,-1,1720,1961,1718,-1,1962,1963,1964,-1,1965,1966,1967,-1,1968,1969,1970,-1,1971,1972,1973,-1,1974,1975,1976,-1,1977,1978,1979,-1,1980,1981,1982,-1,1983,1984,1985,-1,1986,1987,1988,-1,1989,1990,1991,-1,1687,1992,1686,-1,1686,1992,1993,-1,1686,1993,1685,-1,1685,1993,1994,-1,1685,1994,1684,-1,1684,1994,1995,-1,1684,1995,1683,-1,1683,1995,1996,-1,1683,1996,1682,-1,1682,1996,1997,-1,1682,1997,1681,-1,1681,1997,1998,-1,1681,1998,1680,-1,1680,1998,1999,-1,1680,1999,1679,-1,1679,1999,2000,-1,1679,2000,1678,-1,1678,2000,2001,-1,1678,2001,1677,-1,1677,2001,2002,-1,1677,2002,1676,-1,1676,2002,2003,-1,1676,2003,1675,-1,1675,2003,2004,-1,1675,2004,1674,-1,1674,2004,2005,-1,1674,2005,1673,-1,1673,2005,2006,-1,1673,2006,1672,-1,1672,2006,2007,-1,1672,2007,1671,-1,1671,2007,2008,-1,1671,2008,1670,-1,1670,2008,2009,-1,1670,2009,1669,-1,1669,2009,2010,-1,1669,2010,1668,-1,1668,2010,2011,-1,1668,2011,1667,-1,1667,2011,1976,-1,1667,1976,1666,-1,1666,1976,1975,-1,2012,1974,2013,-1,2013,1974,1976,-1,2013,1976,2014,-1,2014,1976,2011,-1,2014,2011,2015,-1,2015,2011,2010,-1,2015,2010,2016,-1,2016,2010,2009,-1,2016,2009,2017,-1,2017,2009,2008,-1,2017,2008,2018,-1,2018,2008,2007,-1,2018,2007,2019,-1,2019,2007,2006,-1,2019,2006,2020,-1,2020,2006,2005,-1,2020,2005,2021,-1,2021,2005,2004,-1,2021,2004,2022,-1,2022,2004,2003,-1,2022,2003,2023,-1,2023,2003,2002,-1,2023,2002,2024,-1,2024,2002,2001,-1,2024,2001,2025,-1,2025,2001,2000,-1,2025,2000,2026,-1,2026,2000,1999,-1,2026,1999,2027,-1,2027,1999,1998,-1,2027,1998,2028,-1,2028,1998,1997,-1,2028,1997,2029,-1,2029,1997,1996,-1,2029,1996,2030,-1,2030,1996,1995,-1,2030,1995,2031,-1,2031,1995,1994,-1,2031,1994,1991,-1,1991,1994,1993,-1,1991,1993,1989,-1,1989,1993,1992,-1,1990,2032,1991,-1,1991,2032,2033,-1,1991,2033,2031,-1,2031,2033,2034,-1,2031,2034,2030,-1,2030,2034,2035,-1,2030,2035,2029,-1,2029,2035,2036,-1,2029,2036,2028,-1,2028,2036,2037,-1,2028,2037,2027,-1,2027,2037,2038,-1,2027,2038,2026,-1,2026,2038,2039,-1,2026,2039,2025,-1,2025,2039,2040,-1,2025,2040,2024,-1,2024,2040,2041,-1,2024,2041,2023,-1,2023,2041,2042,-1,2023,2042,2022,-1,2022,2042,2043,-1,2022,2043,2021,-1,2021,2043,2044,-1,2021,2044,2020,-1,2020,2044,2045,-1,2020,2045,2019,-1,2019,2045,2046,-1,2019,2046,2018,-1,2018,2046,2047,-1,2018,2047,2017,-1,2017,2047,2048,-1,2017,2048,2016,-1,2016,2048,2049,-1,2016,2049,2015,-1,2015,2049,2050,-1,2015,2050,2014,-1,2014,2050,2051,-1,2014,2051,2013,-1,2013,2051,1973,-1,2013,1973,2012,-1,2012,1973,1972,-1,2052,1971,2053,-1,2053,1971,1973,-1,2053,1973,2054,-1,2054,1973,2051,-1,2054,2051,2055,-1,2055,2051,2050,-1,2055,2050,2056,-1,2056,2050,2049,-1,2056,2049,2057,-1,2057,2049,2048,-1,2057,2048,2058,-1,2058,2048,2047,-1,2058,2047,2059,-1,2059,2047,2046,-1,2059,2046,2060,-1,2060,2046,2045,-1,2060,2045,2061,-1,2061,2045,2044,-1,2061,2044,2062,-1,2062,2044,2043,-1,2062,2043,2063,-1,2063,2043,2042,-1,2063,2042,2064,-1,2064,2042,2041,-1,2064,2041,2065,-1,2065,2041,2040,-1,2065,2040,2066,-1,2066,2040,2039,-1,2066,2039,2067,-1,2067,2039,2038,-1,2067,2038,2068,-1,2068,2038,2037,-1,2068,2037,2069,-1,2069,2037,2036,-1,2069,2036,2070,-1,2070,2036,2035,-1,2070,2035,2071,-1,2071,2035,2034,-1,2071,2034,1988,-1,1988,2034,2033,-1,1988,2033,1986,-1,1986,2033,2032,-1,1987,2072,1988,-1,1988,2072,2073,-1,1988,2073,2071,-1,2071,2073,2074,-1,2071,2074,2070,-1,2070,2074,2075,-1,2070,2075,2069,-1,2069,2075,2076,-1,2069,2076,2068,-1,2068,2076,2077,-1,2068,2077,2067,-1,2067,2077,2078,-1,2067,2078,2066,-1,2066,2078,2079,-1,2066,2079,2065,-1,2065,2079,2080,-1,2065,2080,2064,-1,2064,2080,2081,-1,2064,2081,2063,-1,2063,2081,2082,-1,2063,2082,2062,-1,2062,2082,2083,-1,2062,2083,2061,-1,2061,2083,2084,-1,2061,2084,2060,-1,2060,2084,2085,-1,2060,2085,2059,-1,2059,2085,2086,-1,2059,2086,2058,-1,2058,2086,2087,-1,2058,2087,2057,-1,2057,2087,2088,-1,2057,2088,2056,-1,2056,2088,2089,-1,2056,2089,2055,-1,2055,2089,2090,-1,2055,2090,2054,-1,2054,2090,2091,-1,2054,2091,2053,-1,2053,2091,1970,-1,2053,1970,2052,-1,2052,1970,1969,-1,2092,1968,2093,-1,2093,1968,1970,-1,2093,1970,2094,-1,2094,1970,2091,-1,2094,2091,2095,-1,2095,2091,2090,-1,2095,2090,2096,-1,2096,2090,2089,-1,2096,2089,2097,-1,2097,2089,2088,-1,2097,2088,2098,-1,2098,2088,2087,-1,2098,2087,2099,-1,2099,2087,2086,-1,2099,2086,2100,-1,2100,2086,2085,-1,2100,2085,2101,-1,2101,2085,2084,-1,2101,2084,2102,-1,2102,2084,2083,-1,2102,2083,2103,-1,2103,2083,2082,-1,2103,2082,2104,-1,2104,2082,2081,-1,2104,2081,2105,-1,2105,2081,2080,-1,2105,2080,2106,-1,2106,2080,2079,-1,2106,2079,2107,-1,2107,2079,2078,-1,2107,2078,2108,-1,2108,2078,2077,-1,2108,2077,2109,-1,2109,2077,2076,-1,2109,2076,2110,-1,2110,2076,2075,-1,2110,2075,2111,-1,2111,2075,2074,-1,2111,2074,1985,-1,1985,2074,2073,-1,1985,2073,1983,-1,1983,2073,2072,-1,1984,2112,1985,-1,1985,2112,2113,-1,1985,2113,2111,-1,2111,2113,2114,-1,2111,2114,2110,-1,2110,2114,2115,-1,2110,2115,2109,-1,2109,2115,2116,-1,2109,2116,2108,-1,2108,2116,2117,-1,2108,2117,2107,-1,2107,2117,2118,-1,2107,2118,2106,-1,2106,2118,2119,-1,2106,2119,2105,-1,2105,2119,2120,-1,2105,2120,2104,-1,2104,2120,2121,-1,2104,2121,2103,-1,2103,2121,2122,-1,2103,2122,2102,-1,2102,2122,2123,-1,2102,2123,2101,-1,2101,2123,2124,-1,2101,2124,2100,-1,2100,2124,2125,-1,2100,2125,2099,-1,2099,2125,2126,-1,2099,2126,2098,-1,2098,2126,2127,-1,2098,2127,2097,-1,2097,2127,2128,-1,2097,2128,2096,-1,2096,2128,2129,-1,2096,2129,2095,-1,2095,2129,2130,-1,2095,2130,2094,-1,2094,2130,2131,-1,2094,2131,2093,-1,2093,2131,1967,-1,2093,1967,2092,-1,2092,1967,1966,-1,2132,1965,2133,-1,2133,1965,1967,-1,2133,1967,2134,-1,2134,1967,2131,-1,2134,2131,2135,-1,2135,2131,2130,-1,2135,2130,2136,-1,2136,2130,2129,-1,2136,2129,2137,-1,2137,2129,2128,-1,2137,2128,2138,-1,2138,2128,2127,-1,2138,2127,2139,-1,2139,2127,2126,-1,2139,2126,2140,-1,2140,2126,2125,-1,2140,2125,2141,-1,2141,2125,2124,-1,2141,2124,2142,-1,2142,2124,2123,-1,2142,2123,2143,-1,2143,2123,2122,-1,2143,2122,2144,-1,2144,2122,2121,-1,2144,2121,2145,-1,2145,2121,2120,-1,2145,2120,2146,-1,2146,2120,2119,-1,2146,2119,2147,-1,2147,2119,2118,-1,2147,2118,2148,-1,2148,2118,2117,-1,2148,2117,2149,-1,2149,2117,2116,-1,2149,2116,2150,-1,2150,2116,2115,-1,2150,2115,2151,-1,2151,2115,2114,-1,2151,2114,1982,-1,1982,2114,2113,-1,1982,2113,1980,-1,1980,2113,2112,-1,1981,2152,1982,-1,1982,2152,2153,-1,1982,2153,2151,-1,2151,2153,2154,-1,2151,2154,2150,-1,2150,2154,2155,-1,2150,2155,2149,-1,2149,2155,2156,-1,2149,2156,2148,-1,2148,2156,2157,-1,2148,2157,2147,-1,2147,2157,2158,-1,2147,2158,2146,-1,2146,2158,2159,-1,2146,2159,2145,-1,2145,2159,2160,-1,2145,2160,2144,-1,2144,2160,2161,-1,2144,2161,2143,-1,2143,2161,2162,-1,2143,2162,2142,-1,2142,2162,2163,-1,2142,2163,2141,-1,2141,2163,2164,-1,2141,2164,2140,-1,2140,2164,2165,-1,2140,2165,2139,-1,2139,2165,2166,-1,2139,2166,2138,-1,2138,2166,2167,-1,2138,2167,2137,-1,2137,2167,2168,-1,2137,2168,2136,-1,2136,2168,2169,-1,2136,2169,2135,-1,2135,2169,2170,-1,2135,2170,2134,-1,2134,2170,2171,-1,2134,2171,2133,-1,2133,2171,1964,-1,2133,1964,2132,-1,2132,1964,1963,-1,2172,1962,2173,-1,2173,1962,1964,-1,2173,1964,2174,-1,2174,1964,2171,-1,2174,2171,2175,-1,2175,2171,2170,-1,2175,2170,2176,-1,2176,2170,2169,-1,2176,2169,2177,-1,2177,2169,2168,-1,2177,2168,2178,-1,2178,2168,2167,-1,2178,2167,2179,-1,2179,2167,2166,-1,2179,2166,2180,-1,2180,2166,2165,-1,2180,2165,2181,-1,2181,2165,2164,-1,2181,2164,2182,-1,2182,2164,2163,-1,2182,2163,2183,-1,2183,2163,2162,-1,2183,2162,2184,-1,2184,2162,2161,-1,2184,2161,2185,-1,2185,2161,2160,-1,2185,2160,2186,-1,2186,2160,2159,-1,2186,2159,2187,-1,2187,2159,2158,-1,2187,2158,2188,-1,2188,2158,2157,-1,2188,2157,2189,-1,2189,2157,2156,-1,2189,2156,2190,-1,2190,2156,2155,-1,2190,2155,2191,-1,2191,2155,2154,-1,2191,2154,1979,-1,1979,2154,2153,-1,1979,2153,1977,-1,1977,2153,2152,-1,1978,1961,1979,-1,1979,1961,1960,-1,1979,1960,2191,-1,2191,1960,1959,-1,2191,1959,2190,-1,2190,1959,1958,-1,2190,1958,2189,-1,2189,1958,1957,-1,2189,1957,2188,-1,2188,1957,1956,-1,2188,1956,2187,-1,2187,1956,1955,-1,2187,1955,2186,-1,2186,1955,1954,-1,2186,1954,2185,-1,2185,1954,1953,-1,2185,1953,2184,-1,2184,1953,1952,-1,2184,1952,2183,-1,2183,1952,1951,-1,2183,1951,2182,-1,2182,1951,1950,-1,2182,1950,2181,-1,2181,1950,1949,-1,2181,1949,2180,-1,2180,1949,1948,-1,2180,1948,2179,-1,2179,1948,1947,-1,2179,1947,2178,-1,2178,1947,1946,-1,2178,1946,2177,-1,2177,1946,1945,-1,2177,1945,2176,-1,2176,1945,1944,-1,2176,1944,2175,-1,2175,1944,1943,-1,2175,1943,2174,-1,2174,1943,1942,-1,2174,1942,2173,-1,2173,1942,1941,-1,2173,1941,2172,-1,2172,1941,1940,-1,2192,2193,2194,-1,2192,2194,2195,-1,2195,2194,2196,-1,2195,2196,2197,-1,2197,2196,2198,-1,2197,2198,2199,-1,2199,2198,2200,-1,2199,2200,2201,-1,2201,2200,2202,-1,2201,2202,2203,-1,2203,2202,2204,-1,2203,2204,2205,-1,2205,2204,2206,-1,2205,2206,2207,-1,2207,2206,2208,-1,2207,2208,2209,-1,2209,2208,2210,-1,2209,2210,2211,-1,2211,2210,2212,-1,2211,2212,2213,-1,2213,2212,2214,-1,2213,2214,2215,-1,2215,2214,2216,-1,2215,2216,2217,-1,2217,2216,2218,-1,2217,2218,2219,-1,2219,2218,2220,-1,2219,2220,2221,-1,2221,2220,2222,-1,2221,2222,2223,-1,2223,2222,2224,-1,2223,2224,2225,-1,2225,2224,2226,-1,2225,2226,2227,-1,2227,2226,2228,-1,2227,2228,2229,-1,2229,2228,2230,-1,2229,2230,2231,-1,2231,2230,2232,-1,2231,2232,2233,-1,2233,2232,2234,-1,2233,2234,2235,-1,2236,2237,2238,-1,2239,2240,2241,-1,2242,2243,2244,-1,2245,2246,2247,-1,2248,2249,2250,-1,2251,2252,2253,-1,2254,2255,2256,-1,2257,2258,2259,-1,2260,2261,2262,-1,2263,2264,2265,-1,2266,2267,2268,-1,2268,2267,2269,-1,2268,2269,2270,-1,2270,2269,2271,-1,2270,2271,2272,-1,2272,2271,2273,-1,2272,2273,2274,-1,2274,2273,2275,-1,2274,2275,2276,-1,2276,2275,2277,-1,2276,2277,2278,-1,2278,2277,2279,-1,2278,2279,2280,-1,2280,2279,2281,-1,2280,2281,2282,-1,2282,2281,2283,-1,2282,2283,2284,-1,2284,2283,2285,-1,2284,2285,2286,-1,2286,2285,2287,-1,2286,2287,2288,-1,2288,2287,2289,-1,2288,2289,2290,-1,2290,2289,2291,-1,2290,2291,2292,-1,2292,2291,2293,-1,2292,2293,2294,-1,2294,2293,2295,-1,2294,2295,2296,-1,2296,2295,2297,-1,2296,2297,2298,-1,2298,2297,2299,-1,2298,2299,2300,-1,2300,2299,2301,-1,2300,2301,2302,-1,2302,2301,2303,-1,2302,2303,2304,-1,2304,2303,2305,-1,2304,2305,2306,-1,2306,2305,2250,-1,2306,2250,2307,-1,2307,2250,2249,-1,2308,2248,2309,-1,2309,2248,2250,-1,2309,2250,2310,-1,2310,2250,2305,-1,2310,2305,2311,-1,2311,2305,2303,-1,2311,2303,2312,-1,2312,2303,2301,-1,2312,2301,2313,-1,2313,2301,2299,-1,2313,2299,2314,-1,2314,2299,2297,-1,2314,2297,2315,-1,2315,2297,2295,-1,2315,2295,2316,-1,2316,2295,2293,-1,2316,2293,2317,-1,2317,2293,2291,-1,2317,2291,2318,-1,2318,2291,2289,-1,2318,2289,2319,-1,2319,2289,2287,-1,2319,2287,2320,-1,2320,2287,2285,-1,2320,2285,2321,-1,2321,2285,2283,-1,2321,2283,2322,-1,2322,2283,2281,-1,2322,2281,2323,-1,2323,2281,2279,-1,2323,2279,2324,-1,2324,2279,2277,-1,2324,2277,2325,-1,2325,2277,2275,-1,2325,2275,2326,-1,2326,2275,2273,-1,2326,2273,2327,-1,2327,2273,2271,-1,2327,2271,2265,-1,2265,2271,2269,-1,2265,2269,2263,-1,2263,2269,2267,-1,2264,2328,2265,-1,2265,2328,2329,-1,2265,2329,2327,-1,2327,2329,2330,-1,2327,2330,2326,-1,2326,2330,2331,-1,2326,2331,2325,-1,2325,2331,2332,-1,2325,2332,2324,-1,2324,2332,2333,-1,2324,2333,2323,-1,2323,2333,2334,-1,2323,2334,2322,-1,2322,2334,2335,-1,2322,2335,2321,-1,2321,2335,2336,-1,2321,2336,2320,-1,2320,2336,2337,-1,2320,2337,2319,-1,2319,2337,2338,-1,2319,2338,2318,-1,2318,2338,2339,-1,2318,2339,2317,-1,2317,2339,2340,-1,2317,2340,2316,-1,2316,2340,2341,-1,2316,2341,2315,-1,2315,2341,2342,-1,2315,2342,2314,-1,2314,2342,2343,-1,2314,2343,2313,-1,2313,2343,2344,-1,2313,2344,2312,-1,2312,2344,2345,-1,2312,2345,2311,-1,2311,2345,2346,-1,2311,2346,2310,-1,2310,2346,2347,-1,2310,2347,2309,-1,2309,2347,2247,-1,2309,2247,2308,-1,2308,2247,2246,-1,2348,2245,2349,-1,2349,2245,2247,-1,2349,2247,2350,-1,2350,2247,2347,-1,2350,2347,2351,-1,2351,2347,2346,-1,2351,2346,2352,-1,2352,2346,2345,-1,2352,2345,2353,-1,2353,2345,2344,-1,2353,2344,2354,-1,2354,2344,2343,-1,2354,2343,2355,-1,2355,2343,2342,-1,2355,2342,2356,-1,2356,2342,2341,-1,2356,2341,2357,-1,2357,2341,2340,-1,2357,2340,2358,-1,2358,2340,2339,-1,2358,2339,2359,-1,2359,2339,2338,-1,2359,2338,2360,-1,2360,2338,2337,-1,2360,2337,2361,-1,2361,2337,2336,-1,2361,2336,2362,-1,2362,2336,2335,-1,2362,2335,2363,-1,2363,2335,2334,-1,2363,2334,2364,-1,2364,2334,2333,-1,2364,2333,2365,-1,2365,2333,2332,-1,2365,2332,2366,-1,2366,2332,2331,-1,2366,2331,2367,-1,2367,2331,2330,-1,2367,2330,2262,-1,2262,2330,2329,-1,2262,2329,2260,-1,2260,2329,2328,-1,2261,2368,2262,-1,2262,2368,2369,-1,2262,2369,2367,-1,2367,2369,2370,-1,2367,2370,2366,-1,2366,2370,2371,-1,2366,2371,2365,-1,2365,2371,2372,-1,2365,2372,2364,-1,2364,2372,2373,-1,2364,2373,2363,-1,2363,2373,2374,-1,2363,2374,2362,-1,2362,2374,2375,-1,2362,2375,2361,-1,2361,2375,2376,-1,2361,2376,2360,-1,2360,2376,2377,-1,2360,2377,2359,-1,2359,2377,2378,-1,2359,2378,2358,-1,2358,2378,2379,-1,2358,2379,2357,-1,2357,2379,2380,-1,2357,2380,2356,-1,2356,2380,2381,-1,2356,2381,2355,-1,2355,2381,2382,-1,2355,2382,2354,-1,2354,2382,2383,-1,2354,2383,2353,-1,2353,2383,2384,-1,2353,2384,2352,-1,2352,2384,2385,-1,2352,2385,2351,-1,2351,2385,2386,-1,2351,2386,2350,-1,2350,2386,2387,-1,2350,2387,2349,-1,2349,2387,2244,-1,2349,2244,2348,-1,2348,2244,2243,-1,2388,2242,2389,-1,2389,2242,2244,-1,2389,2244,2390,-1,2390,2244,2387,-1,2390,2387,2391,-1,2391,2387,2386,-1,2391,2386,2392,-1,2392,2386,2385,-1,2392,2385,2393,-1,2393,2385,2384,-1,2393,2384,2394,-1,2394,2384,2383,-1,2394,2383,2395,-1,2395,2383,2382,-1,2395,2382,2396,-1,2396,2382,2381,-1,2396,2381,2397,-1,2397,2381,2380,-1,2397,2380,2398,-1,2398,2380,2379,-1,2398,2379,2399,-1,2399,2379,2378,-1,2399,2378,2400,-1,2400,2378,2377,-1,2400,2377,2401,-1,2401,2377,2376,-1,2401,2376,2402,-1,2402,2376,2375,-1,2402,2375,2403,-1,2403,2375,2374,-1,2403,2374,2404,-1,2404,2374,2373,-1,2404,2373,2405,-1,2405,2373,2372,-1,2405,2372,2406,-1,2406,2372,2371,-1,2406,2371,2407,-1,2407,2371,2370,-1,2407,2370,2259,-1,2259,2370,2369,-1,2259,2369,2257,-1,2257,2369,2368,-1,2258,2408,2259,-1,2259,2408,2409,-1,2259,2409,2407,-1,2407,2409,2410,-1,2407,2410,2406,-1,2406,2410,2411,-1,2406,2411,2405,-1,2405,2411,2412,-1,2405,2412,2404,-1,2404,2412,2413,-1,2404,2413,2403,-1,2403,2413,2414,-1,2403,2414,2402,-1,2402,2414,2415,-1,2402,2415,2401,-1,2401,2415,2416,-1,2401,2416,2400,-1,2400,2416,2417,-1,2400,2417,2399,-1,2399,2417,2418,-1,2399,2418,2398,-1,2398,2418,2419,-1,2398,2419,2397,-1,2397,2419,2420,-1,2397,2420,2396,-1,2396,2420,2421,-1,2396,2421,2395,-1,2395,2421,2422,-1,2395,2422,2394,-1,2394,2422,2423,-1,2394,2423,2393,-1,2393,2423,2424,-1,2393,2424,2392,-1,2392,2424,2425,-1,2392,2425,2391,-1,2391,2425,2426,-1,2391,2426,2390,-1,2390,2426,2427,-1,2390,2427,2389,-1,2389,2427,2241,-1,2389,2241,2388,-1,2388,2241,2240,-1,2428,2239,2429,-1,2429,2239,2241,-1,2429,2241,2430,-1,2430,2241,2427,-1,2430,2427,2431,-1,2431,2427,2426,-1,2431,2426,2432,-1,2432,2426,2425,-1,2432,2425,2433,-1,2433,2425,2424,-1,2433,2424,2434,-1,2434,2424,2423,-1,2434,2423,2435,-1,2435,2423,2422,-1,2435,2422,2436,-1,2436,2422,2421,-1,2436,2421,2437,-1,2437,2421,2420,-1,2437,2420,2438,-1,2438,2420,2419,-1,2438,2419,2439,-1,2439,2419,2418,-1,2439,2418,2440,-1,2440,2418,2417,-1,2440,2417,2441,-1,2441,2417,2416,-1,2441,2416,2442,-1,2442,2416,2415,-1,2442,2415,2443,-1,2443,2415,2414,-1,2443,2414,2444,-1,2444,2414,2413,-1,2444,2413,2445,-1,2445,2413,2412,-1,2445,2412,2446,-1,2446,2412,2411,-1,2446,2411,2447,-1,2447,2411,2410,-1,2447,2410,2256,-1,2256,2410,2409,-1,2256,2409,2254,-1,2254,2409,2408,-1,2255,2448,2256,-1,2256,2448,2449,-1,2256,2449,2447,-1,2447,2449,2450,-1,2447,2450,2446,-1,2446,2450,2451,-1,2446,2451,2445,-1,2445,2451,2452,-1,2445,2452,2444,-1,2444,2452,2453,-1,2444,2453,2443,-1,2443,2453,2454,-1,2443,2454,2442,-1,2442,2454,2455,-1,2442,2455,2441,-1,2441,2455,2456,-1,2441,2456,2440,-1,2440,2456,2457,-1,2440,2457,2439,-1,2439,2457,2458,-1,2439,2458,2438,-1,2438,2458,2459,-1,2438,2459,2437,-1,2437,2459,2460,-1,2437,2460,2436,-1,2436,2460,2461,-1,2436,2461,2435,-1,2435,2461,2462,-1,2435,2462,2434,-1,2434,2462,2463,-1,2434,2463,2433,-1,2433,2463,2464,-1,2433,2464,2432,-1,2432,2464,2465,-1,2432,2465,2431,-1,2431,2465,2466,-1,2431,2466,2430,-1,2430,2466,2467,-1,2430,2467,2429,-1,2429,2467,2238,-1,2429,2238,2428,-1,2428,2238,2237,-1,2468,2236,2469,-1,2469,2236,2238,-1,2469,2238,2470,-1,2470,2238,2467,-1,2470,2467,2471,-1,2471,2467,2466,-1,2471,2466,2472,-1,2472,2466,2465,-1,2472,2465,2473,-1,2473,2465,2464,-1,2473,2464,2474,-1,2474,2464,2463,-1,2474,2463,2475,-1,2475,2463,2462,-1,2475,2462,2476,-1,2476,2462,2461,-1,2476,2461,2477,-1,2477,2461,2460,-1,2477,2460,2478,-1,2478,2460,2459,-1,2478,2459,2479,-1,2479,2459,2458,-1,2479,2458,2480,-1,2480,2458,2457,-1,2480,2457,2481,-1,2481,2457,2456,-1,2481,2456,2482,-1,2482,2456,2455,-1,2482,2455,2483,-1,2483,2455,2454,-1,2483,2454,2484,-1,2484,2454,2453,-1,2484,2453,2485,-1,2485,2453,2452,-1,2485,2452,2486,-1,2486,2452,2451,-1,2486,2451,2487,-1,2487,2451,2450,-1,2487,2450,2253,-1,2253,2450,2449,-1,2253,2449,2251,-1,2251,2449,2448,-1,2252,2234,2253,-1,2253,2234,2232,-1,2253,2232,2487,-1,2487,2232,2230,-1,2487,2230,2486,-1,2486,2230,2228,-1,2486,2228,2485,-1,2485,2228,2226,-1,2485,2226,2484,-1,2484,2226,2224,-1,2484,2224,2483,-1,2483,2224,2222,-1,2483,2222,2482,-1,2482,2222,2220,-1,2482,2220,2481,-1,2481,2220,2218,-1,2481,2218,2480,-1,2480,2218,2216,-1,2480,2216,2479,-1,2479,2216,2214,-1,2479,2214,2478,-1,2478,2214,2212,-1,2478,2212,2477,-1,2477,2212,2210,-1,2477,2210,2476,-1,2476,2210,2208,-1,2476,2208,2475,-1,2475,2208,2206,-1,2475,2206,2474,-1,2474,2206,2204,-1,2474,2204,2473,-1,2473,2204,2202,-1,2473,2202,2472,-1,2472,2202,2200,-1,2472,2200,2471,-1,2471,2200,2198,-1,2471,2198,2470,-1,2470,2198,2196,-1,2470,2196,2469,-1,2469,2196,2194,-1,2469,2194,2468,-1,2468,2194,2193,-1,2307,2488,2489,-1,2307,2489,2306,-1,2306,2489,2490,-1,2306,2490,2304,-1,2304,2490,2491,-1,2304,2491,2302,-1,2302,2491,2492,-1,2302,2492,2300,-1,2300,2492,2493,-1,2300,2493,2298,-1,2298,2493,2494,-1,2298,2494,2296,-1,2296,2494,2495,-1,2296,2495,2294,-1,2294,2495,2496,-1,2294,2496,2292,-1,2292,2496,2497,-1,2292,2497,2290,-1,2290,2497,2498,-1,2290,2498,2288,-1,2288,2498,2499,-1,2288,2499,2286,-1,2286,2499,2500,-1,2286,2500,2284,-1,2284,2500,2501,-1,2284,2501,2282,-1,2282,2501,2502,-1,2282,2502,2280,-1,2280,2502,2503,-1,2280,2503,2278,-1,2278,2503,2504,-1,2278,2504,2276,-1,2276,2504,2505,-1,2276,2505,2274,-1,2274,2505,2506,-1,2274,2506,2272,-1,2272,2506,2507,-1,2272,2507,2270,-1,2270,2507,2508,-1,2270,2508,2268,-1,2268,2508,2509,-1,2268,2509,2266,-1,2510,2511,2512,-1,2513,2514,2515,-1,2516,2517,2518,-1,2519,2520,2521,-1,2522,2523,2524,-1,2525,2526,2527,-1,2528,2529,2530,-1,2531,2532,2533,-1,2534,2535,2536,-1,2537,2538,2539,-1,2540,2541,2542,-1,2542,2541,2543,-1,2542,2543,2544,-1,2544,2543,2545,-1,2544,2545,2546,-1,2546,2545,2547,-1,2546,2547,2548,-1,2548,2547,2549,-1,2548,2549,2550,-1,2550,2549,2551,-1,2550,2551,2552,-1,2552,2551,2553,-1,2552,2553,2554,-1,2554,2553,2555,-1,2554,2555,2556,-1,2556,2555,2557,-1,2556,2557,2558,-1,2558,2557,2559,-1,2558,2559,2560,-1,2560,2559,2561,-1,2560,2561,2562,-1,2562,2561,2563,-1,2562,2563,2564,-1,2564,2563,2565,-1,2564,2565,2566,-1,2566,2565,2567,-1,2566,2567,2568,-1,2568,2567,2569,-1,2568,2569,2570,-1,2570,2569,2571,-1,2570,2571,2572,-1,2572,2571,2573,-1,2572,2573,2574,-1,2574,2573,2575,-1,2574,2575,2576,-1,2576,2575,2577,-1,2576,2577,2578,-1,2578,2577,2579,-1,2578,2579,2580,-1,2580,2579,2524,-1,2580,2524,2581,-1,2581,2524,2523,-1,2582,2522,2583,-1,2583,2522,2524,-1,2583,2524,2584,-1,2584,2524,2579,-1,2584,2579,2585,-1,2585,2579,2577,-1,2585,2577,2586,-1,2586,2577,2575,-1,2586,2575,2587,-1,2587,2575,2573,-1,2587,2573,2588,-1,2588,2573,2571,-1,2588,2571,2589,-1,2589,2571,2569,-1,2589,2569,2590,-1,2590,2569,2567,-1,2590,2567,2591,-1,2591,2567,2565,-1,2591,2565,2592,-1,2592,2565,2563,-1,2592,2563,2593,-1,2593,2563,2561,-1,2593,2561,2594,-1,2594,2561,2559,-1,2594,2559,2595,-1,2595,2559,2557,-1,2595,2557,2596,-1,2596,2557,2555,-1,2596,2555,2597,-1,2597,2555,2553,-1,2597,2553,2598,-1,2598,2553,2551,-1,2598,2551,2599,-1,2599,2551,2549,-1,2599,2549,2600,-1,2600,2549,2547,-1,2600,2547,2601,-1,2601,2547,2545,-1,2601,2545,2539,-1,2539,2545,2543,-1,2539,2543,2537,-1,2537,2543,2541,-1,2538,2602,2539,-1,2539,2602,2603,-1,2539,2603,2601,-1,2601,2603,2604,-1,2601,2604,2600,-1,2600,2604,2605,-1,2600,2605,2599,-1,2599,2605,2606,-1,2599,2606,2598,-1,2598,2606,2607,-1,2598,2607,2597,-1,2597,2607,2608,-1,2597,2608,2596,-1,2596,2608,2609,-1,2596,2609,2595,-1,2595,2609,2610,-1,2595,2610,2594,-1,2594,2610,2611,-1,2594,2611,2593,-1,2593,2611,2612,-1,2593,2612,2592,-1,2592,2612,2613,-1,2592,2613,2591,-1,2591,2613,2614,-1,2591,2614,2590,-1,2590,2614,2615,-1,2590,2615,2589,-1,2589,2615,2616,-1,2589,2616,2588,-1,2588,2616,2617,-1,2588,2617,2587,-1,2587,2617,2618,-1,2587,2618,2586,-1,2586,2618,2619,-1,2586,2619,2585,-1,2585,2619,2620,-1,2585,2620,2584,-1,2584,2620,2621,-1,2584,2621,2583,-1,2583,2621,2521,-1,2583,2521,2582,-1,2582,2521,2520,-1,2622,2519,2623,-1,2623,2519,2521,-1,2623,2521,2624,-1,2624,2521,2621,-1,2624,2621,2625,-1,2625,2621,2620,-1,2625,2620,2626,-1,2626,2620,2619,-1,2626,2619,2627,-1,2627,2619,2618,-1,2627,2618,2628,-1,2628,2618,2617,-1,2628,2617,2629,-1,2629,2617,2616,-1,2629,2616,2630,-1,2630,2616,2615,-1,2630,2615,2631,-1,2631,2615,2614,-1,2631,2614,2632,-1,2632,2614,2613,-1,2632,2613,2633,-1,2633,2613,2612,-1,2633,2612,2634,-1,2634,2612,2611,-1,2634,2611,2635,-1,2635,2611,2610,-1,2635,2610,2636,-1,2636,2610,2609,-1,2636,2609,2637,-1,2637,2609,2608,-1,2637,2608,2638,-1,2638,2608,2607,-1,2638,2607,2639,-1,2639,2607,2606,-1,2639,2606,2640,-1,2640,2606,2605,-1,2640,2605,2641,-1,2641,2605,2604,-1,2641,2604,2536,-1,2536,2604,2603,-1,2536,2603,2534,-1,2534,2603,2602,-1,2535,2642,2536,-1,2536,2642,2643,-1,2536,2643,2641,-1,2641,2643,2644,-1,2641,2644,2640,-1,2640,2644,2645,-1,2640,2645,2639,-1,2639,2645,2646,-1,2639,2646,2638,-1,2638,2646,2647,-1,2638,2647,2637,-1,2637,2647,2648,-1,2637,2648,2636,-1,2636,2648,2649,-1,2636,2649,2635,-1,2635,2649,2650,-1,2635,2650,2634,-1,2634,2650,2651,-1,2634,2651,2633,-1,2633,2651,2652,-1,2633,2652,2632,-1,2632,2652,2653,-1,2632,2653,2631,-1,2631,2653,2654,-1,2631,2654,2630,-1,2630,2654,2655,-1,2630,2655,2629,-1,2629,2655,2656,-1,2629,2656,2628,-1,2628,2656,2657,-1,2628,2657,2627,-1,2627,2657,2658,-1,2627,2658,2626,-1,2626,2658,2659,-1,2626,2659,2625,-1,2625,2659,2660,-1,2625,2660,2624,-1,2624,2660,2661,-1,2624,2661,2623,-1,2623,2661,2518,-1,2623,2518,2622,-1,2622,2518,2517,-1,2662,2516,2663,-1,2663,2516,2518,-1,2663,2518,2664,-1,2664,2518,2661,-1,2664,2661,2665,-1,2665,2661,2660,-1,2665,2660,2666,-1,2666,2660,2659,-1,2666,2659,2667,-1,2667,2659,2658,-1,2667,2658,2668,-1,2668,2658,2657,-1,2668,2657,2669,-1,2669,2657,2656,-1,2669,2656,2670,-1,2670,2656,2655,-1,2670,2655,2671,-1,2671,2655,2654,-1,2671,2654,2672,-1,2672,2654,2653,-1,2672,2653,2673,-1,2673,2653,2652,-1,2673,2652,2674,-1,2674,2652,2651,-1,2674,2651,2675,-1,2675,2651,2650,-1,2675,2650,2676,-1,2676,2650,2649,-1,2676,2649,2677,-1,2677,2649,2648,-1,2677,2648,2678,-1,2678,2648,2647,-1,2678,2647,2679,-1,2679,2647,2646,-1,2679,2646,2680,-1,2680,2646,2645,-1,2680,2645,2681,-1,2681,2645,2644,-1,2681,2644,2533,-1,2533,2644,2643,-1,2533,2643,2531,-1,2531,2643,2642,-1,2532,2682,2533,-1,2533,2682,2683,-1,2533,2683,2681,-1,2681,2683,2684,-1,2681,2684,2680,-1,2680,2684,2685,-1,2680,2685,2679,-1,2679,2685,2686,-1,2679,2686,2678,-1,2678,2686,2687,-1,2678,2687,2677,-1,2677,2687,2688,-1,2677,2688,2676,-1,2676,2688,2689,-1,2676,2689,2675,-1,2675,2689,2690,-1,2675,2690,2674,-1,2674,2690,2691,-1,2674,2691,2673,-1,2673,2691,2692,-1,2673,2692,2672,-1,2672,2692,2693,-1,2672,2693,2671,-1,2671,2693,2694,-1,2671,2694,2670,-1,2670,2694,2695,-1,2670,2695,2669,-1,2669,2695,2696,-1,2669,2696,2668,-1,2668,2696,2697,-1,2668,2697,2667,-1,2667,2697,2698,-1,2667,2698,2666,-1,2666,2698,2699,-1,2666,2699,2665,-1,2665,2699,2700,-1,2665,2700,2664,-1,2664,2700,2701,-1,2664,2701,2663,-1,2663,2701,2515,-1,2663,2515,2662,-1,2662,2515,2514,-1,2702,2513,2703,-1,2703,2513,2515,-1,2703,2515,2704,-1,2704,2515,2701,-1,2704,2701,2705,-1,2705,2701,2700,-1,2705,2700,2706,-1,2706,2700,2699,-1,2706,2699,2707,-1,2707,2699,2698,-1,2707,2698,2708,-1,2708,2698,2697,-1,2708,2697,2709,-1,2709,2697,2696,-1,2709,2696,2710,-1,2710,2696,2695,-1,2710,2695,2711,-1,2711,2695,2694,-1,2711,2694,2712,-1,2712,2694,2693,-1,2712,2693,2713,-1,2713,2693,2692,-1,2713,2692,2714,-1,2714,2692,2691,-1,2714,2691,2715,-1,2715,2691,2690,-1,2715,2690,2716,-1,2716,2690,2689,-1,2716,2689,2717,-1,2717,2689,2688,-1,2717,2688,2718,-1,2718,2688,2687,-1,2718,2687,2719,-1,2719,2687,2686,-1,2719,2686,2720,-1,2720,2686,2685,-1,2720,2685,2721,-1,2721,2685,2684,-1,2721,2684,2530,-1,2530,2684,2683,-1,2530,2683,2528,-1,2528,2683,2682,-1,2529,2722,2530,-1,2530,2722,2723,-1,2530,2723,2721,-1,2721,2723,2724,-1,2721,2724,2720,-1,2720,2724,2725,-1,2720,2725,2719,-1,2719,2725,2726,-1,2719,2726,2718,-1,2718,2726,2727,-1,2718,2727,2717,-1,2717,2727,2728,-1,2717,2728,2716,-1,2716,2728,2729,-1,2716,2729,2715,-1,2715,2729,2730,-1,2715,2730,2714,-1,2714,2730,2731,-1,2714,2731,2713,-1,2713,2731,2732,-1,2713,2732,2712,-1,2712,2732,2733,-1,2712,2733,2711,-1,2711,2733,2734,-1,2711,2734,2710,-1,2710,2734,2735,-1,2710,2735,2709,-1,2709,2735,2736,-1,2709,2736,2708,-1,2708,2736,2737,-1,2708,2737,2707,-1,2707,2737,2738,-1,2707,2738,2706,-1,2706,2738,2739,-1,2706,2739,2705,-1,2705,2739,2740,-1,2705,2740,2704,-1,2704,2740,2741,-1,2704,2741,2703,-1,2703,2741,2512,-1,2703,2512,2702,-1,2702,2512,2511,-1,2742,2510,2743,-1,2743,2510,2512,-1,2743,2512,2744,-1,2744,2512,2741,-1,2744,2741,2745,-1,2745,2741,2740,-1,2745,2740,2746,-1,2746,2740,2739,-1,2746,2739,2747,-1,2747,2739,2738,-1,2747,2738,2748,-1,2748,2738,2737,-1,2748,2737,2749,-1,2749,2737,2736,-1,2749,2736,2750,-1,2750,2736,2735,-1,2750,2735,2751,-1,2751,2735,2734,-1,2751,2734,2752,-1,2752,2734,2733,-1,2752,2733,2753,-1,2753,2733,2732,-1,2753,2732,2754,-1,2754,2732,2731,-1,2754,2731,2755,-1,2755,2731,2730,-1,2755,2730,2756,-1,2756,2730,2729,-1,2756,2729,2757,-1,2757,2729,2728,-1,2757,2728,2758,-1,2758,2728,2727,-1,2758,2727,2759,-1,2759,2727,2726,-1,2759,2726,2760,-1,2760,2726,2725,-1,2760,2725,2761,-1,2761,2725,2724,-1,2761,2724,2527,-1,2527,2724,2723,-1,2527,2723,2525,-1,2525,2723,2722,-1,2526,2509,2527,-1,2527,2509,2508,-1,2527,2508,2761,-1,2761,2508,2507,-1,2761,2507,2760,-1,2760,2507,2506,-1,2760,2506,2759,-1,2759,2506,2505,-1,2759,2505,2758,-1,2758,2505,2504,-1,2758,2504,2757,-1,2757,2504,2503,-1,2757,2503,2756,-1,2756,2503,2502,-1,2756,2502,2755,-1,2755,2502,2501,-1,2755,2501,2754,-1,2754,2501,2500,-1,2754,2500,2753,-1,2753,2500,2499,-1,2753,2499,2752,-1,2752,2499,2498,-1,2752,2498,2751,-1,2751,2498,2497,-1,2751,2497,2750,-1,2750,2497,2496,-1,2750,2496,2749,-1,2749,2496,2495,-1,2749,2495,2748,-1,2748,2495,2494,-1,2748,2494,2747,-1,2747,2494,2493,-1,2747,2493,2746,-1,2746,2493,2492,-1,2746,2492,2745,-1,2745,2492,2491,-1,2745,2491,2744,-1,2744,2491,2490,-1,2744,2490,2743,-1,2743,2490,2489,-1,2743,2489,2742,-1,2742,2489,2488,-1,2581,2762,2763,-1,2581,2763,2580,-1,2580,2763,2764,-1,2580,2764,2578,-1,2578,2764,2765,-1,2578,2765,2576,-1,2576,2765,2766,-1,2576,2766,2574,-1,2574,2766,2767,-1,2574,2767,2572,-1,2572,2767,2768,-1,2572,2768,2570,-1,2570,2768,2769,-1,2570,2769,2568,-1,2568,2769,2770,-1,2568,2770,2566,-1,2566,2770,2771,-1,2566,2771,2564,-1,2564,2771,2772,-1,2564,2772,2562,-1,2562,2772,2773,-1,2562,2773,2560,-1,2560,2773,2774,-1,2560,2774,2558,-1,2558,2774,2775,-1,2558,2775,2556,-1,2556,2775,2776,-1,2556,2776,2554,-1,2554,2776,2777,-1,2554,2777,2552,-1,2552,2777,2778,-1,2552,2778,2550,-1,2550,2778,2779,-1,2550,2779,2548,-1,2548,2779,2780,-1,2548,2780,2546,-1,2546,2780,2781,-1,2546,2781,2544,-1,2544,2781,2782,-1,2544,2782,2542,-1,2542,2782,2783,-1,2542,2783,2540,-1,2784,2785,2786,-1,2787,2788,2789,-1,2790,2791,2792,-1,2793,2794,2795,-1,2796,2797,2798,-1,2799,2800,2801,-1,2802,2803,2804,-1,2805,2806,2807,-1,2808,2809,2810,-1,2811,2812,2813,-1,2814,2815,2816,-1,2816,2815,2817,-1,2816,2817,2818,-1,2818,2817,2819,-1,2818,2819,2820,-1,2820,2819,2821,-1,2820,2821,2822,-1,2822,2821,2823,-1,2822,2823,2824,-1,2824,2823,2825,-1,2824,2825,2826,-1,2826,2825,2827,-1,2826,2827,2828,-1,2828,2827,2829,-1,2828,2829,2830,-1,2830,2829,2831,-1,2830,2831,2832,-1,2832,2831,2833,-1,2832,2833,2834,-1,2834,2833,2835,-1,2834,2835,2836,-1,2836,2835,2837,-1,2836,2837,2838,-1,2838,2837,2839,-1,2838,2839,2840,-1,2840,2839,2841,-1,2840,2841,2842,-1,2842,2841,2843,-1,2842,2843,2844,-1,2844,2843,2845,-1,2844,2845,2846,-1,2846,2845,2847,-1,2846,2847,2848,-1,2848,2847,2849,-1,2848,2849,2850,-1,2850,2849,2851,-1,2850,2851,2852,-1,2852,2851,2853,-1,2852,2853,2854,-1,2854,2853,2798,-1,2854,2798,2855,-1,2855,2798,2797,-1,2856,2796,2857,-1,2857,2796,2798,-1,2857,2798,2858,-1,2858,2798,2853,-1,2858,2853,2859,-1,2859,2853,2851,-1,2859,2851,2860,-1,2860,2851,2849,-1,2860,2849,2861,-1,2861,2849,2847,-1,2861,2847,2862,-1,2862,2847,2845,-1,2862,2845,2863,-1,2863,2845,2843,-1,2863,2843,2864,-1,2864,2843,2841,-1,2864,2841,2865,-1,2865,2841,2839,-1,2865,2839,2866,-1,2866,2839,2837,-1,2866,2837,2867,-1,2867,2837,2835,-1,2867,2835,2868,-1,2868,2835,2833,-1,2868,2833,2869,-1,2869,2833,2831,-1,2869,2831,2870,-1,2870,2831,2829,-1,2870,2829,2871,-1,2871,2829,2827,-1,2871,2827,2872,-1,2872,2827,2825,-1,2872,2825,2873,-1,2873,2825,2823,-1,2873,2823,2874,-1,2874,2823,2821,-1,2874,2821,2875,-1,2875,2821,2819,-1,2875,2819,2813,-1,2813,2819,2817,-1,2813,2817,2811,-1,2811,2817,2815,-1,2812,2876,2813,-1,2813,2876,2877,-1,2813,2877,2875,-1,2875,2877,2878,-1,2875,2878,2874,-1,2874,2878,2879,-1,2874,2879,2873,-1,2873,2879,2880,-1,2873,2880,2872,-1,2872,2880,2881,-1,2872,2881,2871,-1,2871,2881,2882,-1,2871,2882,2870,-1,2870,2882,2883,-1,2870,2883,2869,-1,2869,2883,2884,-1,2869,2884,2868,-1,2868,2884,2885,-1,2868,2885,2867,-1,2867,2885,2886,-1,2867,2886,2866,-1,2866,2886,2887,-1,2866,2887,2865,-1,2865,2887,2888,-1,2865,2888,2864,-1,2864,2888,2889,-1,2864,2889,2863,-1,2863,2889,2890,-1,2863,2890,2862,-1,2862,2890,2891,-1,2862,2891,2861,-1,2861,2891,2892,-1,2861,2892,2860,-1,2860,2892,2893,-1,2860,2893,2859,-1,2859,2893,2894,-1,2859,2894,2858,-1,2858,2894,2895,-1,2858,2895,2857,-1,2857,2895,2795,-1,2857,2795,2856,-1,2856,2795,2794,-1,2896,2793,2897,-1,2897,2793,2795,-1,2897,2795,2898,-1,2898,2795,2895,-1,2898,2895,2899,-1,2899,2895,2894,-1,2899,2894,2900,-1,2900,2894,2893,-1,2900,2893,2901,-1,2901,2893,2892,-1,2901,2892,2902,-1,2902,2892,2891,-1,2902,2891,2903,-1,2903,2891,2890,-1,2903,2890,2904,-1,2904,2890,2889,-1,2904,2889,2905,-1,2905,2889,2888,-1,2905,2888,2906,-1,2906,2888,2887,-1,2906,2887,2907,-1,2907,2887,2886,-1,2907,2886,2908,-1,2908,2886,2885,-1,2908,2885,2909,-1,2909,2885,2884,-1,2909,2884,2910,-1,2910,2884,2883,-1,2910,2883,2911,-1,2911,2883,2882,-1,2911,2882,2912,-1,2912,2882,2881,-1,2912,2881,2913,-1,2913,2881,2880,-1,2913,2880,2914,-1,2914,2880,2879,-1,2914,2879,2915,-1,2915,2879,2878,-1,2915,2878,2810,-1,2810,2878,2877,-1,2810,2877,2808,-1,2808,2877,2876,-1,2809,2916,2810,-1,2810,2916,2917,-1,2810,2917,2915,-1,2915,2917,2918,-1,2915,2918,2914,-1,2914,2918,2919,-1,2914,2919,2913,-1,2913,2919,2920,-1,2913,2920,2912,-1,2912,2920,2921,-1,2912,2921,2911,-1,2911,2921,2922,-1,2911,2922,2910,-1,2910,2922,2923,-1,2910,2923,2909,-1,2909,2923,2924,-1,2909,2924,2908,-1,2908,2924,2925,-1,2908,2925,2907,-1,2907,2925,2926,-1,2907,2926,2906,-1,2906,2926,2927,-1,2906,2927,2905,-1,2905,2927,2928,-1,2905,2928,2904,-1,2904,2928,2929,-1,2904,2929,2903,-1,2903,2929,2930,-1,2903,2930,2902,-1,2902,2930,2931,-1,2902,2931,2901,-1,2901,2931,2932,-1,2901,2932,2900,-1,2900,2932,2933,-1,2900,2933,2899,-1,2899,2933,2934,-1,2899,2934,2898,-1,2898,2934,2935,-1,2898,2935,2897,-1,2897,2935,2792,-1,2897,2792,2896,-1,2896,2792,2791,-1,2936,2790,2937,-1,2937,2790,2792,-1,2937,2792,2938,-1,2938,2792,2935,-1,2938,2935,2939,-1,2939,2935,2934,-1,2939,2934,2940,-1,2940,2934,2933,-1,2940,2933,2941,-1,2941,2933,2932,-1,2941,2932,2942,-1,2942,2932,2931,-1,2942,2931,2943,-1,2943,2931,2930,-1,2943,2930,2944,-1,2944,2930,2929,-1,2944,2929,2945,-1,2945,2929,2928,-1,2945,2928,2946,-1,2946,2928,2927,-1,2946,2927,2947,-1,2947,2927,2926,-1,2947,2926,2948,-1,2948,2926,2925,-1,2948,2925,2949,-1,2949,2925,2924,-1,2949,2924,2950,-1,2950,2924,2923,-1,2950,2923,2951,-1,2951,2923,2922,-1,2951,2922,2952,-1,2952,2922,2921,-1,2952,2921,2953,-1,2953,2921,2920,-1,2953,2920,2954,-1,2954,2920,2919,-1,2954,2919,2955,-1,2955,2919,2918,-1,2955,2918,2807,-1,2807,2918,2917,-1,2807,2917,2805,-1,2805,2917,2916,-1,2806,2956,2807,-1,2807,2956,2957,-1,2807,2957,2955,-1,2955,2957,2958,-1,2955,2958,2954,-1,2954,2958,2959,-1,2954,2959,2953,-1,2953,2959,2960,-1,2953,2960,2952,-1,2952,2960,2961,-1,2952,2961,2951,-1,2951,2961,2962,-1,2951,2962,2950,-1,2950,2962,2963,-1,2950,2963,2949,-1,2949,2963,2964,-1,2949,2964,2948,-1,2948,2964,2965,-1,2948,2965,2947,-1,2947,2965,2966,-1,2947,2966,2946,-1,2946,2966,2967,-1,2946,2967,2945,-1,2945,2967,2968,-1,2945,2968,2944,-1,2944,2968,2969,-1,2944,2969,2943,-1,2943,2969,2970,-1,2943,2970,2942,-1,2942,2970,2971,-1,2942,2971,2941,-1,2941,2971,2972,-1,2941,2972,2940,-1,2940,2972,2973,-1,2940,2973,2939,-1,2939,2973,2974,-1,2939,2974,2938,-1,2938,2974,2975,-1,2938,2975,2937,-1,2937,2975,2789,-1,2937,2789,2936,-1,2936,2789,2788,-1,2976,2787,2977,-1,2977,2787,2789,-1,2977,2789,2978,-1,2978,2789,2975,-1,2978,2975,2979,-1,2979,2975,2974,-1,2979,2974,2980,-1,2980,2974,2973,-1,2980,2973,2981,-1,2981,2973,2972,-1,2981,2972,2982,-1,2982,2972,2971,-1,2982,2971,2983,-1,2983,2971,2970,-1,2983,2970,2984,-1,2984,2970,2969,-1,2984,2969,2985,-1,2985,2969,2968,-1,2985,2968,2986,-1,2986,2968,2967,-1,2986,2967,2987,-1,2987,2967,2966,-1,2987,2966,2988,-1,2988,2966,2965,-1,2988,2965,2989,-1,2989,2965,2964,-1,2989,2964,2990,-1,2990,2964,2963,-1,2990,2963,2991,-1,2991,2963,2962,-1,2991,2962,2992,-1,2992,2962,2961,-1,2992,2961,2993,-1,2993,2961,2960,-1,2993,2960,2994,-1,2994,2960,2959,-1,2994,2959,2995,-1,2995,2959,2958,-1,2995,2958,2804,-1,2804,2958,2957,-1,2804,2957,2802,-1,2802,2957,2956,-1,2803,2996,2804,-1,2804,2996,2997,-1,2804,2997,2995,-1,2995,2997,2998,-1,2995,2998,2994,-1,2994,2998,2999,-1,2994,2999,2993,-1,2993,2999,3000,-1,2993,3000,2992,-1,2992,3000,3001,-1,2992,3001,2991,-1,2991,3001,3002,-1,2991,3002,2990,-1,2990,3002,3003,-1,2990,3003,2989,-1,2989,3003,3004,-1,2989,3004,2988,-1,2988,3004,3005,-1,2988,3005,2987,-1,2987,3005,3006,-1,2987,3006,2986,-1,2986,3006,3007,-1,2986,3007,2985,-1,2985,3007,3008,-1,2985,3008,2984,-1,2984,3008,3009,-1,2984,3009,2983,-1,2983,3009,3010,-1,2983,3010,2982,-1,2982,3010,3011,-1,2982,3011,2981,-1,2981,3011,3012,-1,2981,3012,2980,-1,2980,3012,3013,-1,2980,3013,2979,-1,2979,3013,3014,-1,2979,3014,2978,-1,2978,3014,3015,-1,2978,3015,2977,-1,2977,3015,2786,-1,2977,2786,2976,-1,2976,2786,2785,-1,3016,2784,3017,-1,3017,2784,2786,-1,3017,2786,3018,-1,3018,2786,3015,-1,3018,3015,3019,-1,3019,3015,3014,-1,3019,3014,3020,-1,3020,3014,3013,-1,3020,3013,3021,-1,3021,3013,3012,-1,3021,3012,3022,-1,3022,3012,3011,-1,3022,3011,3023,-1,3023,3011,3010,-1,3023,3010,3024,-1,3024,3010,3009,-1,3024,3009,3025,-1,3025,3009,3008,-1,3025,3008,3026,-1,3026,3008,3007,-1,3026,3007,3027,-1,3027,3007,3006,-1,3027,3006,3028,-1,3028,3006,3005,-1,3028,3005,3029,-1,3029,3005,3004,-1,3029,3004,3030,-1,3030,3004,3003,-1,3030,3003,3031,-1,3031,3003,3002,-1,3031,3002,3032,-1,3032,3002,3001,-1,3032,3001,3033,-1,3033,3001,3000,-1,3033,3000,3034,-1,3034,3000,2999,-1,3034,2999,3035,-1,3035,2999,2998,-1,3035,2998,2801,-1,2801,2998,2997,-1,2801,2997,2799,-1,2799,2997,2996,-1,2800,2783,2801,-1,2801,2783,2782,-1,2801,2782,3035,-1,3035,2782,2781,-1,3035,2781,3034,-1,3034,2781,2780,-1,3034,2780,3033,-1,3033,2780,2779,-1,3033,2779,3032,-1,3032,2779,2778,-1,3032,2778,3031,-1,3031,2778,2777,-1,3031,2777,3030,-1,3030,2777,2776,-1,3030,2776,3029,-1,3029,2776,2775,-1,3029,2775,3028,-1,3028,2775,2774,-1,3028,2774,3027,-1,3027,2774,2773,-1,3027,2773,3026,-1,3026,2773,2772,-1,3026,2772,3025,-1,3025,2772,2771,-1,3025,2771,3024,-1,3024,2771,2770,-1,3024,2770,3023,-1,3023,2770,2769,-1,3023,2769,3022,-1,3022,2769,2768,-1,3022,2768,3021,-1,3021,2768,2767,-1,3021,2767,3020,-1,3020,2767,2766,-1,3020,2766,3019,-1,3019,2766,2765,-1,3019,2765,3018,-1,3018,2765,2764,-1,3018,2764,3017,-1,3017,2764,2763,-1,3017,2763,3016,-1,3016,2763,2762,-1,2855,3036,3037,-1,2855,3037,2854,-1,2854,3037,3038,-1,2854,3038,2852,-1,2852,3038,3039,-1,2852,3039,2850,-1,2850,3039,3040,-1,2850,3040,2848,-1,2848,3040,3041,-1,2848,3041,2846,-1,2846,3041,3042,-1,2846,3042,2844,-1,2844,3042,3043,-1,2844,3043,2842,-1,2842,3043,3044,-1,2842,3044,2840,-1,2840,3044,3045,-1,2840,3045,2838,-1,2838,3045,3046,-1,2838,3046,2836,-1,2836,3046,3047,-1,2836,3047,2834,-1,2834,3047,3048,-1,2834,3048,2832,-1,2832,3048,3049,-1,2832,3049,2830,-1,2830,3049,3050,-1,2830,3050,2828,-1,2828,3050,3051,-1,2828,3051,2826,-1,2826,3051,3052,-1,2826,3052,2824,-1,2824,3052,3053,-1,2824,3053,2822,-1,2822,3053,3054,-1,2822,3054,2820,-1,2820,3054,3055,-1,2820,3055,2818,-1,2818,3055,3056,-1,2818,3056,2816,-1,2816,3056,3057,-1,2816,3057,2814,-1,3058,3059,3060,-1,3061,3062,3063,-1,3064,3065,3066,-1,3067,3068,3069,-1,3070,3071,3072,-1,3073,3074,3075,-1,3076,3077,3078,-1,3079,3080,3081,-1,3082,3083,3084,-1,3085,3086,3087,-1,2235,3088,2233,-1,2233,3088,3089,-1,2233,3089,2231,-1,2231,3089,3090,-1,2231,3090,2229,-1,2229,3090,3091,-1,2229,3091,2227,-1,2227,3091,3092,-1,2227,3092,2225,-1,2225,3092,3093,-1,2225,3093,2223,-1,2223,3093,3094,-1,2223,3094,2221,-1,2221,3094,3095,-1,2221,3095,2219,-1,2219,3095,3096,-1,2219,3096,2217,-1,2217,3096,3097,-1,2217,3097,2215,-1,2215,3097,3098,-1,2215,3098,2213,-1,2213,3098,3099,-1,2213,3099,2211,-1,2211,3099,3100,-1,2211,3100,2209,-1,2209,3100,3101,-1,2209,3101,2207,-1,2207,3101,3102,-1,2207,3102,2205,-1,2205,3102,3103,-1,2205,3103,2203,-1,2203,3103,3104,-1,2203,3104,2201,-1,2201,3104,3105,-1,2201,3105,2199,-1,2199,3105,3106,-1,2199,3106,2197,-1,2197,3106,3107,-1,2197,3107,2195,-1,2195,3107,3072,-1,2195,3072,2192,-1,2192,3072,3071,-1,3108,3070,3109,-1,3109,3070,3072,-1,3109,3072,3110,-1,3110,3072,3107,-1,3110,3107,3111,-1,3111,3107,3106,-1,3111,3106,3112,-1,3112,3106,3105,-1,3112,3105,3113,-1,3113,3105,3104,-1,3113,3104,3114,-1,3114,3104,3103,-1,3114,3103,3115,-1,3115,3103,3102,-1,3115,3102,3116,-1,3116,3102,3101,-1,3116,3101,3117,-1,3117,3101,3100,-1,3117,3100,3118,-1,3118,3100,3099,-1,3118,3099,3119,-1,3119,3099,3098,-1,3119,3098,3120,-1,3120,3098,3097,-1,3120,3097,3121,-1,3121,3097,3096,-1,3121,3096,3122,-1,3122,3096,3095,-1,3122,3095,3123,-1,3123,3095,3094,-1,3123,3094,3124,-1,3124,3094,3093,-1,3124,3093,3125,-1,3125,3093,3092,-1,3125,3092,3126,-1,3126,3092,3091,-1,3126,3091,3127,-1,3127,3091,3090,-1,3127,3090,3087,-1,3087,3090,3089,-1,3087,3089,3085,-1,3085,3089,3088,-1,3086,3128,3087,-1,3087,3128,3129,-1,3087,3129,3127,-1,3127,3129,3130,-1,3127,3130,3126,-1,3126,3130,3131,-1,3126,3131,3125,-1,3125,3131,3132,-1,3125,3132,3124,-1,3124,3132,3133,-1,3124,3133,3123,-1,3123,3133,3134,-1,3123,3134,3122,-1,3122,3134,3135,-1,3122,3135,3121,-1,3121,3135,3136,-1,3121,3136,3120,-1,3120,3136,3137,-1,3120,3137,3119,-1,3119,3137,3138,-1,3119,3138,3118,-1,3118,3138,3139,-1,3118,3139,3117,-1,3117,3139,3140,-1,3117,3140,3116,-1,3116,3140,3141,-1,3116,3141,3115,-1,3115,3141,3142,-1,3115,3142,3114,-1,3114,3142,3143,-1,3114,3143,3113,-1,3113,3143,3144,-1,3113,3144,3112,-1,3112,3144,3145,-1,3112,3145,3111,-1,3111,3145,3146,-1,3111,3146,3110,-1,3110,3146,3147,-1,3110,3147,3109,-1,3109,3147,3069,-1,3109,3069,3108,-1,3108,3069,3068,-1,3148,3067,3149,-1,3149,3067,3069,-1,3149,3069,3150,-1,3150,3069,3147,-1,3150,3147,3151,-1,3151,3147,3146,-1,3151,3146,3152,-1,3152,3146,3145,-1,3152,3145,3153,-1,3153,3145,3144,-1,3153,3144,3154,-1,3154,3144,3143,-1,3154,3143,3155,-1,3155,3143,3142,-1,3155,3142,3156,-1,3156,3142,3141,-1,3156,3141,3157,-1,3157,3141,3140,-1,3157,3140,3158,-1,3158,3140,3139,-1,3158,3139,3159,-1,3159,3139,3138,-1,3159,3138,3160,-1,3160,3138,3137,-1,3160,3137,3161,-1,3161,3137,3136,-1,3161,3136,3162,-1,3162,3136,3135,-1,3162,3135,3163,-1,3163,3135,3134,-1,3163,3134,3164,-1,3164,3134,3133,-1,3164,3133,3165,-1,3165,3133,3132,-1,3165,3132,3166,-1,3166,3132,3131,-1,3166,3131,3167,-1,3167,3131,3130,-1,3167,3130,3084,-1,3084,3130,3129,-1,3084,3129,3082,-1,3082,3129,3128,-1,3083,3168,3084,-1,3084,3168,3169,-1,3084,3169,3167,-1,3167,3169,3170,-1,3167,3170,3166,-1,3166,3170,3171,-1,3166,3171,3165,-1,3165,3171,3172,-1,3165,3172,3164,-1,3164,3172,3173,-1,3164,3173,3163,-1,3163,3173,3174,-1,3163,3174,3162,-1,3162,3174,3175,-1,3162,3175,3161,-1,3161,3175,3176,-1,3161,3176,3160,-1,3160,3176,3177,-1,3160,3177,3159,-1,3159,3177,3178,-1,3159,3178,3158,-1,3158,3178,3179,-1,3158,3179,3157,-1,3157,3179,3180,-1,3157,3180,3156,-1,3156,3180,3181,-1,3156,3181,3155,-1,3155,3181,3182,-1,3155,3182,3154,-1,3154,3182,3183,-1,3154,3183,3153,-1,3153,3183,3184,-1,3153,3184,3152,-1,3152,3184,3185,-1,3152,3185,3151,-1,3151,3185,3186,-1,3151,3186,3150,-1,3150,3186,3187,-1,3150,3187,3149,-1,3149,3187,3066,-1,3149,3066,3148,-1,3148,3066,3065,-1,3188,3064,3189,-1,3189,3064,3066,-1,3189,3066,3190,-1,3190,3066,3187,-1,3190,3187,3191,-1,3191,3187,3186,-1,3191,3186,3192,-1,3192,3186,3185,-1,3192,3185,3193,-1,3193,3185,3184,-1,3193,3184,3194,-1,3194,3184,3183,-1,3194,3183,3195,-1,3195,3183,3182,-1,3195,3182,3196,-1,3196,3182,3181,-1,3196,3181,3197,-1,3197,3181,3180,-1,3197,3180,3198,-1,3198,3180,3179,-1,3198,3179,3199,-1,3199,3179,3178,-1,3199,3178,3200,-1,3200,3178,3177,-1,3200,3177,3201,-1,3201,3177,3176,-1,3201,3176,3202,-1,3202,3176,3175,-1,3202,3175,3203,-1,3203,3175,3174,-1,3203,3174,3204,-1,3204,3174,3173,-1,3204,3173,3205,-1,3205,3173,3172,-1,3205,3172,3206,-1,3206,3172,3171,-1,3206,3171,3207,-1,3207,3171,3170,-1,3207,3170,3081,-1,3081,3170,3169,-1,3081,3169,3079,-1,3079,3169,3168,-1,3080,3208,3081,-1,3081,3208,3209,-1,3081,3209,3207,-1,3207,3209,3210,-1,3207,3210,3206,-1,3206,3210,3211,-1,3206,3211,3205,-1,3205,3211,3212,-1,3205,3212,3204,-1,3204,3212,3213,-1,3204,3213,3203,-1,3203,3213,3214,-1,3203,3214,3202,-1,3202,3214,3215,-1,3202,3215,3201,-1,3201,3215,3216,-1,3201,3216,3200,-1,3200,3216,3217,-1,3200,3217,3199,-1,3199,3217,3218,-1,3199,3218,3198,-1,3198,3218,3219,-1,3198,3219,3197,-1,3197,3219,3220,-1,3197,3220,3196,-1,3196,3220,3221,-1,3196,3221,3195,-1,3195,3221,3222,-1,3195,3222,3194,-1,3194,3222,3223,-1,3194,3223,3193,-1,3193,3223,3224,-1,3193,3224,3192,-1,3192,3224,3225,-1,3192,3225,3191,-1,3191,3225,3226,-1,3191,3226,3190,-1,3190,3226,3227,-1,3190,3227,3189,-1,3189,3227,3063,-1,3189,3063,3188,-1,3188,3063,3062,-1,3228,3061,3229,-1,3229,3061,3063,-1,3229,3063,3230,-1,3230,3063,3227,-1,3230,3227,3231,-1,3231,3227,3226,-1,3231,3226,3232,-1,3232,3226,3225,-1,3232,3225,3233,-1,3233,3225,3224,-1,3233,3224,3234,-1,3234,3224,3223,-1,3234,3223,3235,-1,3235,3223,3222,-1,3235,3222,3236,-1,3236,3222,3221,-1,3236,3221,3237,-1,3237,3221,3220,-1,3237,3220,3238,-1,3238,3220,3219,-1,3238,3219,3239,-1,3239,3219,3218,-1,3239,3218,3240,-1,3240,3218,3217,-1,3240,3217,3241,-1,3241,3217,3216,-1,3241,3216,3242,-1,3242,3216,3215,-1,3242,3215,3243,-1,3243,3215,3214,-1,3243,3214,3244,-1,3244,3214,3213,-1,3244,3213,3245,-1,3245,3213,3212,-1,3245,3212,3246,-1,3246,3212,3211,-1,3246,3211,3247,-1,3247,3211,3210,-1,3247,3210,3078,-1,3078,3210,3209,-1,3078,3209,3076,-1,3076,3209,3208,-1,3077,3248,3078,-1,3078,3248,3249,-1,3078,3249,3247,-1,3247,3249,3250,-1,3247,3250,3246,-1,3246,3250,3251,-1,3246,3251,3245,-1,3245,3251,3252,-1,3245,3252,3244,-1,3244,3252,3253,-1,3244,3253,3243,-1,3243,3253,3254,-1,3243,3254,3242,-1,3242,3254,3255,-1,3242,3255,3241,-1,3241,3255,3256,-1,3241,3256,3240,-1,3240,3256,3257,-1,3240,3257,3239,-1,3239,3257,3258,-1,3239,3258,3238,-1,3238,3258,3259,-1,3238,3259,3237,-1,3237,3259,3260,-1,3237,3260,3236,-1,3236,3260,3261,-1,3236,3261,3235,-1,3235,3261,3262,-1,3235,3262,3234,-1,3234,3262,3263,-1,3234,3263,3233,-1,3233,3263,3264,-1,3233,3264,3232,-1,3232,3264,3265,-1,3232,3265,3231,-1,3231,3265,3266,-1,3231,3266,3230,-1,3230,3266,3267,-1,3230,3267,3229,-1,3229,3267,3060,-1,3229,3060,3228,-1,3228,3060,3059,-1,3268,3058,3269,-1,3269,3058,3060,-1,3269,3060,3270,-1,3270,3060,3267,-1,3270,3267,3271,-1,3271,3267,3266,-1,3271,3266,3272,-1,3272,3266,3265,-1,3272,3265,3273,-1,3273,3265,3264,-1,3273,3264,3274,-1,3274,3264,3263,-1,3274,3263,3275,-1,3275,3263,3262,-1,3275,3262,3276,-1,3276,3262,3261,-1,3276,3261,3277,-1,3277,3261,3260,-1,3277,3260,3278,-1,3278,3260,3259,-1,3278,3259,3279,-1,3279,3259,3258,-1,3279,3258,3280,-1,3280,3258,3257,-1,3280,3257,3281,-1,3281,3257,3256,-1,3281,3256,3282,-1,3282,3256,3255,-1,3282,3255,3283,-1,3283,3255,3254,-1,3283,3254,3284,-1,3284,3254,3253,-1,3284,3253,3285,-1,3285,3253,3252,-1,3285,3252,3286,-1,3286,3252,3251,-1,3286,3251,3287,-1,3287,3251,3250,-1,3287,3250,3075,-1,3075,3250,3249,-1,3075,3249,3073,-1,3073,3249,3248,-1,3074,3057,3075,-1,3075,3057,3056,-1,3075,3056,3287,-1,3287,3056,3055,-1,3287,3055,3286,-1,3286,3055,3054,-1,3286,3054,3285,-1,3285,3054,3053,-1,3285,3053,3284,-1,3284,3053,3052,-1,3284,3052,3283,-1,3283,3052,3051,-1,3283,3051,3282,-1,3282,3051,3050,-1,3282,3050,3281,-1,3281,3050,3049,-1,3281,3049,3280,-1,3280,3049,3048,-1,3280,3048,3279,-1,3279,3048,3047,-1,3279,3047,3278,-1,3278,3047,3046,-1,3278,3046,3277,-1,3277,3046,3045,-1,3277,3045,3276,-1,3276,3045,3044,-1,3276,3044,3275,-1,3275,3044,3043,-1,3275,3043,3274,-1,3274,3043,3042,-1,3274,3042,3273,-1,3273,3042,3041,-1,3273,3041,3272,-1,3272,3041,3040,-1,3272,3040,3271,-1,3271,3040,3039,-1,3271,3039,3270,-1,3270,3039,3038,-1,3270,3038,3269,-1,3269,3038,3037,-1,3269,3037,3268,-1,3268,3037,3036,-1,
        ]
    }
}
Shape{
    appearance Appearance {
        material  Material 	{
            diffuseColor 0.7529411764705882 0.7529411764705882 0.7529411764705882
            specularColor 0.3764705882352941 0.3764705882352941 0.3764705882352941
            ambientIntensity 0.7529
            transparency 0.0
            shininess 0.5
        }
    }
    geometry IndexedFaceSet {
        ccw TRUE
        solid FALSE
        coord DEF co Coordinate {
            point [
                0.315 0.1574 0.0394, 0.315 0.1574 0.2756, 0.315 -0.1575 0.0394, 0.315 -0.1575 0.2756, 0.1969 0.1574 0.2756, 0.1969 -0.1575 0.2756, 0.1969 -0.1575 0.0394, 0.1969 0.1574 0.0394, 0.1969 -0.1089 0.1079, 0.1969 -0.105 0.0984, 0.1969 -0.0988 0.0903, 0.1969 -0.0906 0.084, 0.1969 0.081 0.0801, 0.1969 0.0905 0.084, 0.1969 0.0987 0.0903, 0.1969 0.1049 0.0984, 0.1969 -0.0811 0.2349, 0.1969 -0.0906 0.2309, 0.1969 -0.0988 0.2247, 0.1969 -0.105 0.2165, 0.1969 -0.1089 0.207, 0.1969 -0.1103 0.1969, 0.1969 -0.1103 0.1181, 0.1969 0.1088 0.207, 0.1969 0.1049 0.2165, 0.1969 0.0987 0.2247, 0.1969 0.0905 0.2309, 0.1969 0.081 0.2349, 0.1969 0.0708 0.2362, 0.1969 -0.0709 0.2362, 0.1969 -0.0811 0.0801, 0.1969 -0.0709 0.0787, 0.1969 0.0708 0.0787, 0.1969 0.1088 0.1079, 0.1969 0.1102 0.1181, 0.1969 0.1102 0.1969, 0.1508 -0.0709 0.2362, 0.1508 0.0708 0.2362, 0.1508 -0.0811 0.2348, 0.1508 -0.0765 0.2358, 0.1508 -0.0906 0.2309, 0.1508 -0.0873 0.2327, 0.1508 -0.082 0.2346, 0.1508 -0.0987 0.2246, 0.1508 -0.0967 0.2266, 0.1508 -0.0922 0.23, 0.1508 -0.1049 0.2165, 0.1508 -0.104 0.2181, 0.1508 -0.1007 0.2226, 0.1508 -0.1067 0.2132, 0.1508 -0.1087 0.2079, 0.1508 -0.1103 0.1969, 0.1508 -0.1099 0.2025, 0.1508 -0.1089 0.207, 0.1508 -0.1103 0.1181, 0.1508 -0.1089 0.1079, 0.1508 -0.1099 0.1125, 0.1508 -0.1049 0.0985, 0.1508 -0.1067 0.1018, 0.1508 -0.1087 0.107, 0.1508 -0.0987 0.0903, 0.1508 -0.1007 0.0923, 0.1508 -0.104 0.0968, 0.1508 -0.0906 0.0841, 0.1508 -0.0922 0.085, 0.1508 -0.0967 0.0884, 0.1508 -0.0873 0.0823, 0.1508 -0.082 0.0803, 0.1508 -0.0709 0.0787, 0.1508 -0.0765 0.0791, 0.1508 -0.0811 0.0801, 0.1508 0.0708 0.0787, 0.1508 0.1088 0.207, 0.1508 0.1098 0.2025, 0.1508 0.1102 0.1969, 0.1508 0.1048 0.2165, 0.1508 0.1066 0.2132, 0.1508 0.1086 0.2079, 0.1508 0.0986 0.2246, 0.1508 0.1006 0.2226, 0.1508 0.1039 0.2181, 0.1508 0.0905 0.2309, 0.1508 0.0921 0.23, 0.1508 0.0966 0.2266, 0.1508 0.0872 0.2327, 0.1508 0.0819 0.2346, 0.1508 0.0764 0.2358, 0.1508 0.081 0.2348, 0.1508 0.081 0.0801, 0.1508 0.0764 0.0791, 0.1508 0.0905 0.0841, 0.1508 0.0872 0.0823, 0.1508 0.0819 0.0803, 0.1508 0.0986 0.0903, 0.1508 0.0966 0.0884, 0.1508 0.0921 0.085, 0.1508 0.1048 0.0985, 0.1508 0.1039 0.0968, 0.1508 0.1006 0.0923, 0.1508 0.1066 0.1018, 0.1508 0.1086 0.107, 0.1508 0.1102 0.1181, 0.1508 0.1098 0.1125, 0.1508 0.1088 0.1079
            ]
        }
        coordIndex [
            0,1,2,-1,2,1,3,-1,1,4,3,-1,3,4,5,-1,2,3,6,-1,6,3,5,-1,0,2,7,-1,7,2,6,-1,7,4,0,-1,0,4,1,-1,8,9,6,-1,6,9,10,-1,6,10,11,-1,12,13,7,-1,7,13,14,-1,7,14,15,-1,16,17,5,-1,5,17,18,-1,5,18,19,-1,19,20,5,-1,5,20,21,-1,5,21,6,-1,6,21,22,-1,6,22,8,-1,23,24,4,-1,4,24,25,-1,4,25,26,-1,26,27,4,-1,4,27,28,-1,4,28,5,-1,5,28,29,-1,5,29,16,-1,11,30,6,-1,6,30,31,-1,6,31,7,-1,7,31,32,-1,7,32,12,-1,15,33,7,-1,7,33,34,-1,7,34,4,-1,4,34,35,-1,4,35,23,-1,29,28,36,-1,36,28,37,-1,38,16,39,-1,39,16,29,-1,39,29,36,-1,40,17,41,-1,41,17,16,-1,41,16,42,-1,42,16,38,-1,43,18,44,-1,44,18,17,-1,44,17,45,-1,45,17,40,-1,46,19,47,-1,47,19,18,-1,47,18,48,-1,48,18,43,-1,46,49,19,-1,19,49,50,-1,19,50,20,-1,51,21,52,-1,52,21,20,-1,52,20,53,-1,53,20,50,-1,22,21,54,-1,54,21,51,-1,55,8,56,-1,56,8,22,-1,56,22,54,-1,57,9,58,-1,58,9,8,-1,58,8,59,-1,59,8,55,-1,60,10,61,-1,61,10,9,-1,61,9,62,-1,62,9,57,-1,63,11,64,-1,64,11,10,-1,64,10,65,-1,65,10,60,-1,63,66,11,-1,11,66,67,-1,11,67,30,-1,68,31,69,-1,69,31,30,-1,69,30,70,-1,70,30,67,-1,32,31,71,-1,71,31,68,-1,72,23,73,-1,73,23,35,-1,73,35,74,-1,75,24,76,-1,76,24,23,-1,76,23,77,-1,77,23,72,-1,78,25,79,-1,79,25,24,-1,79,24,80,-1,80,24,75,-1,81,26,82,-1,82,26,25,-1,82,25,83,-1,83,25,78,-1,81,84,26,-1,26,84,85,-1,26,85,27,-1,37,28,86,-1,86,28,27,-1,86,27,87,-1,87,27,85,-1,88,12,89,-1,89,12,32,-1,89,32,71,-1,90,13,91,-1,91,13,12,-1,91,12,92,-1,92,12,88,-1,93,14,94,-1,94,14,13,-1,94,13,95,-1,95,13,90,-1,96,15,97,-1,97,15,14,-1,97,14,98,-1,98,14,93,-1,96,99,15,-1,15,99,100,-1,15,100,33,-1,101,34,102,-1,102,34,33,-1,102,33,103,-1,103,33,100,-1,35,34,74,-1,74,34,101,-1,
        ]
    }
}
Shape{
    appearance Appearance {
        material  Material 	{
            diffuseColor 1.0 1.0 1.0
            specularColor 0.5019607843137255 0.5019607843137255 0.5019607843137255
            ambientIntensity 1.0
            transparency 0.0
            shininess 0.5
        }
    }
    geometry IndexedFaceSet {
        ccw TRUE
        solid FALSE
        coord DEF co Coordinate {
            point [
                0.2854 0.0168 0.0, 0.2856 0.0187 0.0, 0.3002 0.0125 0.0, 0.301 -0.0022 0.0, 0.3031 -0.0022 0.0, 0.3031 -0.0061 0.0, 0.2835 0.0084 0.0, 0.2835 -0.0017 0.0, 0.2087 -0.1457 0.0, 0.3031 0.0084 0.0, 0.3 0.0122 0.0, 0.3021 0.0122 0.0, 0.303 0.0143 0.0, 0.3031 0.015 0.0, 0.2835 0.036 0.0, 0.301 0.036 0.0, 0.301 0.0285 0.0, 0.2835 0.0386 0.0, 0.2087 0.1456 0.0, 0.3031 0.0386 0.0, 0.3031 0.1456 0.0, 0.3031 -0.0411 0.0, 0.3031 -0.1457 0.0, 0.2835 -0.0334 0.0, 0.2835 -0.0308 0.0, 0.2856 0.0057 0.0, 0.2921 0.0057 0.0, 0.2856 -0.0017 0.0, 0.2921 -0.0013 0.0, 0.2943 -0.0013 0.0, 0.2943 0.0057 0.0, 0.301 0.0057 0.0, 0.2857 0.0144 0.0, 0.2866 0.0122 0.0, 0.284 0.0122 0.0, 0.2834 0.0145 0.0, 0.2838 -0.0145 0.0, 0.2846 -0.0168 0.0, 0.286 -0.0189 0.0, 0.2835 -0.0061 0.0, 0.2909 0.0266 0.0, 0.2886 0.0258 0.0, 0.2868 0.0246 0.0, 0.2851 0.0228 0.0, 0.3 0.025 0.0, 0.3015 0.0235 0.0, 0.3031 0.0285 0.0, 0.3031 -0.0114 0.0, 0.3031 -0.0233 0.0, 0.3029 -0.0139 0.0, 0.3022 -0.0162 0.0, 0.2835 -0.0116 0.0, 0.2861 0.0202 0.0, 0.287 0.0216 0.0, 0.2884 0.0228 0.0, 0.2935 0.0242 0.0, 0.2956 0.024 0.0, 0.2973 0.0235 0.0, 0.301 0.0191 0.0, 0.3012 0.0172 0.0, 0.3005 0.0205 0.0, 0.2997 0.0217 0.0, 0.2987 0.0226 0.0, 0.3009 0.0146 0.0, 0.3031 0.02 0.0, 0.3031 0.02 0.0, 0.3025 0.0219 0.0, 0.2977 -0.0209 0.0, 0.2995 -0.0198 0.0, 0.301 -0.0182 0.0, 0.2899 0.0236 0.0, 0.292 0.0241 0.0, 0.286 -0.0189 0.0, 0.2876 -0.0203 0.0, 0.2893 -0.0212 0.0, 0.284 0.021 0.0, 0.2834 0.0188 0.0, 0.2832 0.0168 0.0, 0.2981 0.026 0.0, 0.296 0.0266 0.0, 0.2937 0.0268 0.0, 0.2913 -0.0218 0.0, 0.2931 -0.0219 0.0, 0.2957 -0.0216 0.0, 0.2976 -0.0362 0.0, 0.2976 -0.0281 0.0, 0.3031 -0.0382 0.0, 0.3031 -0.0262 0.0, 0.3062 0.1487 0.0004, 0.3062 -0.1488 0.0004, 0.3034 0.0171 0.0, 0.3034 0.0176 0.0, 0.3091 0.1515 0.0016, 0.3091 -0.1516 0.0016, 0.3115 0.154 0.0035, 0.3115 -0.1541 0.0035, 0.3125 -0.1551 0.0046, 0.3146 0.157 0.0088, 0.3141 -0.1566 0.0073, 0.3141 0.1565 0.0073, 0.3134 -0.1559 0.0059, 0.3134 0.1558 0.0059, 0.3125 0.155 0.0046, 0.315 0.1574 0.0118, 0.315 -0.1575 0.0118, 0.3149 0.1573 0.0103, 0.3149 -0.1574 0.0103, 0.3146 -0.1571 0.0088, 0.315 -0.1575 0.0394, 0.1969 -0.1575 0.0118, 0.1969 -0.1575 0.0394, 0.1969 0.1574 0.0118, 0.1969 0.1574 0.0394, 0.315 0.1574 0.0394, 0.2056 -0.1488 0.0004, 0.2056 0.1487 0.0004, 0.2028 -0.1516 0.0016, 0.2028 0.1515 0.0016, 0.2003 -0.1541 0.0035, 0.2003 0.154 0.0035, 0.1993 0.155 0.0046, 0.1993 -0.1551 0.0046, 0.1984 0.1558 0.0059, 0.1984 -0.1559 0.0059, 0.1977 -0.1566 0.0073, 0.1977 0.1565 0.0073, 0.1973 -0.1571 0.0088, 0.1973 0.157 0.0088, 0.197 -0.1574 0.0103, 0.197 0.1573 0.0103
            ]
        }
        coordIndex [
            0,1,2,-1,3,4,5,-1,6,7,8,-1,9,6,10,-1,10,11,9,-1,9,11,12,-1,9,12,13,-1,14,15,16,-1,14,8,17,-1,17,8,18,-1,17,18,19,-1,19,18,20,-1,21,22,23,-1,23,22,8,-1,23,8,24,-1,25,26,27,-1,27,26,28,-1,29,30,31,-1,0,2,32,-1,32,2,10,-1,32,10,33,-1,33,10,6,-1,33,6,34,-1,34,6,8,-1,34,8,35,-1,36,37,24,-1,24,37,38,-1,31,3,29,-1,29,3,5,-1,29,5,28,-1,28,5,39,-1,28,39,27,-1,40,41,14,-1,14,41,42,-1,14,42,43,-1,44,16,45,-1,45,16,46,-1,47,48,49,-1,49,48,50,-1,36,24,51,-1,51,24,8,-1,51,8,39,-1,39,8,7,-1,39,7,27,-1,1,52,2,-1,2,52,53,-1,2,53,54,-1,55,56,2,-1,2,56,57,-1,58,59,60,-1,60,59,61,-1,57,62,2,-1,2,62,61,-1,2,61,63,-1,63,61,59,-1,64,65,46,-1,46,65,66,-1,46,66,45,-1,67,68,48,-1,48,68,69,-1,48,69,50,-1,54,70,2,-1,2,70,71,-1,2,71,55,-1,38,72,24,-1,24,72,73,-1,24,73,74,-1,43,75,14,-1,14,75,76,-1,14,76,8,-1,8,76,77,-1,8,77,35,-1,44,78,16,-1,16,78,79,-1,16,79,14,-1,14,79,80,-1,14,80,40,-1,74,81,24,-1,24,81,82,-1,24,82,48,-1,48,82,83,-1,48,83,67,-1,84,85,86,-1,86,85,87,-1,19,20,88,-1,89,22,21,-1,21,86,89,-1,89,86,87,-1,89,87,48,-1,9,13,90,-1,48,47,89,-1,89,47,5,-1,89,5,4,-1,91,89,90,-1,90,89,4,-1,90,4,9,-1,19,88,46,-1,64,46,91,-1,91,46,88,-1,91,88,89,-1,89,88,92,-1,89,92,93,-1,93,92,94,-1,93,94,95,-1,95,94,96,-1,97,98,99,-1,99,98,100,-1,99,100,101,-1,101,100,96,-1,101,96,102,-1,102,96,94,-1,103,104,105,-1,105,104,106,-1,105,106,97,-1,97,106,107,-1,97,107,98,-1,104,108,109,-1,109,108,110,-1,109,110,111,-1,111,110,112,-1,111,112,103,-1,103,112,113,-1,103,113,104,-1,104,113,108,-1,113,112,108,-1,108,112,110,-1,18,8,114,-1,18,114,115,-1,115,114,116,-1,115,116,117,-1,117,116,118,-1,117,118,119,-1,119,118,120,-1,120,118,121,-1,120,121,122,-1,121,123,122,-1,122,123,124,-1,122,124,125,-1,125,124,126,-1,125,126,127,-1,127,126,128,-1,127,128,129,-1,129,128,109,-1,129,109,111,-1,20,18,115,-1,20,115,88,-1,88,115,117,-1,88,117,92,-1,92,117,119,-1,92,119,94,-1,94,119,102,-1,102,119,120,-1,102,120,101,-1,101,120,122,-1,101,122,99,-1,99,122,125,-1,99,125,97,-1,125,127,97,-1,97,127,129,-1,97,129,105,-1,105,129,111,-1,105,111,103,-1,104,109,106,-1,106,109,128,-1,106,128,107,-1,107,128,126,-1,107,126,98,-1,98,126,124,-1,98,124,100,-1,124,123,100,-1,100,123,121,-1,100,121,96,-1,96,121,95,-1,121,118,95,-1,95,118,116,-1,95,116,93,-1,93,116,114,-1,93,114,89,-1,89,114,8,-1,89,8,22,-1,
        ]
    }
}
Shape{
    appearance Appearance {
        material  Material 	{
            diffuseColor 0.0 0.0 0.0
            specularColor 0.0 0.0 0.0
            ambientIntensity 0.0
            transparency 0.0
            shininess 0.5
        }
    }
    geometry IndexedFaceSet {
        ccw TRUE
        solid FALSE
        coord DEF co Coordinate {
            point [
                0.2835 -0.0334 0.0004, 0.3031 -0.0411 0.0004, 0.2835 -0.0334 0.0, 0.3031 -0.0411 0.0, 0.3031 -0.0382 0.0004, 0.3031 -0.0382 0.0, 0.2976 -0.0362 0.0004, 0.2976 -0.0362 0.0, 0.2976 -0.0281 0.0004, 0.2976 -0.0281 0.0, 0.3031 -0.0262 0.0004, 0.3031 -0.0262 0.0, 0.3031 -0.0233 0.0004, 0.3031 -0.0233 0.0, 0.2835 -0.0308 0.0004, 0.2835 -0.0308 0.0, 0.2955 -0.0288 0.0004, 0.2872 -0.0317 0.0004, 0.2866 -0.0319 0.0004, 0.2859 -0.032 0.0004, 0.2859 -0.0321 0.0004, 0.2866 -0.0322 0.0004, 0.2872 -0.0324 0.0004, 0.2955 -0.0353 0.0004, 0.2955 -0.0288 0.0, 0.2955 -0.0353 0.0, 0.2872 -0.0317 0.0, 0.2866 -0.0319 0.0, 0.2859 -0.032 0.0, 0.2859 -0.0321 0.0, 0.2866 -0.0322 0.0, 0.2872 -0.0324 0.0, 0.3031 -0.0114 0.0004, 0.3031 -0.0061 0.0004, 0.3031 -0.0114 0.0, 0.3031 -0.0061 0.0, 0.2835 -0.0061 0.0004, 0.2835 -0.0061 0.0, 0.2835 -0.0116 0.0004, 0.2835 -0.0116 0.0, 0.2931 -0.0219 0.0004, 0.2931 -0.0219 0.0, 0.2913 -0.0218 0.0, 0.2913 -0.0218 0.0004, 0.2893 -0.0212 0.0, 0.2893 -0.0212 0.0004, 0.2876 -0.0203 0.0, 0.2876 -0.0203 0.0004, 0.286 -0.0189 0.0, 0.286 -0.0189 0.0004, 0.286 -0.0189 0.0, 0.286 -0.0189 0.0004, 0.2846 -0.0168 0.0, 0.2846 -0.0168 0.0004, 0.2838 -0.0145 0.0, 0.2838 -0.0145 0.0004, 0.3029 -0.0139 0.0, 0.3029 -0.0139 0.0004, 0.3022 -0.0162 0.0, 0.3022 -0.0162 0.0004, 0.301 -0.0182 0.0, 0.301 -0.0182 0.0004, 0.2995 -0.0198 0.0, 0.2995 -0.0198 0.0004, 0.2977 -0.0209 0.0, 0.2977 -0.0209 0.0004, 0.2957 -0.0216 0.0, 0.2957 -0.0216 0.0004, 0.2884 -0.0179 0.0004, 0.2874 -0.017 0.0004, 0.2864 -0.0156 0.0004, 0.2859 -0.0139 0.0004, 0.2856 -0.0116 0.0004, 0.2856 -0.0087 0.0004, 0.301 -0.0087 0.0004, 0.301 -0.0115 0.0004, 0.3008 -0.0136 0.0004, 0.3003 -0.0152 0.0004, 0.2995 -0.0166 0.0004, 0.2984 -0.0177 0.0004, 0.297 -0.0185 0.0004, 0.2955 -0.019 0.0004, 0.2931 -0.0193 0.0004, 0.2912 -0.0191 0.0004, 0.2896 -0.0186 0.0004, 0.2856 -0.0116 0.0, 0.2856 -0.0087 0.0, 0.2859 -0.0139 0.0, 0.2864 -0.0156 0.0, 0.2874 -0.017 0.0, 0.2884 -0.0179 0.0, 0.2896 -0.0186 0.0, 0.2912 -0.0191 0.0, 0.2931 -0.0193 0.0, 0.2955 -0.019 0.0, 0.297 -0.0185 0.0, 0.2984 -0.0177 0.0, 0.2995 -0.0166 0.0, 0.3003 -0.0152 0.0, 0.3008 -0.0136 0.0, 0.301 -0.0115 0.0, 0.301 -0.0087 0.0, 0.301 -0.0022 0.0004, 0.3031 -0.0022 0.0004, 0.301 -0.0022 0.0, 0.3031 -0.0022 0.0, 0.3031 0.0084 0.0004, 0.3031 0.0084 0.0, 0.2835 0.0084 0.0004, 0.2835 0.0084 0.0, 0.2835 -0.0017 0.0004, 0.2835 -0.0017 0.0, 0.2856 -0.0017 0.0004, 0.2856 -0.0017 0.0, 0.2856 0.0057 0.0004, 0.2856 0.0057 0.0, 0.2921 0.0057 0.0004, 0.2921 0.0057 0.0, 0.2921 -0.0013 0.0004, 0.2921 -0.0013 0.0, 0.2943 -0.0013 0.0004, 0.2943 -0.0013 0.0, 0.2943 0.0057 0.0004, 0.2943 0.0057 0.0, 0.301 0.0057 0.0004, 0.301 0.0057 0.0, 0.3 0.0122 0.0004, 0.3021 0.0122 0.0004, 0.3 0.0122 0.0, 0.3021 0.0122 0.0, 0.3034 0.0176 0.0004, 0.3034 0.0176 0.0, 0.3034 0.0171 0.0, 0.3031 0.015 0.0, 0.303 0.0143 0.0004, 0.3034 0.0171 0.0004, 0.303 0.0143 0.0, 0.3031 0.02 0.0, 0.3031 0.02 0.0004, 0.3031 0.02 0.0, 0.3025 0.0219 0.0004, 0.3025 0.0219 0.0, 0.3015 0.0235 0.0004, 0.3015 0.0235 0.0, 0.3 0.025 0.0004, 0.3 0.025 0.0, 0.2981 0.026 0.0004, 0.2981 0.026 0.0, 0.296 0.0266 0.0004, 0.296 0.0266 0.0, 0.2937 0.0268 0.0004, 0.2937 0.0268 0.0, 0.2832 0.0168 0.0004, 0.2832 0.0168 0.0, 0.2834 0.0188 0.0, 0.2834 0.0188 0.0004, 0.284 0.021 0.0, 0.284 0.021 0.0004, 0.2851 0.0228 0.0, 0.2851 0.0228 0.0004, 0.2868 0.0246 0.0, 0.2868 0.0246 0.0004, 0.2886 0.0258 0.0, 0.2886 0.0258 0.0004, 0.2909 0.0266 0.0, 0.2909 0.0266 0.0004, 0.284 0.0122 0.0004, 0.284 0.0122 0.0, 0.2834 0.0145 0.0, 0.2834 0.0145 0.0004, 0.2866 0.0122 0.0004, 0.2866 0.0122 0.0, 0.2854 0.0168 0.0004, 0.2854 0.0168 0.0, 0.2857 0.0144 0.0, 0.2857 0.0144 0.0004, 0.2935 0.0242 0.0004, 0.2935 0.0242 0.0, 0.292 0.0241 0.0, 0.292 0.0241 0.0004, 0.2899 0.0236 0.0, 0.2899 0.0236 0.0004, 0.2884 0.0228 0.0, 0.2884 0.0228 0.0004, 0.287 0.0216 0.0, 0.287 0.0216 0.0004, 0.2861 0.0202 0.0, 0.2861 0.0202 0.0004, 0.2856 0.0187 0.0, 0.2856 0.0187 0.0004, 0.3012 0.0172 0.0004, 0.3012 0.0172 0.0, 0.301 0.0191 0.0, 0.301 0.0191 0.0004, 0.3005 0.0205 0.0, 0.3005 0.0205 0.0004, 0.2997 0.0217 0.0, 0.2997 0.0217 0.0004, 0.2987 0.0226 0.0, 0.2987 0.0226 0.0004, 0.2973 0.0235 0.0, 0.2973 0.0235 0.0004, 0.2956 0.024 0.0, 0.2956 0.024 0.0004, 0.3002 0.0125 0.0, 0.3002 0.0125 0.0004, 0.3009 0.0146 0.0, 0.3009 0.0146 0.0004, 0.301 0.0285 0.0004, 0.3031 0.0285 0.0004, 0.301 0.0285 0.0, 0.3031 0.0285 0.0, 0.3031 0.0386 0.0004, 0.3031 0.0386 0.0, 0.2835 0.0386 0.0004, 0.2835 0.0386 0.0, 0.2835 0.036 0.0004, 0.2835 0.036 0.0, 0.301 0.036 0.0004, 0.301 0.036 0.0
            ]
        }
        coordIndex [
            0,1,2,-1,2,1,3,-1,1,4,3,-1,3,4,5,-1,4,6,5,-1,5,6,7,-1,6,8,7,-1,7,8,9,-1,8,10,9,-1,9,10,11,-1,10,12,11,-1,11,12,13,-1,12,14,13,-1,13,14,15,-1,14,0,15,-1,15,0,2,-1,16,17,14,-1,12,10,8,-1,17,18,14,-1,14,18,19,-1,14,19,0,-1,0,19,20,-1,0,20,21,-1,21,22,0,-1,0,22,23,-1,0,23,1,-1,4,1,6,-1,6,1,23,-1,6,23,8,-1,8,23,16,-1,8,16,12,-1,12,16,14,-1,16,23,24,-1,24,23,25,-1,17,16,26,-1,26,16,24,-1,17,26,27,-1,17,27,18,-1,18,27,28,-1,18,28,19,-1,20,19,29,-1,29,19,28,-1,20,29,30,-1,20,30,21,-1,21,30,31,-1,21,31,22,-1,23,22,25,-1,25,22,31,-1,32,33,34,-1,34,33,35,-1,33,36,35,-1,35,36,37,-1,36,38,37,-1,37,38,39,-1,40,41,42,-1,40,42,43,-1,43,42,44,-1,43,44,45,-1,45,44,46,-1,45,46,47,-1,47,46,48,-1,47,48,49,-1,49,48,50,-1,49,50,51,-1,51,50,52,-1,51,52,53,-1,53,52,54,-1,53,54,55,-1,55,54,39,-1,55,39,38,-1,32,34,56,-1,32,56,57,-1,57,56,58,-1,57,58,59,-1,59,58,60,-1,59,60,61,-1,61,60,62,-1,61,62,63,-1,63,62,64,-1,63,64,65,-1,65,64,66,-1,65,66,67,-1,67,66,41,-1,67,41,40,-1,45,47,68,-1,68,47,49,-1,68,49,69,-1,69,49,51,-1,69,51,70,-1,70,51,53,-1,70,53,71,-1,71,53,55,-1,71,55,72,-1,72,55,38,-1,72,38,73,-1,73,38,36,-1,73,36,74,-1,74,36,33,-1,74,33,75,-1,75,33,32,-1,75,32,76,-1,76,32,57,-1,76,57,77,-1,77,57,59,-1,77,59,78,-1,78,59,61,-1,78,61,79,-1,79,61,63,-1,79,63,80,-1,80,63,65,-1,80,65,81,-1,81,65,67,-1,81,67,82,-1,82,67,40,-1,82,40,83,-1,83,40,43,-1,83,43,84,-1,84,43,45,-1,84,45,68,-1,72,73,85,-1,85,73,86,-1,72,85,87,-1,72,87,71,-1,71,87,88,-1,71,88,70,-1,70,88,89,-1,70,89,69,-1,69,89,90,-1,69,90,68,-1,68,90,91,-1,68,91,84,-1,84,91,92,-1,84,92,83,-1,83,92,93,-1,83,93,82,-1,82,93,94,-1,82,94,81,-1,81,94,95,-1,81,95,80,-1,80,95,96,-1,80,96,79,-1,79,96,97,-1,79,97,78,-1,78,97,98,-1,78,98,77,-1,77,98,99,-1,77,99,76,-1,76,99,100,-1,76,100,75,-1,74,75,101,-1,101,75,100,-1,73,74,86,-1,86,74,101,-1,102,103,104,-1,104,103,105,-1,103,106,105,-1,105,106,107,-1,106,108,107,-1,107,108,109,-1,108,110,109,-1,109,110,111,-1,110,112,111,-1,111,112,113,-1,112,114,113,-1,113,114,115,-1,114,116,115,-1,115,116,117,-1,116,118,117,-1,117,118,119,-1,118,120,119,-1,119,120,121,-1,120,122,121,-1,121,122,123,-1,122,124,123,-1,123,124,125,-1,124,102,125,-1,125,102,104,-1,106,103,102,-1,102,124,106,-1,106,124,122,-1,106,122,108,-1,112,110,114,-1,114,110,108,-1,114,108,116,-1,116,108,122,-1,116,122,118,-1,118,122,120,-1,126,127,128,-1,128,127,129,-1,130,131,132,-1,133,134,132,-1,132,134,135,-1,132,135,130,-1,133,136,134,-1,134,136,129,-1,134,129,127,-1,131,130,137,-1,137,130,138,-1,137,138,139,-1,139,138,140,-1,139,140,141,-1,141,140,142,-1,141,142,143,-1,143,142,144,-1,143,144,145,-1,145,144,146,-1,145,146,147,-1,147,146,148,-1,147,148,149,-1,149,148,150,-1,149,150,151,-1,152,153,154,-1,152,154,155,-1,155,154,156,-1,155,156,157,-1,157,156,158,-1,157,158,159,-1,159,158,160,-1,159,160,161,-1,161,160,162,-1,161,162,163,-1,163,162,164,-1,163,164,165,-1,165,164,151,-1,165,151,150,-1,166,167,168,-1,166,168,169,-1,169,168,153,-1,169,153,152,-1,166,170,167,-1,167,170,171,-1,172,173,174,-1,172,174,175,-1,175,174,171,-1,175,171,170,-1,176,177,178,-1,176,178,179,-1,179,178,180,-1,179,180,181,-1,181,180,182,-1,181,182,183,-1,183,182,184,-1,183,184,185,-1,185,184,186,-1,185,186,187,-1,187,186,188,-1,187,188,189,-1,189,188,173,-1,189,173,172,-1,190,191,192,-1,190,192,193,-1,193,192,194,-1,193,194,195,-1,195,194,196,-1,195,196,197,-1,197,196,198,-1,197,198,199,-1,199,198,200,-1,199,200,201,-1,201,200,202,-1,201,202,203,-1,203,202,177,-1,203,177,176,-1,126,128,204,-1,126,204,205,-1,205,204,206,-1,205,206,207,-1,207,206,191,-1,207,191,190,-1,193,130,190,-1,190,130,135,-1,190,135,207,-1,207,135,134,-1,207,134,205,-1,205,134,127,-1,205,127,126,-1,170,166,175,-1,175,166,169,-1,175,169,172,-1,172,169,152,-1,172,152,189,-1,189,152,155,-1,189,155,187,-1,187,155,157,-1,187,157,185,-1,185,157,159,-1,185,159,183,-1,183,159,161,-1,183,161,181,-1,181,161,163,-1,181,163,179,-1,179,163,165,-1,179,165,176,-1,176,165,150,-1,176,150,203,-1,203,150,148,-1,203,148,201,-1,201,148,146,-1,201,146,199,-1,199,146,144,-1,199,144,197,-1,197,144,142,-1,197,142,195,-1,195,142,140,-1,195,140,193,-1,193,140,138,-1,193,138,130,-1,208,209,210,-1,210,209,211,-1,209,212,211,-1,211,212,213,-1,212,214,213,-1,213,214,215,-1,214,216,215,-1,215,216,217,-1,216,218,217,-1,217,218,219,-1,218,208,219,-1,219,208,210,-1,216,214,218,-1,218,214,212,-1,218,212,208,-1,208,212,209,-1,
        ]
    }
}
Shape{
    appearance Appearance {
        material  Material 	{
            diffuseColor 1.0 1.0 1.0
            specularColor 0.5019607843137255 0.5019607843137255 0.5019607843137255
            ambientIntensity 1.0
            transparency 0.0
            shininess 0.5
        }
    }
    geometry IndexedFaceSet {
        ccw TRUE
        solid FALSE
        coord DEF co Coordinate {
            point [
                0.2955 -0.0288 0.0, 0.2955 -0.0353 0.0, 0.2872 -0.0317 0.0, 0.2872 -0.0324 0.0, 0.2866 -0.0319 0.0, 0.2866 -0.0322 0.0, 0.2859 -0.032 0.0, 0.2859 -0.0321 0.0, 0.2856 -0.0087 0.0, 0.301 -0.0087 0.0, 0.2856 -0.0116 0.0, 0.301 -0.0115 0.0, 0.2955 -0.019 0.0, 0.2931 -0.0193 0.0, 0.2912 -0.0191 0.0, 0.2896 -0.0186 0.0, 0.2859 -0.0139 0.0, 0.3008 -0.0136 0.0, 0.3003 -0.0152 0.0, 0.2995 -0.0166 0.0, 0.2884 -0.0179 0.0, 0.2874 -0.017 0.0, 0.2864 -0.0156 0.0, 0.2984 -0.0177 0.0, 0.297 -0.0185 0.0
            ]
        }
        coordIndex [
            0,1,2,-1,2,1,3,-1,2,3,4,-1,4,3,5,-1,4,5,6,-1,6,5,7,-1,8,9,10,-1,10,9,11,-1,12,13,10,-1,13,14,10,-1,10,14,15,-1,10,15,16,-1,11,17,10,-1,10,17,18,-1,10,18,19,-1,20,21,15,-1,15,21,22,-1,15,22,16,-1,19,23,10,-1,10,23,24,-1,10,24,12,-1,
        ]
    }
}